A_impress_100,1233476865_1,1,0.009773,0.008263,0.251059
A_impress_100,1233476865_1,2,0.009032,0.007755,0.227641
A_impress_100,1233476865_1,3,0.008873,0.007717,0.215632
A_impress_100,1233476865_1,4,0.008747,0.007683,0.206424
A_impress_100,1233476865_1,5,0.008629,0.007641,0.198771
A_impress_100,1233476865_1,6,0.008535,0.007607,0.192831
A_impress_100,1233476865_1,7,0.008448,0.007572,0.187599
A_impress_100,1233476865_1,8,0.00838,0.007545,0.183444
A_impress_100,1233476865_1,9,0.008307,0.007511,0.179561
A_impress_100,1233476865_1,10,0.008248,0.007488,0.176022
A_impress_100,1233476865_1,11,0.008185,0.007458,0.172732
A_impress_100,1233476865_1,12,0.008127,0.007431,0.169595
A_impress_100,1233476865_1,13,0.008081,0.007412,0.166942
A_impress_100,1233476865_1,14,0.00803,0.007385,0.164439
A_impress_100,1233476865_1,15,0.007976,0.007355,0.162106
A_impress_100,1233476865_1,16,0.007931,0.007332,0.159955
A_impress_100,1233476865_1,17,0.007889,0.007309,0.158012
A_impress_100,1233476865_1,18,0.007848,0.007286,0.156168
A_impress_100,1233476865_1,19,0.007807,0.007263,0.154408
A_impress_100,1233476865_1,20,0.007775,0.007248,0.152723
A_impress_100,1233476865_1,21,0.007736,0.007225,0.151091
A_impress_100,1233476865_1,22,0.007708,0.00721,0.149849
A_impress_100,1233476865_1,23,0.007681,0.007195,0.148639
A_impress_100,1233476865_1,24,0.007654,0.007179,0.147463
A_impress_100,1233476865_1,25,0.007627,0.007164,0.146325
A_impress_100,1233476865_1,26,0.007605,0.007153,0.145224
A_impress_100,1233476865_1,27,0.007579,0.007137,0.144154
A_impress_100,1233476865_1,28,0.007554,0.007122,0.143158
A_impress_100,1233476865_1,29,0.007529,0.007107,0.142197
A_impress_100,1233476865_1,30,0.007508,0.007095,0.14126
A_impress_100,1233476865_1,31,0.007484,0.00708,0.140356
A_impress_100,1233476865_1,32,0.00746,0.007065,0.139476
A_impress_100,1233476865_1,33,0.007445,0.007057,0.138734
A_impress_100,1233476865_1,34,0.007426,0.007046,0.138013
A_impress_100,1233476865_1,35,0.007407,0.007034,0.137311
A_impress_100,1233476865_1,36,0.007389,0.007023,0.136653
A_impress_100,1233476865_1,37,0.007375,0.007015,0.136027
A_impress_100,1233476865_1,38,0.007358,0.007004,0.135419
A_impress_100,1233476865_1,39,0.007337,0.006989,0.134827
A_impress_100,1233476865_1,40,0.007323,0.006981,0.134247
A_impress_100,1233476865_1,41,0.007311,0.006973,0.133798
A_impress_100,1233476865_1,42,0.007299,0.006966,0.133358
A_impress_100,1233476865_1,43,0.007287,0.006958,0.132927
A_impress_100,1233476865_1,44,0.007275,0.00695,0.13251
A_impress_100,1233476865_1,45,0.007268,0.006947,0.132109
A_impress_100,1233476865_1,46,0.007252,0.006935,0.131724
A_impress_100,1233476865_1,47,0.007245,0.006931,0.131385
A_impress_100,1233476865_1,48,0.007234,0.006924,0.131056
A_impress_100,1233476865_1,49,0.007227,0.00692,0.130734
A_impress_100,1233476865_1,50,0.007216,0.006912,0.130422
A_impress_100,1233476865_1,51,0.007206,0.006905,0.130114
A_impress_100,1233476865_1,52,0.0072,0.006901,0.129895
A_impress_100,1233476865_1,53,0.007194,0.006897,0.12968
A_impress_100,1233476865_1,54,0.007184,0.006889,0.129471
A_impress_100,1233476865_1,55,0.007178,0.006886,0.129277
A_impress_100,1233476865_1,56,0.007173,0.006882,0.129087
A_impress_100,1233476865_1,57,0.007163,0.006874,0.128907
A_impress_100,1233476865_1,58,0.007158,0.00687,0.128754
A_impress_100,1233476865_1,59,0.007156,0.00687,0.128605
A_impress_100,1233476865_1,60,0.007151,0.006866,0.128464
A_impress_100,1233476865_1,61,0.00715,0.006866,0.128329
A_impress_100,1233476865_1,62,0.007145,0.006863,0.128197
A_impress_100,1233476865_1,63,0.00714,0.006859,0.128095
A_impress_100,1233476865_1,64,0.007135,0.006855,0.127997
A_impress_100,1233476865_1,65,0.00713,0.006851,0.127903
A_impress_100,1233476865_1,66,0.007129,0.006851,0.127818
A_impress_100,1233476865_1,67,0.007125,0.006847,0.127735
A_impress_100,1233476865_1,68,0.007124,0.006847,0.127653
A_impress_100,1233476865_1,69,0.007123,0.006847,0.127596
A_impress_100,1233476865_1,70,0.007119,0.006844,0.12754
A_impress_100,1233476865_1,71,0.007118,0.006844,0.127487
A_impress_100,1233476865_1,72,0.007118,0.006844,0.127437
A_impress_100,1233476865_1,73,0.007114,0.00684,0.127395
A_impress_100,1233476865_1,74,0.007113,0.00684,0.127356
A_impress_100,1233476865_1,75,0.007113,0.00684,0.127318
A_impress_100,1233476865_1,76,0.007113,0.00684,0.12729
A_impress_100,1233476865_1,77,0.007112,0.00684,0.127264
A_impress_100,1233476865_1,78,0.007108,0.006836,0.127241
A_impress_100,1233476865_1,79,0.007108,0.006836,0.127225
A_impress_100,1233476865_1,80,0.007108,0.006836,0.127209
A_impress_100,1233476865_1,81,0.007108,0.006836,0.127195
A_impress_100,1233476865_1,82,0.007104,0.006832,0.127184
A_impress_100,1233476865_1,83,0.007104,0.006832,0.127173
A_impress_100,1233476865_1,84,0.007104,0.006832,0.127166
A_impress_100,1233476865_1,85,0.007104,0.006832,0.127159
A_impress_100,1233476865_1,86,0.007104,0.006832,0.127155
A_impress_100,1233476865_1,87,0.007104,0.006832,0.127151
A_impress_100,1233476865_1,88,0.0071,0.006828,0.127148
A_impress_100,1233476865_1,89,0.007107,0.006836,0.127145
A_impress_100,1233476865_1,90,0.007107,0.006836,0.127143
A_impress_100,1233476865_1,91,0.007107,0.006836,0.127142
A_impress_100,1233476865_1,92,0.007104,0.006832,0.127141
A_impress_100,1233476865_1,93,0.007104,0.006832,0.12714
A_impress_100,1233476865_1,94,0.0071,0.006828,0.12714
A_impress_100,1233476865_1,95,0.007107,0.006836,0.12714
A_impress_100,1233476865_1,96,0.007107,0.006836,0.127139
A_impress_100,1233476865_1,97,0.007107,0.006836,0.127139
A_impress_100,1233476865_1,98,0.007107,0.006836,0.127139
A_impress_100,1233476865_1,99,0.007104,0.006832,0.127139
A_impress_100,1233476865_1,100,0.007107,0.006836,0.127139
A_impress_100,1525918600_1,1,0.008942,0.007114,0.282765
A_impress_100,1525918600_1,2,0.00864,0.006996,0.264432
A_impress_100,1525918600_1,3,0.00853,0.006981,0.254924
A_impress_100,1525918600_1,4,0.008434,0.006958,0.247638
A_impress_100,1525918600_1,5,0.008354,0.006939,0.241494
A_impress_100,1525918600_1,6,0.008285,0.00692,0.236529
A_impress_100,1525918600_1,7,0.008217,0.006897,0.231975
A_impress_100,1525918600_1,8,0.008162,0.006878,0.228416
A_impress_100,1525918600_1,9,0.00811,0.006859,0.225095
A_impress_100,1525918600_1,10,0.008061,0.00684,0.222114
A_impress_100,1525918600_1,11,0.008015,0.006821,0.219383
A_impress_100,1525918600_1,12,0.00797,0.006802,0.216839
A_impress_100,1525918600_1,13,0.007934,0.006786,0.214757
A_impress_100,1525918600_1,14,0.007887,0.00676,0.212735
A_impress_100,1525918600_1,15,0.00786,0.006752,0.210802
A_impress_100,1525918600_1,16,0.007823,0.006733,0.208998
A_impress_100,1525918600_1,17,0.007799,0.006725,0.207362
A_impress_100,1525918600_1,18,0.007772,0.006714,0.205796
A_impress_100,1525918600_1,19,0.007745,0.006702,0.204289
A_impress_100,1525918600_1,20,0.007715,0.006687,0.202827
A_impress_100,1525918600_1,21,0.00769,0.006676,0.20141
A_impress_100,1525918600_1,22,0.007668,0.006664,0.200371
A_impress_100,1525918600_1,23,0.00765,0.006657,0.199362
A_impress_100,1525918600_1,24,0.007629,0.006645,0.19839
A_impress_100,1525918600_1,25,0.007612,0.006638,0.197452
A_impress_100,1525918600_1,26,0.007588,0.006622,0.196543
A_impress_100,1525918600_1,27,0.007571,0.006615,0.195652
A_impress_100,1525918600_1,28,0.007552,0.006603,0.194827
A_impress_100,1525918600_1,29,0.007536,0.006596,0.194028
A_impress_100,1525918600_1,30,0.007517,0.006584,0.193243
A_impress_100,1525918600_1,31,0.007501,0.006577,0.19248
A_impress_100,1525918600_1,32,0.007482,0.006565,0.191729
A_impress_100,1525918600_1,33,0.007468,0.006557,0.191103
A_impress_100,1525918600_1,34,0.007455,0.00655,0.19049
A_impress_100,1525918600_1,35,0.007445,0.006546,0.189896
A_impress_100,1525918600_1,36,0.007424,0.006531,0.189341
A_impress_100,1525918600_1,37,0.007415,0.006527,0.188813
A_impress_100,1525918600_1,38,0.007398,0.006516,0.188296
A_impress_100,1525918600_1,39,0.007386,0.006508,0.187788
A_impress_100,1525918600_1,40,0.007369,0.006496,0.187285
A_impress_100,1525918600_1,41,0.007362,0.006493,0.186911
A_impress_100,1525918600_1,42,0.007354,0.006489,0.186539
A_impress_100,1525918600_1,43,0.007343,0.006481,0.186173
A_impress_100,1525918600_1,44,0.007336,0.006477,0.185817
A_impress_100,1525918600_1,45,0.007324,0.00647,0.185473
A_impress_100,1525918600_1,46,0.007314,0.006462,0.185144
A_impress_100,1525918600_1,47,0.007307,0.006458,0.184857
A_impress_100,1525918600_1,48,0.007296,0.006451,0.184575
A_impress_100,1525918600_1,49,0.00729,0.006447,0.1843
A_impress_100,1525918600_1,50,0.00728,0.006439,0.184032
A_impress_100,1525918600_1,51,0.007273,0.006435,0.183766
A_impress_100,1525918600_1,52,0.007267,0.006432,0.183588
A_impress_100,1525918600_1,53,0.00727,0.006435,0.183411
A_impress_100,1525918600_1,54,0.00726,0.006428,0.183239
A_impress_100,1525918600_1,55,0.007259,0.006428,0.183082
A_impress_100,1525918600_1,56,0.007249,0.00642,0.182926
A_impress_100,1525918600_1,57,0.007252,0.006424,0.182777
A_impress_100,1525918600_1,58,0.007247,0.00642,0.182659
A_impress_100,1525918600_1,59,0.007242,0.006416,0.182542
A_impress_100,1525918600_1,60,0.007241,0.006416,0.182432
A_impress_100,1525918600_1,61,0.007236,0.006413,0.182327
A_impress_100,1525918600_1,62,0.007231,0.006409,0.182224
A_impress_100,1525918600_1,63,0.00723,0.006409,0.182151
A_impress_100,1525918600_1,64,0.007229,0.006409,0.18208
A_impress_100,1525918600_1,65,0.007225,0.006405,0.182013
A_impress_100,1525918600_1,66,0.007224,0.006405,0.181954
A_impress_100,1525918600_1,67,0.007224,0.006405,0.181896
A_impress_100,1525918600_1,68,0.007219,0.006401,0.18184
A_impress_100,1525918600_1,69,0.007219,0.006401,0.181804
A_impress_100,1525918600_1,70,0.007219,0.006401,0.181768
A_impress_100,1525918600_1,71,0.007215,0.006397,0.181735
A_impress_100,1525918600_1,72,0.007214,0.006397,0.181703
A_impress_100,1525918600_1,73,0.007214,0.006397,0.181679
A_impress_100,1525918600_1,74,0.007214,0.006397,0.181657
A_impress_100,1525918600_1,75,0.007214,0.006397,0.181635
A_impress_100,1525918600_1,76,0.007217,0.006401,0.18162
A_impress_100,1525918600_1,77,0.007213,0.006397,0.181605
A_impress_100,1525918600_1,78,0.007213,0.006397,0.181593
A_impress_100,1525918600_1,79,0.007213,0.006397,0.181585
A_impress_100,1525918600_1,80,0.007213,0.006397,0.181578
A_impress_100,1525918600_1,81,0.007209,0.006393,0.181571
A_impress_100,1525918600_1,82,0.007213,0.006397,0.181566
A_impress_100,1525918600_1,83,0.007209,0.006393,0.181561
A_impress_100,1525918600_1,84,0.007209,0.006393,0.181558
A_impress_100,1525918600_1,85,0.007209,0.006393,0.181555
A_impress_100,1525918600_1,86,0.007209,0.006393,0.181553
A_impress_100,1525918600_1,87,0.007209,0.006393,0.181552
A_impress_100,1525918600_1,88,0.007209,0.006393,0.18155
A_impress_100,1525918600_1,89,0.007213,0.006397,0.181549
A_impress_100,1525918600_1,90,0.007213,0.006397,0.181549
A_impress_100,1525918600_1,91,0.007209,0.006393,0.181548
A_impress_100,1525918600_1,92,0.007213,0.006397,0.181548
A_impress_100,1525918600_1,93,0.007213,0.006397,0.181547
A_impress_100,1525918600_1,94,0.007209,0.006393,0.181547
A_impress_100,1525918600_1,95,0.007209,0.006393,0.181547
A_impress_100,1525918600_1,96,0.007213,0.006397,0.181547
A_impress_100,1525918600_1,97,0.007213,0.006397,0.181547
A_impress_100,1525918600_1,98,0.007213,0.006397,0.181547
A_impress_100,1525918600_1,99,0.007213,0.006397,0.181547
A_impress_100,1525918600_1,100,0.007213,0.006397,0.181547
A_impress_100,178046512_1,1,0.01025,0.008186,0.306356
A_impress_100,178046512_1,2,0.010035,0.008141,0.289456
A_impress_100,178046512_1,3,0.009879,0.008102,0.277708
A_impress_100,178046512_1,4,0.009776,0.00808,0.269663
A_impress_100,178046512_1,5,0.009688,0.008057,0.263104
A_impress_100,178046512_1,6,0.009611,0.008034,0.257747
A_impress_100,178046512_1,7,0.009539,0.008011,0.252844
A_impress_100,178046512_1,8,0.009485,0.007996,0.248983
A_impress_100,178046512_1,9,0.009427,0.007973,0.245447
A_impress_100,178046512_1,10,0.009372,0.00795,0.242234
A_impress_100,178046512_1,11,0.009328,0.007935,0.239298
A_impress_100,178046512_1,12,0.009277,0.007912,0.236532
A_impress_100,178046512_1,13,0.009246,0.007904,0.234212
A_impress_100,178046512_1,14,0.009209,0.007889,0.231992
A_impress_100,178046512_1,15,0.009172,0.007874,0.229864
A_impress_100,178046512_1,16,0.009129,0.007851,0.227845
A_impress_100,178046512_1,17,0.009088,0.007828,0.225976
A_impress_100,178046512_1,18,0.009054,0.007812,0.224171
A_impress_100,178046512_1,19,0.009022,0.007797,0.222432
A_impress_100,178046512_1,20,0.008989,0.007782,0.220745
A_impress_100,178046512_1,21,0.008962,0.007771,0.2191
A_impress_100,178046512_1,22,0.00893,0.007751,0.217852
A_impress_100,178046512_1,23,0.00891,0.007744,0.216633
A_impress_100,178046512_1,24,0.008879,0.007725,0.215449
A_impress_100,178046512_1,25,0.008856,0.007713,0.2143
A_impress_100,178046512_1,26,0.008838,0.007706,0.21319
A_impress_100,178046512_1,27,0.008815,0.007694,0.212104
A_impress_100,178046512_1,28,0.008786,0.007675,0.211085
A_impress_100,178046512_1,29,0.008761,0.00766,0.210101
A_impress_100,178046512_1,30,0.008744,0.007652,0.209134
A_impress_100,178046512_1,31,0.008719,0.007637,0.208197
A_impress_100,178046512_1,32,0.008698,0.007626,0.207282
A_impress_100,178046512_1,33,0.008679,0.007614,0.206506
A_impress_100,178046512_1,34,0.00866,0.007603,0.205747
A_impress_100,178046512_1,35,0.008641,0.007591,0.205002
A_impress_100,178046512_1,36,0.008627,0.007584,0.2043
A_impress_100,178046512_1,37,0.008605,0.007568,0.203626
A_impress_100,178046512_1,38,0.00859,0.007561,0.202965
A_impress_100,178046512_1,39,0.008576,0.007553,0.202319
A_impress_100,178046512_1,40,0.008558,0.007542,0.201683
A_impress_100,178046512_1,41,0.008546,0.007534,0.201192
A_impress_100,178046512_1,42,0.00853,0.007523,0.200707
A_impress_100,178046512_1,43,0.008517,0.007515,0.200231
A_impress_100,178046512_1,44,0.008505,0.007507,0.199769
A_impress_100,178046512_1,45,0.008497,0.007504,0.199322
A_impress_100,178046512_1,46,0.008485,0.007496,0.198891
A_impress_100,178046512_1,47,0.008473,0.007488,0.198506
A_impress_100,178046512_1,48,0.008462,0.007481,0.198128
A_impress_100,178046512_1,49,0.008454,0.007477,0.197758
A_impress_100,178046512_1,50,0.008443,0.007469,0.197397
A_impress_100,178046512_1,51,0.008432,0.007462,0.197041
A_impress_100,178046512_1,52,0.008426,0.007458,0.196793
A_impress_100,178046512_1,53,0.008419,0.007454,0.196547
A_impress_100,178046512_1,54,0.008413,0.00745,0.196309
A_impress_100,178046512_1,55,0.008411,0.00745,0.196088
A_impress_100,178046512_1,56,0.008401,0.007442,0.195871
A_impress_100,178046512_1,57,0.008399,0.007442,0.195663
A_impress_100,178046512_1,58,0.00839,0.007435,0.195492
A_impress_100,178046512_1,59,0.008388,0.007435,0.195323
A_impress_100,178046512_1,60,0.008383,0.007431,0.195164
A_impress_100,178046512_1,61,0.008377,0.007427,0.195012
A_impress_100,178046512_1,62,0.008372,0.007423,0.194863
A_impress_100,178046512_1,63,0.008371,0.007423,0.194752
A_impress_100,178046512_1,64,0.008366,0.00742,0.194644
A_impress_100,178046512_1,65,0.008365,0.00742,0.194542
A_impress_100,178046512_1,66,0.00836,0.007416,0.194451
A_impress_100,178046512_1,67,0.008359,0.007416,0.194363
A_impress_100,178046512_1,68,0.008355,0.007412,0.194276
A_impress_100,178046512_1,69,0.008354,0.007412,0.194218
A_impress_100,178046512_1,70,0.008354,0.007412,0.194162
A_impress_100,178046512_1,71,0.008353,0.007412,0.19411
A_impress_100,178046512_1,72,0.008349,0.007408,0.19406
A_impress_100,178046512_1,73,0.008348,0.007408,0.19402
A_impress_100,178046512_1,74,0.008348,0.007408,0.193984
A_impress_100,178046512_1,75,0.008348,0.007408,0.193948
A_impress_100,178046512_1,76,0.008347,0.007408,0.193924
A_impress_100,178046512_1,77,0.008343,0.007404,0.1939
A_impress_100,178046512_1,78,0.008347,0.007408,0.19388
A_impress_100,178046512_1,79,0.008343,0.007404,0.193867
A_impress_100,178046512_1,80,0.008347,0.007408,0.193855
A_impress_100,178046512_1,81,0.008347,0.007408,0.193843
A_impress_100,178046512_1,82,0.008346,0.007408,0.193834
A_impress_100,178046512_1,83,0.008343,0.007404,0.193826
A_impress_100,178046512_1,84,0.008343,0.007404,0.193821
A_impress_100,178046512_1,85,0.008346,0.007408,0.193816
A_impress_100,178046512_1,86,0.008342,0.007404,0.193813
A_impress_100,178046512_1,87,0.008342,0.007404,0.19381
A_impress_100,178046512_1,88,0.008342,0.007404,0.193808
A_impress_100,178046512_1,89,0.008342,0.007404,0.193806
A_impress_100,178046512_1,90,0.008342,0.007404,0.193805
A_impress_100,178046512_1,91,0.008342,0.007404,0.193804
A_impress_100,178046512_1,92,0.008342,0.007404,0.193803
A_impress_100,178046512_1,93,0.008342,0.007404,0.193803
A_impress_100,178046512_1,94,0.008342,0.007404,0.193803
A_impress_100,178046512_1,95,0.008342,0.007404,0.193802
A_impress_100,178046512_1,96,0.008342,0.007404,0.193802
A_impress_100,178046512_1,97,0.008342,0.007404,0.193802
A_impress_100,178046512_1,98,0.008346,0.007408,0.193802
A_impress_100,178046512_1,99,0.008342,0.007404,0.193802
A_impress_100,178046512_1,100,0.008342,0.007404,0.193802
A_impress_100,181707205_1,1,0.008185,0.006397,0.278732
A_impress_100,181707205_1,2,0.007724,0.006149,0.257503
A_impress_100,181707205_1,3,0.007565,0.006123,0.244282
A_impress_100,181707205_1,4,0.007451,0.006104,0.234767
A_impress_100,181707205_1,5,0.007351,0.006084,0.226609
A_impress_100,181707205_1,6,0.00727,0.006069,0.220047
A_impress_100,181707205_1,7,0.007186,0.006046,0.213945
A_impress_100,181707205_1,8,0.007122,0.006031,0.209086
A_impress_100,181707205_1,9,0.007059,0.006012,0.204665
A_impress_100,181707205_1,10,0.007012,0.006004,0.200772
A_impress_100,181707205_1,11,0.006968,0.005997,0.197172
A_impress_100,181707205_1,12,0.006927,0.005989,0.193784
A_impress_100,181707205_1,13,0.006888,0.005978,0.191045
A_impress_100,181707205_1,14,0.006855,0.00597,0.188469
A_impress_100,181707205_1,15,0.006819,0.005959,0.186044
A_impress_100,181707205_1,16,0.006777,0.005939,0.183783
A_impress_100,181707205_1,17,0.006738,0.00592,0.181754
A_impress_100,181707205_1,18,0.006711,0.005913,0.179775
A_impress_100,181707205_1,19,0.006676,0.005898,0.177864
A_impress_100,181707205_1,20,0.006642,0.005882,0.17601
A_impress_100,181707205_1,21,0.006609,0.005867,0.1742
A_impress_100,181707205_1,22,0.006588,0.005859,0.172834
A_impress_100,181707205_1,23,0.006559,0.005844,0.171496
A_impress_100,181707205_1,24,0.006538,0.005836,0.170188
A_impress_100,181707205_1,25,0.00651,0.005821,0.168901
A_impress_100,181707205_1,26,0.006494,0.005817,0.167654
A_impress_100,181707205_1,27,0.006474,0.00581,0.16645
A_impress_100,181707205_1,28,0.006456,0.005802,0.165367
A_impress_100,181707205_1,29,0.006438,0.005795,0.164329
A_impress_100,181707205_1,30,0.00642,0.005787,0.16332
A_impress_100,181707205_1,31,0.006399,0.005775,0.162347
A_impress_100,181707205_1,32,0.006382,0.005768,0.161408
A_impress_100,181707205_1,33,0.006371,0.005764,0.160683
A_impress_100,181707205_1,34,0.006352,0.005753,0.159978
A_impress_100,181707205_1,35,0.006338,0.005745,0.159292
A_impress_100,181707205_1,36,0.006324,0.005737,0.158639
A_impress_100,181707205_1,37,0.006314,0.005733,0.158041
A_impress_100,181707205_1,38,0.006297,0.005722,0.157458
A_impress_100,181707205_1,39,0.006287,0.005718,0.156888
A_impress_100,181707205_1,40,0.006274,0.005711,0.156331
A_impress_100,181707205_1,41,0.006262,0.005703,0.155937
A_impress_100,181707205_1,42,0.006251,0.005695,0.155551
A_impress_100,181707205_1,43,0.006243,0.005692,0.155173
A_impress_100,181707205_1,44,0.006236,0.005688,0.154806
A_impress_100,181707205_1,45,0.006229,0.005684,0.154463
A_impress_100,181707205_1,46,0.006218,0.005676,0.154132
A_impress_100,181707205_1,47,0.006211,0.005672,0.153865
A_impress_100,181707205_1,48,0.006205,0.005669,0.153604
A_impress_100,181707205_1,49,0.006198,0.005665,0.153348
A_impress_100,181707205_1,50,0.006192,0.005661,0.153105
A_impress_100,181707205_1,51,0.006186,0.005657,0.152865
A_impress_100,181707205_1,52,0.00618,0.005653,0.152708
A_impress_100,181707205_1,53,0.006175,0.00565,0.152553
A_impress_100,181707205_1,54,0.006174,0.00565,0.152405
A_impress_100,181707205_1,55,0.006165,0.005642,0.152277
A_impress_100,181707205_1,56,0.00616,0.005638,0.152151
A_impress_100,181707205_1,57,0.006158,0.005638,0.152031
A_impress_100,181707205_1,58,0.006154,0.005634,0.15194
A_impress_100,181707205_1,59,0.006157,0.005638,0.151851
A_impress_100,181707205_1,60,0.006152,0.005634,0.151767
A_impress_100,181707205_1,61,0.006147,0.00563,0.151689
A_impress_100,181707205_1,62,0.006147,0.00563,0.151612
A_impress_100,181707205_1,63,0.006142,0.005627,0.151558
A_impress_100,181707205_1,64,0.006142,0.005627,0.151506
A_impress_100,181707205_1,65,0.006141,0.005627,0.151458
A_impress_100,181707205_1,66,0.006141,0.005627,0.151416
A_impress_100,181707205_1,67,0.006137,0.005623,0.151375
A_impress_100,181707205_1,68,0.006132,0.005619,0.151335
A_impress_100,181707205_1,69,0.00614,0.005627,0.151309
A_impress_100,181707205_1,70,0.006136,0.005623,0.151283
A_impress_100,181707205_1,71,0.006135,0.005623,0.15126
A_impress_100,181707205_1,72,0.006131,0.005619,0.151237
A_impress_100,181707205_1,73,0.006131,0.005619,0.15122
A_impress_100,181707205_1,74,0.006131,0.005619,0.151204
A_impress_100,181707205_1,75,0.006131,0.005619,0.151188
A_impress_100,181707205_1,76,0.006131,0.005619,0.151177
A_impress_100,181707205_1,77,0.006131,0.005619,0.151166
A_impress_100,181707205_1,78,0.006131,0.005619,0.151158
A_impress_100,181707205_1,79,0.006131,0.005619,0.151152
A_impress_100,181707205_1,80,0.006127,0.005615,0.151146
A_impress_100,181707205_1,81,0.006127,0.005615,0.151141
A_impress_100,181707205_1,82,0.00613,0.005619,0.151137
A_impress_100,181707205_1,83,0.006127,0.005615,0.151133
A_impress_100,181707205_1,84,0.00613,0.005619,0.151131
A_impress_100,181707205_1,85,0.006127,0.005615,0.151129
A_impress_100,181707205_1,86,0.00613,0.005619,0.151127
A_impress_100,181707205_1,87,0.006126,0.005615,0.151126
A_impress_100,181707205_1,88,0.006126,0.005615,0.151125
A_impress_100,181707205_1,89,0.006126,0.005615,0.151124
A_impress_100,181707205_1,90,0.006126,0.005615,0.151124
A_impress_100,181707205_1,91,0.006126,0.005615,0.151123
A_impress_100,181707205_1,92,0.006126,0.005615,0.151123
A_impress_100,181707205_1,93,0.006126,0.005615,0.151123
A_impress_100,181707205_1,94,0.00613,0.005619,0.151123
A_impress_100,181707205_1,95,0.006126,0.005615,0.151122
A_impress_100,181707205_1,96,0.006126,0.005615,0.151122
A_impress_100,181707205_1,97,0.006126,0.005615,0.151122
A_impress_100,181707205_1,98,0.00613,0.005619,0.151122
A_impress_100,181707205_1,99,0.006126,0.005615,0.151122
A_impress_100,181707205_1,100,0.006126,0.005615,0.151122
A_impress_100,1961032923_1,1,0.008251,0.005848,0.340338
A_impress_100,1961032923_1,2,0.008038,0.005798,0.323995
A_impress_100,1961032923_1,3,0.007893,0.005775,0.31175
A_impress_100,1961032923_1,4,0.00779,0.00576,0.302972
A_impress_100,1961032923_1,5,0.007697,0.005745,0.295235
A_impress_100,1961032923_1,6,0.007614,0.005726,0.288784
A_impress_100,1961032923_1,7,0.007534,0.005707,0.282682
A_impress_100,1961032923_1,8,0.007471,0.005692,0.277907
A_impress_100,1961032923_1,9,0.007411,0.005676,0.273446
A_impress_100,1961032923_1,10,0.007356,0.005661,0.26949
A_impress_100,1961032923_1,11,0.007303,0.005646,0.26575
A_impress_100,1961032923_1,12,0.007252,0.00563,0.262155
A_impress_100,1961032923_1,13,0.007211,0.005619,0.259233
A_impress_100,1961032923_1,14,0.007164,0.0056,0.256369
A_impress_100,1961032923_1,15,0.00712,0.005585,0.253574
A_impress_100,1961032923_1,16,0.007079,0.005569,0.250936
A_impress_100,1961032923_1,17,0.00704,0.005554,0.248587
A_impress_100,1961032923_1,18,0.007006,0.005543,0.246313
A_impress_100,1961032923_1,19,0.006969,0.005527,0.244143
A_impress_100,1961032923_1,20,0.00694,0.00552,0.242058
A_impress_100,1961032923_1,21,0.006905,0.005505,0.240039
A_impress_100,1961032923_1,22,0.006883,0.005497,0.238567
A_impress_100,1961032923_1,23,0.006853,0.005482,0.237133
A_impress_100,1961032923_1,24,0.006831,0.005474,0.23574
A_impress_100,1961032923_1,25,0.006799,0.005455,0.234381
A_impress_100,1961032923_1,26,0.006778,0.005447,0.233063
A_impress_100,1961032923_1,27,0.006754,0.005436,0.231774
A_impress_100,1961032923_1,28,0.006731,0.005424,0.230603
A_impress_100,1961032923_1,29,0.006708,0.005413,0.229474
A_impress_100,1961032923_1,30,0.006685,0.005402,0.228367
A_impress_100,1961032923_1,31,0.006667,0.005394,0.227288
A_impress_100,1961032923_1,32,0.006649,0.005386,0.226233
A_impress_100,1961032923_1,33,0.006633,0.005379,0.225424
A_impress_100,1961032923_1,34,0.006614,0.005367,0.224634
A_impress_100,1961032923_1,35,0.006602,0.005363,0.22386
A_impress_100,1961032923_1,36,0.006579,0.005348,0.22312
A_impress_100,1961032923_1,37,0.006569,0.005344,0.222437
A_impress_100,1961032923_1,38,0.006554,0.005337,0.221768
A_impress_100,1961032923_1,39,0.00654,0.005329,0.221114
A_impress_100,1961032923_1,40,0.00653,0.005325,0.220472
A_impress_100,1961032923_1,41,0.006522,0.005322,0.220029
A_impress_100,1961032923_1,42,0.00651,0.005314,0.219594
A_impress_100,1961032923_1,43,0.006498,0.005306,0.219167
A_impress_100,1961032923_1,44,0.00649,0.005302,0.21875
A_impress_100,1961032923_1,45,0.006482,0.005299,0.218359
A_impress_100,1961032923_1,46,0.006475,0.005295,0.21798
A_impress_100,1961032923_1,47,0.006468,0.005291,0.217677
A_impress_100,1961032923_1,48,0.006465,0.005291,0.21738
A_impress_100,1961032923_1,49,0.006454,0.005283,0.217089
A_impress_100,1961032923_1,50,0.006448,0.00528,0.216811
A_impress_100,1961032923_1,51,0.006441,0.005276,0.216536
A_impress_100,1961032923_1,52,0.006435,0.005272,0.216355
A_impress_100,1961032923_1,53,0.006434,0.005272,0.216177
A_impress_100,1961032923_1,54,0.006428,0.005268,0.216006
A_impress_100,1961032923_1,55,0.006427,0.005268,0.215857
A_impress_100,1961032923_1,56,0.006418,0.00526,0.215711
A_impress_100,1961032923_1,57,0.00642,0.005264,0.215571
A_impress_100,1961032923_1,58,0.006415,0.00526,0.215467
A_impress_100,1961032923_1,59,0.006414,0.00526,0.215365
A_impress_100,1961032923_1,60,0.006409,0.005257,0.215268
A_impress_100,1961032923_1,61,0.006405,0.005253,0.215179
A_impress_100,1961032923_1,62,0.006404,0.005253,0.215091
A_impress_100,1961032923_1,63,0.006403,0.005253,0.215031
A_impress_100,1961032923_1,64,0.006403,0.005253,0.214972
A_impress_100,1961032923_1,65,0.006402,0.005253,0.214918
A_impress_100,1961032923_1,66,0.006394,0.005245,0.214874
A_impress_100,1961032923_1,67,0.006397,0.005249,0.214831
A_impress_100,1961032923_1,68,0.006397,0.005249,0.214789
A_impress_100,1961032923_1,69,0.006393,0.005245,0.214761
A_impress_100,1961032923_1,70,0.006393,0.005245,0.214734
A_impress_100,1961032923_1,71,0.006392,0.005245,0.21471
A_impress_100,1961032923_1,72,0.006388,0.005241,0.214686
A_impress_100,1961032923_1,73,0.006388,0.005241,0.214668
A_impress_100,1961032923_1,74,0.006388,0.005241,0.214651
A_impress_100,1961032923_1,75,0.006388,0.005241,0.214635
A_impress_100,1961032923_1,76,0.006388,0.005241,0.214623
A_impress_100,1961032923_1,77,0.006388,0.005241,0.214612
A_impress_100,1961032923_1,78,0.006387,0.005241,0.214603
A_impress_100,1961032923_1,79,0.006391,0.005245,0.214596
A_impress_100,1961032923_1,80,0.006387,0.005241,0.21459
A_impress_100,1961032923_1,81,0.006387,0.005241,0.214585
A_impress_100,1961032923_1,82,0.006387,0.005241,0.21458
A_impress_100,1961032923_1,83,0.006387,0.005241,0.214576
A_impress_100,1961032923_1,84,0.006387,0.005241,0.214573
A_impress_100,1961032923_1,85,0.006387,0.005241,0.214571
A_impress_100,1961032923_1,86,0.006391,0.005245,0.214569
A_impress_100,1961032923_1,87,0.006387,0.005241,0.214568
A_impress_100,1961032923_1,88,0.006387,0.005241,0.214566
A_impress_100,1961032923_1,89,0.006387,0.005241,0.214565
A_impress_100,1961032923_1,90,0.006391,0.005245,0.214565
A_impress_100,1961032923_1,91,0.006387,0.005241,0.214564
A_impress_100,1961032923_1,92,0.006387,0.005241,0.214564
A_impress_100,1961032923_1,93,0.006387,0.005241,0.214564
A_impress_100,1961032923_1,94,0.006387,0.005241,0.214563
A_impress_100,1961032923_1,95,0.006387,0.005241,0.214563
A_impress_100,1961032923_1,96,0.006387,0.005241,0.214563
A_impress_100,1961032923_1,97,0.006387,0.005241,0.214563
A_impress_100,1961032923_1,98,0.006387,0.005241,0.214563
A_impress_100,1961032923_1,99,0.006387,0.005241,0.214563
A_impress_100,1961032923_1,100,0.006387,0.005241,0.214563
A_impress_100,2061993362_1,1,0.008518,0.006756,0.276233
A_impress_100,2061993362_1,2,0.008055,0.0065,0.255513
A_impress_100,2061993362_1,3,0.007896,0.006477,0.241852
A_impress_100,2061993362_1,4,0.007772,0.006451,0.2321
A_impress_100,2061993362_1,5,0.007673,0.006432,0.224099
A_impress_100,2061993362_1,6,0.007586,0.006409,0.217733
A_impress_100,2061993362_1,7,0.007514,0.006393,0.212084
A_impress_100,2061993362_1,8,0.007459,0.006382,0.207748
A_impress_100,2061993362_1,9,0.007413,0.006374,0.203826
A_impress_100,2061993362_1,10,0.007366,0.006363,0.200338
A_impress_100,2061993362_1,11,0.007323,0.006351,0.197112
A_impress_100,2061993362_1,12,0.00728,0.00634,0.194039
A_impress_100,2061993362_1,13,0.007243,0.006329,0.191473
A_impress_100,2061993362_1,14,0.007203,0.006313,0.188982
A_impress_100,2061993362_1,15,0.007172,0.006306,0.186594
A_impress_100,2061993362_1,16,0.007134,0.00629,0.184346
A_impress_100,2061993362_1,17,0.007098,0.006275,0.182302
A_impress_100,2061993362_1,18,0.007067,0.006264,0.180341
A_impress_100,2061993362_1,19,0.007037,0.006252,0.17847
A_impress_100,2061993362_1,20,0.007008,0.006241,0.176676
A_impress_100,2061993362_1,21,0.006983,0.006233,0.174965
A_impress_100,2061993362_1,22,0.006959,0.006222,0.173706
A_impress_100,2061993362_1,23,0.006939,0.006214,0.172496
A_impress_100,2061993362_1,24,0.006924,0.00621,0.171332
A_impress_100,2061993362_1,25,0.006905,0.006203,0.170211
A_impress_100,2061993362_1,26,0.006886,0.006195,0.169132
A_impress_100,2061993362_1,27,0.006872,0.006191,0.168085
A_impress_100,2061993362_1,28,0.006855,0.006184,0.167116
A_impress_100,2061993362_1,29,0.006838,0.006176,0.166182
A_impress_100,2061993362_1,30,0.006821,0.006168,0.165267
A_impress_100,2061993362_1,31,0.006805,0.006161,0.16438
A_impress_100,2061993362_1,32,0.006788,0.006153,0.163511
A_impress_100,2061993362_1,33,0.00677,0.006142,0.162797
A_impress_100,2061993362_1,34,0.006759,0.006138,0.1621
A_impress_100,2061993362_1,35,0.006748,0.006134,0.161419
A_impress_100,2061993362_1,36,0.006734,0.006126,0.160782
A_impress_100,2061993362_1,37,0.006724,0.006123,0.16018
A_impress_100,2061993362_1,38,0.006711,0.006115,0.159594
A_impress_100,2061993362_1,39,0.006698,0.006107,0.159021
A_impress_100,2061993362_1,40,0.006684,0.0061,0.158461
A_impress_100,2061993362_1,41,0.00668,0.0061,0.158041
A_impress_100,2061993362_1,42,0.006668,0.006092,0.157628
A_impress_100,2061993362_1,43,0.006657,0.006084,0.157223
A_impress_100,2061993362_1,44,0.006645,0.006077,0.156829
A_impress_100,2061993362_1,45,0.006638,0.006073,0.156451
A_impress_100,2061993362_1,46,0.006626,0.006065,0.156087
A_impress_100,2061993362_1,47,0.006619,0.006062,0.155766
A_impress_100,2061993362_1,48,0.006612,0.006058,0.155452
A_impress_100,2061993362_1,49,0.006602,0.00605,0.155143
A_impress_100,2061993362_1,50,0.006595,0.006046,0.154844
A_impress_100,2061993362_1,51,0.006584,0.006039,0.154549
A_impress_100,2061993362_1,52,0.006578,0.006035,0.154345
A_impress_100,2061993362_1,53,0.006576,0.006035,0.154144
A_impress_100,2061993362_1,54,0.006571,0.006031,0.15395
A_impress_100,2061993362_1,55,0.006565,0.006027,0.15377
A_impress_100,2061993362_1,56,0.006559,0.006023,0.153594
A_impress_100,2061993362_1,57,0.006554,0.00602,0.153425
A_impress_100,2061993362_1,58,0.006549,0.006016,0.15329
A_impress_100,2061993362_1,59,0.006547,0.006016,0.153157
A_impress_100,2061993362_1,60,0.006542,0.006012,0.153032
A_impress_100,2061993362_1,61,0.006541,0.006012,0.152913
A_impress_100,2061993362_1,62,0.006536,0.006008,0.152796
A_impress_100,2061993362_1,63,0.006535,0.006008,0.152711
A_impress_100,2061993362_1,64,0.006534,0.006008,0.152629
A_impress_100,2061993362_1,65,0.00653,0.006004,0.152551
A_impress_100,2061993362_1,66,0.006529,0.006004,0.152483
A_impress_100,2061993362_1,67,0.006529,0.006004,0.152417
A_impress_100,2061993362_1,68,0.006524,0.006001,0.152353
A_impress_100,2061993362_1,69,0.00652,0.005997,0.15231
A_impress_100,2061993362_1,70,0.006519,0.005997,0.152268
A_impress_100,2061993362_1,71,0.006519,0.005997,0.152229
A_impress_100,2061993362_1,72,0.006515,0.005993,0.152192
A_impress_100,2061993362_1,73,0.006518,0.005997,0.152163
A_impress_100,2061993362_1,74,0.006518,0.005997,0.152136
A_impress_100,2061993362_1,75,0.006518,0.005997,0.15211
A_impress_100,2061993362_1,76,0.006514,0.005993,0.152091
A_impress_100,2061993362_1,77,0.006514,0.005993,0.152074
A_impress_100,2061993362_1,78,0.006513,0.005993,0.152059
A_impress_100,2061993362_1,79,0.00651,0.005989,0.152049
A_impress_100,2061993362_1,80,0.006513,0.005993,0.152039
A_impress_100,2061993362_1,81,0.006513,0.005993,0.15203
A_impress_100,2061993362_1,82,0.006513,0.005993,0.152023
A_impress_100,2061993362_1,83,0.006513,0.005993,0.152017
A_impress_100,2061993362_1,84,0.006513,0.005993,0.152012
A_impress_100,2061993362_1,85,0.006513,0.005993,0.152009
A_impress_100,2061993362_1,86,0.006513,0.005993,0.152006
A_impress_100,2061993362_1,87,0.006513,0.005993,0.152004
A_impress_100,2061993362_1,88,0.006513,0.005993,0.152002
A_impress_100,2061993362_1,89,0.006513,0.005993,0.152001
A_impress_100,2061993362_1,90,0.006513,0.005993,0.151999
A_impress_100,2061993362_1,91,0.006513,0.005993,0.151999
A_impress_100,2061993362_1,92,0.006513,0.005993,0.151998
A_impress_100,2061993362_1,93,0.006513,0.005993,0.151998
A_impress_100,2061993362_1,94,0.006513,0.005993,0.151998
A_impress_100,2061993362_1,95,0.006513,0.005993,0.151998
A_impress_100,2061993362_1,96,0.006509,0.005989,0.151997
A_impress_100,2061993362_1,97,0.006513,0.005993,0.151997
A_impress_100,2061993362_1,98,0.006513,0.005993,0.151997
A_impress_100,2061993362_1,99,0.006513,0.005993,0.151997
A_impress_100,2061993362_1,100,0.006513,0.005993,0.151997
A_impress_100,2099073485_1,1,0.007974,0.006229,0.27444
A_impress_100,2099073485_1,2,0.007724,0.006187,0.253645
A_impress_100,2099073485_1,3,0.007595,0.006176,0.241873
A_impress_100,2099073485_1,4,0.007497,0.006157,0.233967
A_impress_100,2099073485_1,5,0.007416,0.006138,0.22783
A_impress_100,2099073485_1,6,0.007347,0.006119,0.222798
A_impress_100,2099073485_1,7,0.007282,0.0061,0.218248
A_impress_100,2099073485_1,8,0.007239,0.006092,0.214691
A_impress_100,2099073485_1,9,0.007188,0.006073,0.211488
A_impress_100,2099073485_1,10,0.007151,0.006065,0.208556
A_impress_100,2099073485_1,11,0.00711,0.00605,0.205953
A_impress_100,2099073485_1,12,0.00707,0.006035,0.203493
A_impress_100,2099073485_1,13,0.007038,0.006023,0.201426
A_impress_100,2099073485_1,14,0.007003,0.006008,0.199455
A_impress_100,2099073485_1,15,0.006969,0.005993,0.197563
A_impress_100,2099073485_1,16,0.006939,0.005981,0.195801
A_impress_100,2099073485_1,17,0.006911,0.00597,0.194131
A_impress_100,2099073485_1,18,0.006876,0.005951,0.192536
A_impress_100,2099073485_1,19,0.006846,0.005936,0.191012
A_impress_100,2099073485_1,20,0.006816,0.00592,0.189536
A_impress_100,2099073485_1,21,0.006786,0.005905,0.188105
A_impress_100,2099073485_1,22,0.006768,0.005898,0.187063
A_impress_100,2099073485_1,23,0.006747,0.005886,0.186043
A_impress_100,2099073485_1,24,0.006729,0.005878,0.185047
A_impress_100,2099073485_1,25,0.006711,0.005871,0.184068
A_impress_100,2099073485_1,26,0.006687,0.005856,0.183119
A_impress_100,2099073485_1,27,0.006666,0.005844,0.18219
A_impress_100,2099073485_1,28,0.006653,0.00584,0.181296
A_impress_100,2099073485_1,29,0.006633,0.005829,0.180439
A_impress_100,2099073485_1,30,0.006617,0.005821,0.179598
A_impress_100,2099073485_1,31,0.006598,0.00581,0.178781
A_impress_100,2099073485_1,32,0.006578,0.005798,0.17798
A_impress_100,2099073485_1,33,0.006563,0.005791,0.177279
A_impress_100,2099073485_1,34,0.006545,0.005779,0.176592
A_impress_100,2099073485_1,35,0.006527,0.005768,0.175915
A_impress_100,2099073485_1,36,0.006513,0.00576,0.175273
A_impress_100,2099073485_1,37,0.006495,0.005749,0.174647
A_impress_100,2099073485_1,38,0.006485,0.005745,0.174034
A_impress_100,2099073485_1,39,0.006468,0.005733,0.173433
A_impress_100,2099073485_1,40,0.006454,0.005726,0.172843
A_impress_100,2099073485_1,41,0.006439,0.005714,0.172423
A_impress_100,2099073485_1,42,0.006431,0.005711,0.172009
A_impress_100,2099073485_1,43,0.006419,0.005703,0.171602
A_impress_100,2099073485_1,44,0.006407,0.005695,0.171204
A_impress_100,2099073485_1,45,0.0064,0.005692,0.170815
A_impress_100,2099073485_1,46,0.006392,0.005688,0.170438
A_impress_100,2099073485_1,47,0.006385,0.005684,0.170099
A_impress_100,2099073485_1,48,0.006378,0.00568,0.169765
A_impress_100,2099073485_1,49,0.006371,0.005676,0.169438
A_impress_100,2099073485_1,50,0.00636,0.005669,0.169116
A_impress_100,2099073485_1,51,0.006353,0.005665,0.168798
A_impress_100,2099073485_1,52,0.006351,0.005665,0.168598
A_impress_100,2099073485_1,53,0.006345,0.005661,0.168401
A_impress_100,2099073485_1,54,0.006339,0.005657,0.168207
A_impress_100,2099073485_1,55,0.006337,0.005657,0.168029
A_impress_100,2099073485_1,56,0.006328,0.00565,0.167853
A_impress_100,2099073485_1,57,0.006323,0.005646,0.167682
A_impress_100,2099073485_1,58,0.006321,0.005646,0.167561
A_impress_100,2099073485_1,59,0.006316,0.005642,0.16744
A_impress_100,2099073485_1,60,0.006315,0.005642,0.167324
A_impress_100,2099073485_1,61,0.00631,0.005638,0.167215
A_impress_100,2099073485_1,62,0.006309,0.005638,0.167107
A_impress_100,2099073485_1,63,0.006305,0.005634,0.167038
A_impress_100,2099073485_1,64,0.006304,0.005634,0.16697
A_impress_100,2099073485_1,65,0.006303,0.005634,0.166907
A_impress_100,2099073485_1,66,0.006299,0.00563,0.166856
A_impress_100,2099073485_1,67,0.006299,0.00563,0.166807
A_impress_100,2099073485_1,68,0.006298,0.00563,0.166759
A_impress_100,2099073485_1,69,0.006294,0.005627,0.166729
A_impress_100,2099073485_1,70,0.006294,0.005627,0.166701
A_impress_100,2099073485_1,71,0.006293,0.005627,0.166676
A_impress_100,2099073485_1,72,0.006293,0.005627,0.166651
A_impress_100,2099073485_1,73,0.006293,0.005627,0.166633
A_impress_100,2099073485_1,74,0.006293,0.005627,0.166617
A_impress_100,2099073485_1,75,0.006293,0.005627,0.166601
A_impress_100,2099073485_1,76,0.006293,0.005627,0.166591
A_impress_100,2099073485_1,77,0.006289,0.005623,0.166581
A_impress_100,2099073485_1,78,0.006289,0.005623,0.166573
A_impress_100,2099073485_1,79,0.006289,0.005623,0.166567
A_impress_100,2099073485_1,80,0.006288,0.005623,0.166563
A_impress_100,2099073485_1,81,0.006288,0.005623,0.166558
A_impress_100,2099073485_1,82,0.006288,0.005623,0.166555
A_impress_100,2099073485_1,83,0.006288,0.005623,0.166552
A_impress_100,2099073485_1,84,0.006288,0.005623,0.16655
A_impress_100,2099073485_1,85,0.006288,0.005623,0.166548
A_impress_100,2099073485_1,86,0.006288,0.005623,0.166547
A_impress_100,2099073485_1,87,0.006288,0.005623,0.166546
A_impress_100,2099073485_1,88,0.006288,0.005623,0.166545
A_impress_100,2099073485_1,89,0.006288,0.005623,0.166544
A_impress_100,2099073485_1,90,0.006288,0.005623,0.166544
A_impress_100,2099073485_1,91,0.006288,0.005623,0.166544
A_impress_100,2099073485_1,92,0.006288,0.005623,0.166543
A_impress_100,2099073485_1,93,0.006288,0.005623,0.166543
A_impress_100,2099073485_1,94,0.006288,0.005623,0.166543
A_impress_100,2099073485_1,95,0.006288,0.005623,0.166543
A_impress_100,2099073485_1,96,0.006288,0.005623,0.166543
A_impress_100,2099073485_1,97,0.006288,0.005623,0.166543
A_impress_100,2099073485_1,98,0.006288,0.005623,0.166543
A_impress_100,2099073485_1,99,0.006288,0.005623,0.166543
A_impress_100,2099073485_1,100,0.006288,0.005623,0.166543
A_impress_100,2139626906_1,1,0.008025,0.006001,0.302452
A_impress_100,2139626906_1,2,0.007479,0.005779,0.269947
A_impress_100,2139626906_1,3,0.007286,0.005756,0.252994
A_impress_100,2139626906_1,4,0.007185,0.005749,0.243601
A_impress_100,2139626906_1,5,0.007094,0.00573,0.236426
A_impress_100,2139626906_1,6,0.007025,0.005714,0.231054
A_impress_100,2139626906_1,7,0.006963,0.005703,0.226049
A_impress_100,2139626906_1,8,0.006917,0.005695,0.222211
A_impress_100,2139626906_1,9,0.006863,0.005676,0.218679
A_impress_100,2139626906_1,10,0.006822,0.005665,0.215725
A_impress_100,2139626906_1,11,0.006787,0.005657,0.212952
A_impress_100,2139626906_1,12,0.006745,0.005642,0.210302
A_impress_100,2139626906_1,13,0.006718,0.005634,0.208355
A_impress_100,2139626906_1,14,0.006688,0.005623,0.206483
A_impress_100,2139626906_1,15,0.006658,0.005611,0.204694
A_impress_100,2139626906_1,16,0.006638,0.005608,0.203011
A_impress_100,2139626906_1,17,0.006612,0.005596,0.201594
A_impress_100,2139626906_1,18,0.006587,0.005585,0.200226
A_impress_100,2139626906_1,19,0.006566,0.005577,0.198911
A_impress_100,2139626906_1,20,0.006546,0.005569,0.197642
A_impress_100,2139626906_1,21,0.006526,0.005562,0.19641
A_impress_100,2139626906_1,22,0.00651,0.005554,0.195586
A_impress_100,2139626906_1,23,0.006498,0.00555,0.194784
A_impress_100,2139626906_1,24,0.006483,0.005543,0.193998
A_impress_100,2139626906_1,25,0.006467,0.005535,0.193229
A_impress_100,2139626906_1,26,0.006452,0.005527,0.192481
A_impress_100,2139626906_1,27,0.006441,0.005524,0.191751
A_impress_100,2139626906_1,28,0.006431,0.00552,0.191119
A_impress_100,2139626906_1,29,0.006417,0.005512,0.190502
A_impress_100,2139626906_1,30,0.006404,0.005505,0.189902
A_impress_100,2139626906_1,31,0.00639,0.005497,0.189319
A_impress_100,2139626906_1,32,0.006381,0.005493,0.18875
A_impress_100,2139626906_1,33,0.006373,0.005489,0.188383
A_impress_100,2139626906_1,34,0.006366,0.005486,0.188026
A_impress_100,2139626906_1,35,0.006358,0.005482,0.187676
A_impress_100,2139626906_1,36,0.006351,0.005478,0.187338
A_impress_100,2139626906_1,37,0.006341,0.00547,0.187039
A_impress_100,2139626906_1,38,0.006338,0.00547,0.186748
A_impress_100,2139626906_1,39,0.006331,0.005466,0.186464
A_impress_100,2139626906_1,40,0.006325,0.005463,0.186185
A_impress_100,2139626906_1,41,0.006319,0.005459,0.186017
A_impress_100,2139626906_1,42,0.006317,0.005459,0.185853
A_impress_100,2139626906_1,43,0.006312,0.005455,0.185694
A_impress_100,2139626906_1,44,0.006307,0.005451,0.185539
A_impress_100,2139626906_1,45,0.006301,0.005447,0.185402
A_impress_100,2139626906_1,46,0.0063,0.005447,0.18527
A_impress_100,2139626906_1,47,0.006295,0.005444,0.185183
A_impress_100,2139626906_1,48,0.006295,0.005444,0.185098
A_impress_100,2139626906_1,49,0.00629,0.00544,0.185015
A_impress_100,2139626906_1,50,0.006289,0.00544,0.18494
A_impress_100,2139626906_1,51,0.006285,0.005436,0.184867
A_impress_100,2139626906_1,52,0.00628,0.005432,0.184823
A_impress_100,2139626906_1,53,0.00628,0.005432,0.18478
A_impress_100,2139626906_1,54,0.006276,0.005428,0.184741
A_impress_100,2139626906_1,55,0.006275,0.005428,0.184711
A_impress_100,2139626906_1,56,0.006279,0.005432,0.184682
A_impress_100,2139626906_1,57,0.006279,0.005432,0.184655
A_impress_100,2139626906_1,58,0.006275,0.005428,0.184635
A_impress_100,2139626906_1,59,0.006274,0.005428,0.184616
A_impress_100,2139626906_1,60,0.00627,0.005424,0.184598
A_impress_100,2139626906_1,61,0.006274,0.005428,0.184582
A_impress_100,2139626906_1,62,0.00627,0.005424,0.184566
A_impress_100,2139626906_1,63,0.00627,0.005424,0.184555
A_impress_100,2139626906_1,64,0.006274,0.005428,0.184545
A_impress_100,2139626906_1,65,0.00627,0.005424,0.184535
A_impress_100,2139626906_1,66,0.00627,0.005424,0.184527
A_impress_100,2139626906_1,67,0.00627,0.005424,0.184519
A_impress_100,2139626906_1,68,0.00627,0.005424,0.184511
A_impress_100,2139626906_1,69,0.00627,0.005424,0.184506
A_impress_100,2139626906_1,70,0.00627,0.005424,0.184502
A_impress_100,2139626906_1,71,0.006269,0.005424,0.184497
A_impress_100,2139626906_1,72,0.006266,0.005421,0.184493
A_impress_100,2139626906_1,73,0.006266,0.005421,0.18449
A_impress_100,2139626906_1,74,0.006266,0.005421,0.184487
A_impress_100,2139626906_1,75,0.006269,0.005424,0.184484
A_impress_100,2139626906_1,76,0.006266,0.005421,0.184482
A_impress_100,2139626906_1,77,0.006265,0.005421,0.184481
A_impress_100,2139626906_1,78,0.006265,0.005421,0.184479
A_impress_100,2139626906_1,79,0.006265,0.005421,0.184478
A_impress_100,2139626906_1,80,0.006265,0.005421,0.184477
A_impress_100,2139626906_1,81,0.006265,0.005421,0.184476
A_impress_100,2139626906_1,82,0.006265,0.005421,0.184476
A_impress_100,2139626906_1,83,0.006265,0.005421,0.184475
A_impress_100,2139626906_1,84,0.006265,0.005421,0.184474
A_impress_100,2139626906_1,85,0.006265,0.005421,0.184474
A_impress_100,2139626906_1,86,0.006265,0.005421,0.184474
A_impress_100,2139626906_1,87,0.006265,0.005421,0.184474
A_impress_100,2139626906_1,88,0.006265,0.005421,0.184473
A_impress_100,2139626906_1,89,0.006265,0.005421,0.184473
A_impress_100,2139626906_1,90,0.006265,0.005421,0.184473
A_impress_100,2139626906_1,91,0.006262,0.005417,0.184473
A_impress_100,2139626906_1,92,0.006265,0.005421,0.184473
A_impress_100,2139626906_1,93,0.006269,0.005424,0.184473
A_impress_100,2139626906_1,94,0.006265,0.005421,0.184473
A_impress_100,2139626906_1,95,0.006265,0.005421,0.184473
A_impress_100,2139626906_1,96,0.006265,0.005421,0.184473
A_impress_100,2139626906_1,97,0.006265,0.005421,0.184473
A_impress_100,2139626906_1,98,0.006265,0.005421,0.184473
A_impress_100,2139626906_1,99,0.006265,0.005421,0.184473
A_impress_100,2139626906_1,100,0.006265,0.005421,0.184473
A_impress_100,2167874246_1,1,0.008233,0.005566,0.3667
A_impress_100,2167874246_1,2,0.007775,0.005363,0.341178
A_impress_100,2167874246_1,3,0.007613,0.005352,0.326076
A_impress_100,2167874246_1,4,0.007489,0.005329,0.315943
A_impress_100,2167874246_1,5,0.007379,0.005302,0.307608
A_impress_100,2167874246_1,6,0.00729,0.00528,0.301037
A_impress_100,2167874246_1,7,0.0072,0.005249,0.295144
A_impress_100,2167874246_1,8,0.00714,0.005234,0.290614
A_impress_100,2167874246_1,9,0.007088,0.005222,0.286588
A_impress_100,2167874246_1,10,0.007031,0.005199,0.283114
A_impress_100,2167874246_1,11,0.006987,0.005188,0.279936
A_impress_100,2167874246_1,12,0.006942,0.005173,0.276952
A_impress_100,2167874246_1,13,0.006903,0.005157,0.274528
A_impress_100,2167874246_1,14,0.006868,0.005146,0.272231
A_impress_100,2167874246_1,15,0.006835,0.005135,0.270082
A_impress_100,2167874246_1,16,0.0068,0.005119,0.268079
A_impress_100,2167874246_1,17,0.006771,0.005108,0.266282
A_impress_100,2167874246_1,18,0.006746,0.0051,0.264557
A_impress_100,2167874246_1,19,0.006718,0.005089,0.262906
A_impress_100,2167874246_1,20,0.00669,0.005077,0.261308
A_impress_100,2167874246_1,21,0.006663,0.005066,0.259751
A_impress_100,2167874246_1,22,0.006648,0.005062,0.258584
A_impress_100,2167874246_1,23,0.006625,0.005051,0.257445
A_impress_100,2167874246_1,24,0.00661,0.005047,0.256333
A_impress_100,2167874246_1,25,0.006592,0.005039,0.255254
A_impress_100,2167874246_1,26,0.006574,0.005032,0.254214
A_impress_100,2167874246_1,27,0.006556,0.005024,0.253208
A_impress_100,2167874246_1,28,0.006535,0.005013,0.252283
A_impress_100,2167874246_1,29,0.006519,0.005005,0.251395
A_impress_100,2167874246_1,30,0.006503,0.004997,0.25053
A_impress_100,2167874246_1,31,0.006487,0.00499,0.249698
A_impress_100,2167874246_1,32,0.006467,0.004978,0.248886
A_impress_100,2167874246_1,33,0.006457,0.004974,0.248222
A_impress_100,2167874246_1,34,0.006442,0.004967,0.247573
A_impress_100,2167874246_1,35,0.006432,0.004963,0.246939
A_impress_100,2167874246_1,36,0.006423,0.004959,0.246341
A_impress_100,2167874246_1,37,0.006409,0.004951,0.245778
A_impress_100,2167874246_1,38,0.0064,0.004948,0.245228
A_impress_100,2167874246_1,39,0.006391,0.004944,0.24469
A_impress_100,2167874246_1,40,0.006382,0.00494,0.244161
A_impress_100,2167874246_1,41,0.006374,0.004936,0.243763
A_impress_100,2167874246_1,42,0.006366,0.004932,0.243372
A_impress_100,2167874246_1,43,0.006358,0.004929,0.242989
A_impress_100,2167874246_1,44,0.006347,0.004921,0.242618
A_impress_100,2167874246_1,45,0.00634,0.004917,0.242262
A_impress_100,2167874246_1,46,0.006333,0.004913,0.241919
A_impress_100,2167874246_1,47,0.006326,0.00491,0.241622
A_impress_100,2167874246_1,48,0.006319,0.004906,0.241329
A_impress_100,2167874246_1,49,0.006312,0.004902,0.241044
A_impress_100,2167874246_1,50,0.006302,0.004894,0.240766
A_impress_100,2167874246_1,51,0.006295,0.00489,0.240492
A_impress_100,2167874246_1,52,0.006293,0.00489,0.2403
A_impress_100,2167874246_1,53,0.006288,0.004887,0.240111
A_impress_100,2167874246_1,54,0.006286,0.004887,0.239926
A_impress_100,2167874246_1,55,0.00628,0.004883,0.239756
A_impress_100,2167874246_1,56,0.006279,0.004883,0.239589
A_impress_100,2167874246_1,57,0.006273,0.004879,0.23943
A_impress_100,2167874246_1,58,0.006272,0.004879,0.239296
A_impress_100,2167874246_1,59,0.006271,0.004879,0.239164
A_impress_100,2167874246_1,60,0.006266,0.004875,0.23904
A_impress_100,2167874246_1,61,0.006264,0.004875,0.238921
A_impress_100,2167874246_1,62,0.006259,0.004871,0.238805
A_impress_100,2167874246_1,63,0.006259,0.004871,0.238716
A_impress_100,2167874246_1,64,0.006258,0.004871,0.238629
A_impress_100,2167874246_1,65,0.006257,0.004871,0.238547
A_impress_100,2167874246_1,66,0.006252,0.004868,0.238472
A_impress_100,2167874246_1,67,0.006252,0.004868,0.238399
A_impress_100,2167874246_1,68,0.006251,0.004868,0.238327
A_impress_100,2167874246_1,69,0.006247,0.004864,0.238278
A_impress_100,2167874246_1,70,0.006246,0.004864,0.238229
A_impress_100,2167874246_1,71,0.006249,0.004868,0.238183
A_impress_100,2167874246_1,72,0.006249,0.004868,0.23814
A_impress_100,2167874246_1,73,0.006245,0.004864,0.238103
A_impress_100,2167874246_1,74,0.006244,0.004864,0.23807
A_impress_100,2167874246_1,75,0.006244,0.004864,0.238037
A_impress_100,2167874246_1,76,0.006244,0.004864,0.238012
A_impress_100,2167874246_1,77,0.006244,0.004864,0.237989
A_impress_100,2167874246_1,78,0.006243,0.004864,0.237969
A_impress_100,2167874246_1,79,0.006243,0.004864,0.237955
A_impress_100,2167874246_1,80,0.006243,0.004864,0.237942
A_impress_100,2167874246_1,81,0.006243,0.004864,0.237929
A_impress_100,2167874246_1,82,0.006243,0.004864,0.237919
A_impress_100,2167874246_1,83,0.006243,0.004864,0.23791
A_impress_100,2167874246_1,84,0.006243,0.004864,0.237903
A_impress_100,2167874246_1,85,0.006243,0.004864,0.237898
A_impress_100,2167874246_1,86,0.006243,0.004864,0.237894
A_impress_100,2167874246_1,87,0.006243,0.004864,0.237891
A_impress_100,2167874246_1,88,0.006239,0.00486,0.237888
A_impress_100,2167874246_1,89,0.006243,0.004864,0.237886
A_impress_100,2167874246_1,90,0.006243,0.004864,0.237884
A_impress_100,2167874246_1,91,0.006243,0.004864,0.237883
A_impress_100,2167874246_1,92,0.006243,0.004864,0.237882
A_impress_100,2167874246_1,93,0.006243,0.004864,0.237882
A_impress_100,2167874246_1,94,0.006243,0.004864,0.237881
A_impress_100,2167874246_1,95,0.006243,0.004864,0.237881
A_impress_100,2167874246_1,96,0.006243,0.004864,0.237881
A_impress_100,2167874246_1,97,0.006243,0.004864,0.237881
A_impress_100,2167874246_1,98,0.006239,0.00486,0.237881
A_impress_100,2167874246_1,99,0.006243,0.004864,0.237881
A_impress_100,2167874246_1,100,0.006243,0.004864,0.237881
A_impress_100,221629697_1,1,0.010686,0.009796,0.18903
A_impress_100,221629697_1,2,0.010092,0.009354,0.173872
A_impress_100,221629697_1,3,0.009982,0.009331,0.165097
A_impress_100,221629697_1,4,0.009898,0.009308,0.159013
A_impress_100,221629697_1,5,0.009822,0.009285,0.15371
A_impress_100,221629697_1,6,0.009756,0.009262,0.14943
A_impress_100,221629697_1,7,0.009688,0.009232,0.145631
A_impress_100,221629697_1,8,0.009645,0.009216,0.142859
A_impress_100,221629697_1,9,0.009612,0.009209,0.140321
A_impress_100,221629697_1,10,0.009575,0.009193,0.138121
A_impress_100,221629697_1,11,0.009547,0.009186,0.136096
A_impress_100,221629697_1,12,0.009505,0.009163,0.134195
A_impress_100,221629697_1,13,0.009475,0.009148,0.132757
A_impress_100,221629697_1,14,0.009446,0.009132,0.131395
A_impress_100,221629697_1,15,0.009411,0.009109,0.130108
A_impress_100,221629697_1,16,0.009383,0.009094,0.128891
A_impress_100,221629697_1,17,0.009349,0.009071,0.127811
A_impress_100,221629697_1,18,0.009324,0.009056,0.126771
A_impress_100,221629697_1,19,0.009299,0.009041,0.12578
A_impress_100,221629697_1,20,0.009266,0.009018,0.124836
A_impress_100,221629697_1,21,0.009242,0.009003,0.123917
A_impress_100,221629697_1,22,0.009228,0.008995,0.123279
A_impress_100,221629697_1,23,0.009206,0.00898,0.122651
A_impress_100,221629697_1,24,0.009185,0.008965,0.122043
A_impress_100,221629697_1,25,0.009171,0.008957,0.121457
A_impress_100,221629697_1,26,0.009158,0.008949,0.120891
A_impress_100,221629697_1,27,0.009137,0.008934,0.120332
A_impress_100,221629697_1,28,0.009125,0.008926,0.119828
A_impress_100,221629697_1,29,0.009105,0.008911,0.119339
A_impress_100,221629697_1,30,0.009092,0.008904,0.118863
A_impress_100,221629697_1,31,0.00908,0.008896,0.118404
A_impress_100,221629697_1,32,0.009068,0.008888,0.117956
A_impress_100,221629697_1,33,0.009049,0.008873,0.117623
A_impress_100,221629697_1,34,0.009038,0.008865,0.117298
A_impress_100,221629697_1,35,0.00902,0.00885,0.11698
A_impress_100,221629697_1,36,0.009009,0.008842,0.116677
A_impress_100,221629697_1,37,0.008999,0.008835,0.116399
A_impress_100,221629697_1,38,0.008988,0.008827,0.116128
A_impress_100,221629697_1,39,0.008978,0.00882,0.115863
A_impress_100,221629697_1,40,0.00896,0.008804,0.115603
A_impress_100,221629697_1,41,0.008951,0.008797,0.115427
A_impress_100,221629697_1,42,0.008949,0.008797,0.115253
A_impress_100,221629697_1,43,0.008932,0.008781,0.115082
A_impress_100,221629697_1,44,0.008923,0.008774,0.114915
A_impress_100,221629697_1,45,0.008921,0.008774,0.114758
A_impress_100,221629697_1,46,0.008912,0.008766,0.114606
A_impress_100,221629697_1,47,0.008903,0.008759,0.114484
A_impress_100,221629697_1,48,0.008902,0.008759,0.114364
A_impress_100,221629697_1,49,0.008893,0.008751,0.114245
A_impress_100,221629697_1,50,0.008885,0.008743,0.114132
A_impress_100,221629697_1,51,0.008876,0.008736,0.11402
A_impress_100,221629697_1,52,0.008875,0.008736,0.113947
A_impress_100,221629697_1,53,0.008874,0.008736,0.113876
A_impress_100,221629697_1,54,0.008874,0.008736,0.113807
A_impress_100,221629697_1,55,0.008865,0.008728,0.113745
A_impress_100,221629697_1,56,0.008865,0.008728,0.113684
A_impress_100,221629697_1,57,0.008857,0.00872,0.113627
A_impress_100,221629697_1,58,0.008849,0.008713,0.113582
A_impress_100,221629697_1,59,0.008848,0.008713,0.113539
A_impress_100,221629697_1,60,0.008848,0.008713,0.113498
A_impress_100,221629697_1,61,0.008847,0.008713,0.11346
A_impress_100,221629697_1,62,0.008839,0.008705,0.113423
A_impress_100,221629697_1,63,0.008839,0.008705,0.113396
A_impress_100,221629697_1,64,0.008839,0.008705,0.11337
A_impress_100,221629697_1,65,0.008839,0.008705,0.113346
A_impress_100,221629697_1,66,0.008831,0.008698,0.113324
A_impress_100,221629697_1,67,0.008831,0.008698,0.113303
A_impress_100,221629697_1,68,0.00883,0.008698,0.113283
A_impress_100,221629697_1,69,0.00883,0.008698,0.113269
A_impress_100,221629697_1,70,0.008822,0.00869,0.113255
A_impress_100,221629697_1,71,0.008822,0.00869,0.113243
A_impress_100,221629697_1,72,0.008822,0.00869,0.113231
A_impress_100,221629697_1,73,0.008822,0.00869,0.113221
A_impress_100,221629697_1,74,0.008822,0.00869,0.113212
A_impress_100,221629697_1,75,0.008822,0.00869,0.113203
A_impress_100,221629697_1,76,0.008822,0.00869,0.113197
A_impress_100,221629697_1,77,0.008822,0.00869,0.11319
A_impress_100,221629697_1,78,0.008822,0.00869,0.113185
A_impress_100,221629697_1,79,0.008822,0.00869,0.113181
A_impress_100,221629697_1,80,0.008822,0.00869,0.113177
A_impress_100,221629697_1,81,0.008822,0.00869,0.113174
A_impress_100,221629697_1,82,0.008822,0.00869,0.113171
A_impress_100,221629697_1,83,0.008822,0.00869,0.113169
A_impress_100,221629697_1,84,0.008822,0.00869,0.113167
A_impress_100,221629697_1,85,0.008822,0.00869,0.113166
A_impress_100,221629697_1,86,0.008822,0.00869,0.113165
A_impress_100,221629697_1,87,0.008822,0.00869,0.113164
A_impress_100,221629697_1,88,0.008814,0.008682,0.113163
A_impress_100,221629697_1,89,0.008822,0.00869,0.113162
A_impress_100,221629697_1,90,0.008814,0.008682,0.113162
A_impress_100,221629697_1,91,0.008814,0.008682,0.113162
A_impress_100,221629697_1,92,0.008814,0.008682,0.113161
A_impress_100,221629697_1,93,0.008814,0.008682,0.113161
A_impress_100,221629697_1,94,0.008821,0.00869,0.113161
A_impress_100,221629697_1,95,0.008814,0.008682,0.113161
A_impress_100,221629697_1,96,0.008821,0.00869,0.113161
A_impress_100,221629697_1,97,0.008821,0.00869,0.113161
A_impress_100,221629697_1,98,0.008814,0.008682,0.113161
A_impress_100,221629697_1,99,0.008821,0.00869,0.113161
A_impress_100,221629697_1,100,0.008821,0.00869,0.113161
B_impress_1000,1233476865_1,1,0.009773,0.008263,0.251059
B_impress_1000,1233476865_1,2,0.009032,0.007755,0.227641
B_impress_1000,1233476865_1,3,0.008873,0.007717,0.215632
B_impress_1000,1233476865_1,4,0.008747,0.007683,0.206423
B_impress_1000,1233476865_1,5,0.008628,0.007641,0.198758
B_impress_1000,1233476865_1,6,0.008535,0.007607,0.192810
B_impress_1000,1233476865_1,7,0.008448,0.007572,0.187578
B_impress_1000,1233476865_1,8,0.008380,0.007545,0.183406
B_impress_1000,1233476865_1,9,0.008306,0.007511,0.179510
B_impress_1000,1233476865_1,10,0.008248,0.007488,0.175955
B_impress_1000,1233476865_1,11,0.008184,0.007458,0.172660
B_impress_1000,1233476865_1,12,0.008126,0.007431,0.169481
B_impress_1000,1233476865_1,13,0.008069,0.007404,0.166471
B_impress_1000,1233476865_1,14,0.008017,0.007378,0.163965
B_impress_1000,1233476865_1,15,0.007963,0.007347,0.161610
B_impress_1000,1233476865_1,16,0.007922,0.007328,0.159420
B_impress_1000,1233476865_1,17,0.007875,0.007301,0.157396
B_impress_1000,1233476865_1,18,0.007833,0.007278,0.155456
B_impress_1000,1233476865_1,19,0.007792,0.007256,0.153604
B_impress_1000,1233476865_1,20,0.007752,0.007233,0.151893
B_impress_1000,1233476865_1,21,0.007716,0.007214,0.150251
B_impress_1000,1233476865_1,22,0.007681,0.007195,0.148667
B_impress_1000,1233476865_1,23,0.007647,0.007175,0.147144
B_impress_1000,1233476865_1,24,0.007609,0.007153,0.145665
B_impress_1000,1233476865_1,25,0.007576,0.007133,0.144229
B_impress_1000,1233476865_1,26,0.007539,0.007111,0.142834
B_impress_1000,1233476865_1,27,0.007506,0.007092,0.141478
B_impress_1000,1233476865_1,28,0.007470,0.007069,0.140161
B_impress_1000,1233476865_1,29,0.007442,0.007053,0.138875
B_impress_1000,1233476865_1,30,0.007407,0.007030,0.137623
B_impress_1000,1233476865_1,31,0.007375,0.007011,0.136405
B_impress_1000,1233476865_1,32,0.007337,0.006985,0.135222
B_impress_1000,1233476865_1,33,0.007306,0.006966,0.134072
B_impress_1000,1233476865_1,34,0.007276,0.006947,0.132953
B_impress_1000,1233476865_1,35,0.007242,0.006924,0.131862
B_impress_1000,1233476865_1,36,0.007227,0.006916,0.131065
B_impress_1000,1233476865_1,37,0.007204,0.006901,0.130284
B_impress_1000,1233476865_1,38,0.007181,0.006886,0.129518
B_impress_1000,1233476865_1,39,0.007162,0.006874,0.128770
B_impress_1000,1233476865_1,40,0.007139,0.006859,0.128041
B_impress_1000,1233476865_1,41,0.007117,0.006844,0.127328
B_impress_1000,1233476865_1,42,0.007095,0.006828,0.126631
B_impress_1000,1233476865_1,43,0.007076,0.006817,0.125949
B_impress_1000,1233476865_1,44,0.007058,0.006805,0.125282
B_impress_1000,1233476865_1,45,0.007036,0.006790,0.124630
B_impress_1000,1233476865_1,46,0.007019,0.006779,0.123991
B_impress_1000,1233476865_1,47,0.006997,0.006763,0.123366
B_impress_1000,1233476865_1,48,0.006980,0.006752,0.122752
B_impress_1000,1233476865_1,49,0.006958,0.006737,0.122151
B_impress_1000,1233476865_1,50,0.006941,0.006725,0.121560
B_impress_1000,1233476865_1,51,0.006927,0.006718,0.120981
B_impress_1000,1233476865_1,52,0.006907,0.006702,0.120413
B_impress_1000,1233476865_1,53,0.006890,0.006691,0.119854
B_impress_1000,1233476865_1,54,0.006873,0.006680,0.119304
B_impress_1000,1233476865_1,55,0.006852,0.006664,0.118763
B_impress_1000,1233476865_1,56,0.006835,0.006653,0.118232
B_impress_1000,1233476865_1,57,0.006818,0.006641,0.117711
B_impress_1000,1233476865_1,58,0.006798,0.006626,0.117198
B_impress_1000,1233476865_1,59,0.006785,0.006618,0.116692
B_impress_1000,1233476865_1,60,0.006769,0.006607,0.116195
B_impress_1000,1233476865_1,61,0.006753,0.006596,0.115707
B_impress_1000,1233476865_1,62,0.006733,0.006580,0.115228
B_impress_1000,1233476865_1,63,0.006716,0.006569,0.114755
B_impress_1000,1233476865_1,64,0.006700,0.006557,0.114290
B_impress_1000,1233476865_1,65,0.006681,0.006542,0.113831
B_impress_1000,1233476865_1,66,0.006665,0.006531,0.113379
B_impress_1000,1233476865_1,67,0.006649,0.006519,0.112933
B_impress_1000,1233476865_1,68,0.006629,0.006504,0.112495
B_impress_1000,1233476865_1,69,0.006613,0.006493,0.112063
B_impress_1000,1233476865_1,70,0.006601,0.006485,0.111639
B_impress_1000,1233476865_1,71,0.006582,0.006470,0.111221
B_impress_1000,1233476865_1,72,0.006566,0.006458,0.110810
B_impress_1000,1233476865_1,73,0.006551,0.006447,0.110404
B_impress_1000,1233476865_1,74,0.006539,0.006439,0.110005
B_impress_1000,1233476865_1,75,0.006520,0.006424,0.109610
B_impress_1000,1233476865_1,76,0.006505,0.006413,0.109221
B_impress_1000,1233476865_1,77,0.006489,0.006401,0.108838
B_impress_1000,1233476865_1,78,0.006478,0.006393,0.108459
B_impress_1000,1233476865_1,79,0.006463,0.006382,0.108086
B_impress_1000,1233476865_1,80,0.006444,0.006367,0.107717
B_impress_1000,1233476865_1,81,0.006429,0.006355,0.107353
B_impress_1000,1233476865_1,82,0.006418,0.006348,0.106994
B_impress_1000,1233476865_1,83,0.006403,0.006336,0.106640
B_impress_1000,1233476865_1,84,0.006388,0.006325,0.106290
B_impress_1000,1233476865_1,85,0.006369,0.006310,0.105945
B_impress_1000,1233476865_1,86,0.006358,0.006302,0.105605
B_impress_1000,1233476865_1,87,0.006343,0.006290,0.105269
B_impress_1000,1233476865_1,88,0.006332,0.006283,0.104937
B_impress_1000,1233476865_1,89,0.006317,0.006271,0.104610
B_impress_1000,1233476865_1,90,0.006303,0.006260,0.104288
B_impress_1000,1233476865_1,91,0.006288,0.006248,0.103969
B_impress_1000,1233476865_1,92,0.006277,0.006241,0.103655
B_impress_1000,1233476865_1,93,0.006263,0.006229,0.103344
B_impress_1000,1233476865_1,94,0.006248,0.006218,0.103037
B_impress_1000,1233476865_1,95,0.006238,0.006210,0.102734
B_impress_1000,1233476865_1,96,0.006223,0.006199,0.102434
B_impress_1000,1233476865_1,97,0.006209,0.006187,0.102138
B_impress_1000,1233476865_1,98,0.006194,0.006176,0.101845
B_impress_1000,1233476865_1,99,0.006184,0.006168,0.101555
B_impress_1000,1233476865_1,100,0.006170,0.006157,0.101269
B_impress_1000,1233476865_1,101,0.006155,0.006145,0.100986
B_impress_1000,1233476865_1,102,0.006145,0.006138,0.100706
B_impress_1000,1233476865_1,103,0.006131,0.006126,0.100430
B_impress_1000,1233476865_1,104,0.006120,0.006119,0.100157
B_impress_1000,1233476865_1,105,0.006107,0.006107,0.099887
B_impress_1000,1233476865_1,106,0.006096,0.006096,0.099637
B_impress_1000,1233476865_1,107,0.006092,0.006092,0.099437
B_impress_1000,1233476865_1,108,0.006081,0.006081,0.099243
B_impress_1000,1233476865_1,109,0.006069,0.006069,0.099066
B_impress_1000,1233476865_1,110,0.006062,0.006062,0.098894
B_impress_1000,1233476865_1,111,0.006054,0.006054,0.098728
B_impress_1000,1233476865_1,112,0.006042,0.006042,0.098565
B_impress_1000,1233476865_1,113,0.006035,0.006035,0.098405
B_impress_1000,1233476865_1,114,0.006027,0.006027,0.098249
B_impress_1000,1233476865_1,115,0.006016,0.006016,0.098095
B_impress_1000,1233476865_1,116,0.006008,0.006008,0.097943
B_impress_1000,1233476865_1,117,0.006001,0.006001,0.097794
B_impress_1000,1233476865_1,118,0.005993,0.005993,0.097647
B_impress_1000,1233476865_1,119,0.005985,0.005985,0.097502
B_impress_1000,1233476865_1,120,0.005974,0.005974,0.097359
B_impress_1000,1233476865_1,121,0.005966,0.005966,0.097219
B_impress_1000,1233476865_1,122,0.005955,0.005955,0.097081
B_impress_1000,1233476865_1,123,0.005947,0.005947,0.096944
B_impress_1000,1233476865_1,124,0.005939,0.005939,0.096810
B_impress_1000,1233476865_1,125,0.005932,0.005932,0.096679
B_impress_1000,1233476865_1,126,0.005920,0.005920,0.096549
B_impress_1000,1233476865_1,127,0.005913,0.005913,0.096421
B_impress_1000,1233476865_1,128,0.005905,0.005905,0.096296
B_impress_1000,1233476865_1,129,0.005898,0.005898,0.096173
B_impress_1000,1233476865_1,130,0.005886,0.005886,0.096052
B_impress_1000,1233476865_1,131,0.005878,0.005878,0.095934
B_impress_1000,1233476865_1,132,0.005871,0.005871,0.095818
B_impress_1000,1233476865_1,133,0.005863,0.005863,0.095704
B_impress_1000,1233476865_1,134,0.005852,0.005852,0.095592
B_impress_1000,1233476865_1,135,0.005848,0.005848,0.095482
B_impress_1000,1233476865_1,136,0.005840,0.005840,0.095374
B_impress_1000,1233476865_1,137,0.005833,0.005833,0.095268
B_impress_1000,1233476865_1,138,0.005829,0.005829,0.095164
B_impress_1000,1233476865_1,139,0.005821,0.005821,0.095062
B_impress_1000,1233476865_1,140,0.005810,0.005810,0.094961
B_impress_1000,1233476865_1,141,0.005802,0.005802,0.094862
B_impress_1000,1233476865_1,142,0.005795,0.005795,0.094765
B_impress_1000,1233476865_1,143,0.005787,0.005787,0.094670
B_impress_1000,1233476865_1,144,0.005779,0.005779,0.094577
B_impress_1000,1233476865_1,145,0.005775,0.005775,0.094485
B_impress_1000,1233476865_1,146,0.005764,0.005764,0.094395
B_impress_1000,1233476865_1,147,0.005756,0.005756,0.094307
B_impress_1000,1233476865_1,148,0.005753,0.005753,0.094221
B_impress_1000,1233476865_1,149,0.005741,0.005741,0.094136
B_impress_1000,1233476865_1,150,0.005733,0.005733,0.094053
B_impress_1000,1233476865_1,151,0.005730,0.005730,0.093972
B_impress_1000,1233476865_1,152,0.005726,0.005726,0.093893
B_impress_1000,1233476865_1,153,0.005718,0.005718,0.093815
B_impress_1000,1233476865_1,154,0.005714,0.005714,0.093740
B_impress_1000,1233476865_1,155,0.005703,0.005703,0.093666
B_impress_1000,1233476865_1,156,0.005699,0.005699,0.093593
B_impress_1000,1233476865_1,157,0.005692,0.005692,0.093523
B_impress_1000,1233476865_1,158,0.005684,0.005684,0.093453
B_impress_1000,1233476865_1,159,0.005676,0.005676,0.093386
B_impress_1000,1233476865_1,160,0.005672,0.005672,0.093320
B_impress_1000,1233476865_1,161,0.005665,0.005665,0.093256
B_impress_1000,1233476865_1,162,0.005657,0.005657,0.093194
B_impress_1000,1233476865_1,163,0.005650,0.005650,0.093133
B_impress_1000,1233476865_1,164,0.005642,0.005642,0.093074
B_impress_1000,1233476865_1,165,0.005638,0.005638,0.093016
B_impress_1000,1233476865_1,166,0.005627,0.005627,0.092959
B_impress_1000,1233476865_1,167,0.005623,0.005623,0.092904
B_impress_1000,1233476865_1,168,0.005619,0.005619,0.092850
B_impress_1000,1233476865_1,169,0.005611,0.005611,0.092798
B_impress_1000,1233476865_1,170,0.005604,0.005604,0.092748
B_impress_1000,1233476865_1,171,0.005596,0.005596,0.092699
B_impress_1000,1233476865_1,172,0.005592,0.005592,0.092651
B_impress_1000,1233476865_1,173,0.005581,0.005581,0.092604
B_impress_1000,1233476865_1,174,0.005577,0.005577,0.092559
B_impress_1000,1233476865_1,175,0.005573,0.005573,0.092515
B_impress_1000,1233476865_1,176,0.005566,0.005566,0.092473
B_impress_1000,1233476865_1,177,0.005562,0.005562,0.092432
B_impress_1000,1233476865_1,178,0.005554,0.005554,0.092392
B_impress_1000,1233476865_1,179,0.005547,0.005547,0.092353
B_impress_1000,1233476865_1,180,0.005539,0.005539,0.092316
B_impress_1000,1233476865_1,181,0.005531,0.005531,0.092280
B_impress_1000,1233476865_1,182,0.005527,0.005527,0.092245
B_impress_1000,1233476865_1,183,0.005524,0.005524,0.092212
B_impress_1000,1233476865_1,184,0.005516,0.005516,0.092180
B_impress_1000,1233476865_1,185,0.005512,0.005512,0.092150
B_impress_1000,1233476865_1,186,0.005505,0.005505,0.092120
B_impress_1000,1233476865_1,187,0.005501,0.005501,0.092092
B_impress_1000,1233476865_1,188,0.005493,0.005493,0.092065
B_impress_1000,1233476865_1,189,0.005486,0.005486,0.092040
B_impress_1000,1233476865_1,190,0.005482,0.005482,0.092015
B_impress_1000,1233476865_1,191,0.005474,0.005474,0.091992
B_impress_1000,1233476865_1,192,0.005466,0.005466,0.091970
B_impress_1000,1233476865_1,193,0.005463,0.005463,0.091950
B_impress_1000,1233476865_1,194,0.005455,0.005455,0.091930
B_impress_1000,1233476865_1,195,0.005451,0.005451,0.091911
B_impress_1000,1233476865_1,196,0.005447,0.005447,0.091894
B_impress_1000,1233476865_1,197,0.005440,0.005440,0.091877
B_impress_1000,1233476865_1,198,0.005432,0.005432,0.091862
B_impress_1000,1233476865_1,199,0.005428,0.005428,0.091847
B_impress_1000,1233476865_1,200,0.005421,0.005421,0.091834
B_impress_1000,1233476865_1,201,0.005417,0.005417,0.091822
B_impress_1000,1233476865_1,202,0.005409,0.005409,0.091811
B_impress_1000,1233476865_1,203,0.005405,0.005405,0.091801
B_impress_1000,1233476865_1,204,0.005402,0.005402,0.091792
B_impress_1000,1233476865_1,205,0.005394,0.005394,0.091784
B_impress_1000,1233476865_1,206,0.005390,0.005390,0.091777
B_impress_1000,1233476865_1,207,0.005383,0.005383,0.091771
B_impress_1000,1233476865_1,208,0.005379,0.005379,0.091766
B_impress_1000,1233476865_1,209,0.005371,0.005371,0.091761
B_impress_1000,1233476865_1,210,0.005367,0.005367,0.091758
B_impress_1000,1233476865_1,211,0.005360,0.005360,0.091757
B_impress_1000,1233476865_1,212,0.005356,0.005356,0.091756
B_impress_1000,1233476865_1,213,0.005352,0.005352,0.091756
B_impress_1000,1233476865_1,214,0.005344,0.005344,0.091756
B_impress_1000,1233476865_1,215,0.005341,0.005341,0.091758
B_impress_1000,1233476865_1,216,0.005333,0.005333,0.091760
B_impress_1000,1233476865_1,217,0.005329,0.005329,0.091764
B_impress_1000,1233476865_1,218,0.005325,0.005325,0.091768
B_impress_1000,1233476865_1,219,0.005322,0.005322,0.091774
B_impress_1000,1233476865_1,220,0.005314,0.005314,0.091780
B_impress_1000,1233476865_1,221,0.005310,0.005310,0.091787
B_impress_1000,1233476865_1,222,0.005302,0.005302,0.091795
B_impress_1000,1233476865_1,223,0.005299,0.005299,0.091805
B_impress_1000,1233476865_1,224,0.005295,0.005295,0.091814
B_impress_1000,1233476865_1,225,0.005291,0.005291,0.091825
B_impress_1000,1233476865_1,226,0.005283,0.005283,0.091836
B_impress_1000,1233476865_1,227,0.005280,0.005280,0.091849
B_impress_1000,1233476865_1,228,0.005276,0.005276,0.091862
B_impress_1000,1233476865_1,229,0.005268,0.005268,0.091876
B_impress_1000,1233476865_1,230,0.005264,0.005264,0.091890
B_impress_1000,1233476865_1,231,0.005260,0.005260,0.091905
B_impress_1000,1233476865_1,232,0.005253,0.005253,0.091921
B_impress_1000,1233476865_1,233,0.005249,0.005249,0.091937
B_impress_1000,1233476865_1,234,0.005245,0.005245,0.091954
B_impress_1000,1233476865_1,235,0.005241,0.005241,0.091972
B_impress_1000,1233476865_1,236,0.005238,0.005238,0.091991
B_impress_1000,1233476865_1,237,0.005230,0.005230,0.092010
B_impress_1000,1233476865_1,238,0.005226,0.005226,0.092030
B_impress_1000,1233476865_1,239,0.005222,0.005222,0.092051
B_impress_1000,1233476865_1,240,0.005219,0.005219,0.092073
B_impress_1000,1233476865_1,241,0.005211,0.005211,0.092095
B_impress_1000,1233476865_1,242,0.005207,0.005207,0.092119
B_impress_1000,1233476865_1,243,0.005203,0.005203,0.092143
B_impress_1000,1233476865_1,244,0.005199,0.005199,0.092167
B_impress_1000,1233476865_1,245,0.005196,0.005196,0.092193
B_impress_1000,1233476865_1,246,0.005192,0.005192,0.092220
B_impress_1000,1233476865_1,247,0.005188,0.005188,0.092248
B_impress_1000,1233476865_1,248,0.005180,0.005180,0.092276
B_impress_1000,1233476865_1,249,0.005177,0.005177,0.092305
B_impress_1000,1233476865_1,250,0.005173,0.005173,0.092334
B_impress_1000,1233476865_1,251,0.005169,0.005169,0.092365
B_impress_1000,1233476865_1,252,0.005161,0.005161,0.092395
B_impress_1000,1233476865_1,253,0.005157,0.005157,0.092426
B_impress_1000,1233476865_1,254,0.005154,0.005154,0.092457
B_impress_1000,1233476865_1,255,0.005150,0.005150,0.092489
B_impress_1000,1233476865_1,256,0.005142,0.005142,0.092522
B_impress_1000,1233476865_1,257,0.005138,0.005138,0.092556
B_impress_1000,1233476865_1,258,0.005135,0.005135,0.092590
B_impress_1000,1233476865_1,259,0.005131,0.005131,0.092625
B_impress_1000,1233476865_1,260,0.005127,0.005127,0.092660
B_impress_1000,1233476865_1,261,0.005123,0.005123,0.092696
B_impress_1000,1233476865_1,262,0.005119,0.005119,0.092732
B_impress_1000,1233476865_1,263,0.005116,0.005116,0.092769
B_impress_1000,1233476865_1,264,0.005112,0.005112,0.092807
B_impress_1000,1233476865_1,265,0.005104,0.005104,0.092846
B_impress_1000,1233476865_1,266,0.005100,0.005100,0.092885
B_impress_1000,1233476865_1,267,0.005096,0.005096,0.092925
B_impress_1000,1233476865_1,268,0.005093,0.005093,0.092966
B_impress_1000,1233476865_1,269,0.005089,0.005089,0.093008
B_impress_1000,1233476865_1,270,0.005085,0.005085,0.093050
B_impress_1000,1233476865_1,271,0.005081,0.005081,0.093092
B_impress_1000,1233476865_1,272,0.005074,0.005074,0.093135
B_impress_1000,1233476865_1,273,0.005074,0.005074,0.093179
B_impress_1000,1233476865_1,274,0.005070,0.005070,0.093223
B_impress_1000,1233476865_1,275,0.005066,0.005066,0.093268
B_impress_1000,1233476865_1,276,0.005062,0.005062,0.093314
B_impress_1000,1233476865_1,277,0.005054,0.005054,0.093360
B_impress_1000,1233476865_1,278,0.005051,0.005051,0.093407
B_impress_1000,1233476865_1,279,0.005047,0.005047,0.093455
B_impress_1000,1233476865_1,280,0.005047,0.005047,0.093503
B_impress_1000,1233476865_1,281,0.005043,0.005043,0.093551
B_impress_1000,1233476865_1,282,0.005039,0.005039,0.093598
B_impress_1000,1233476865_1,283,0.005035,0.005035,0.093646
B_impress_1000,1233476865_1,284,0.005032,0.005032,0.093694
B_impress_1000,1233476865_1,285,0.005028,0.005028,0.093743
B_impress_1000,1233476865_1,286,0.005024,0.005024,0.093793
B_impress_1000,1233476865_1,287,0.005020,0.005020,0.093843
B_impress_1000,1233476865_1,288,0.005016,0.005016,0.093894
B_impress_1000,1233476865_1,289,0.005013,0.005013,0.093945
B_impress_1000,1233476865_1,290,0.005009,0.005009,0.093997
B_impress_1000,1233476865_1,291,0.005005,0.005005,0.094050
B_impress_1000,1233476865_1,292,0.005001,0.005001,0.094103
B_impress_1000,1233476865_1,293,0.005001,0.005001,0.094157
B_impress_1000,1233476865_1,294,0.004997,0.004997,0.094211
B_impress_1000,1233476865_1,295,0.004993,0.004993,0.094266
B_impress_1000,1233476865_1,296,0.004990,0.004990,0.094322
B_impress_1000,1233476865_1,297,0.004986,0.004986,0.094378
B_impress_1000,1233476865_1,298,0.004982,0.004982,0.094435
B_impress_1000,1233476865_1,299,0.004978,0.004978,0.094493
B_impress_1000,1233476865_1,300,0.004978,0.004978,0.094551
B_impress_1000,1233476865_1,301,0.004974,0.004974,0.094609
B_impress_1000,1233476865_1,302,0.004974,0.004974,0.094668
B_impress_1000,1233476865_1,303,0.004971,0.004971,0.094728
B_impress_1000,1233476865_1,304,0.004963,0.004963,0.094788
B_impress_1000,1233476865_1,305,0.004959,0.004959,0.094849
B_impress_1000,1233476865_1,306,0.004959,0.004959,0.094910
B_impress_1000,1233476865_1,307,0.004951,0.004951,0.094972
B_impress_1000,1233476865_1,308,0.004948,0.004948,0.095035
B_impress_1000,1233476865_1,309,0.004944,0.004944,0.095098
B_impress_1000,1233476865_1,310,0.004940,0.004940,0.095162
B_impress_1000,1233476865_1,311,0.004936,0.004936,0.095226
B_impress_1000,1233476865_1,312,0.004932,0.004932,0.095291
B_impress_1000,1233476865_1,313,0.004932,0.004932,0.095356
B_impress_1000,1233476865_1,314,0.004929,0.004929,0.095422
B_impress_1000,1233476865_1,315,0.004925,0.004925,0.095488
B_impress_1000,1233476865_1,316,0.004921,0.004921,0.095554
B_impress_1000,1233476865_1,317,0.004917,0.004917,0.095621
B_impress_1000,1233476865_1,318,0.004913,0.004913,0.095689
B_impress_1000,1233476865_1,319,0.004913,0.004913,0.095756
B_impress_1000,1233476865_1,320,0.004910,0.004910,0.095824
B_impress_1000,1233476865_1,321,0.004906,0.004906,0.095893
B_impress_1000,1233476865_1,322,0.004902,0.004902,0.095957
B_impress_1000,1233476865_1,323,0.004902,0.004902,0.096021
B_impress_1000,1233476865_1,324,0.004898,0.004898,0.096086
B_impress_1000,1233476865_1,325,0.004894,0.004894,0.096151
B_impress_1000,1233476865_1,326,0.004894,0.004894,0.096217
B_impress_1000,1233476865_1,327,0.004890,0.004890,0.096283
B_impress_1000,1233476865_1,328,0.004887,0.004887,0.096350
B_impress_1000,1233476865_1,329,0.004883,0.004883,0.096417
B_impress_1000,1233476865_1,330,0.004883,0.004883,0.096484
B_impress_1000,1233476865_1,331,0.004879,0.004879,0.096550
B_impress_1000,1233476865_1,332,0.004875,0.004875,0.096618
B_impress_1000,1233476865_1,333,0.004875,0.004875,0.096685
B_impress_1000,1233476865_1,334,0.004871,0.004871,0.096753
B_impress_1000,1233476865_1,335,0.004868,0.004868,0.096822
B_impress_1000,1233476865_1,336,0.004864,0.004864,0.096891
B_impress_1000,1233476865_1,337,0.004864,0.004864,0.096960
B_impress_1000,1233476865_1,338,0.004860,0.004860,0.097029
B_impress_1000,1233476865_1,339,0.004860,0.004860,0.097098
B_impress_1000,1233476865_1,340,0.004856,0.004856,0.097168
B_impress_1000,1233476865_1,341,0.004856,0.004856,0.097238
B_impress_1000,1233476865_1,342,0.004852,0.004852,0.097308
B_impress_1000,1233476865_1,343,0.004848,0.004848,0.097378
B_impress_1000,1233476865_1,344,0.004845,0.004845,0.097449
B_impress_1000,1233476865_1,345,0.004841,0.004841,0.097520
B_impress_1000,1233476865_1,346,0.004841,0.004841,0.097591
B_impress_1000,1233476865_1,347,0.004837,0.004837,0.097662
B_impress_1000,1233476865_1,348,0.004833,0.004833,0.097734
B_impress_1000,1233476865_1,349,0.004833,0.004833,0.097805
B_impress_1000,1233476865_1,350,0.004829,0.004829,0.097877
B_impress_1000,1233476865_1,351,0.004829,0.004829,0.097949
B_impress_1000,1233476865_1,352,0.004826,0.004826,0.098021
B_impress_1000,1233476865_1,353,0.004822,0.004822,0.098094
B_impress_1000,1233476865_1,354,0.004822,0.004822,0.098167
B_impress_1000,1233476865_1,355,0.004818,0.004818,0.098241
B_impress_1000,1233476865_1,356,0.004814,0.004814,0.098315
B_impress_1000,1233476865_1,357,0.004810,0.004810,0.098390
B_impress_1000,1233476865_1,358,0.004810,0.004810,0.098464
B_impress_1000,1233476865_1,359,0.004807,0.004807,0.098539
B_impress_1000,1233476865_1,360,0.004803,0.004803,0.098614
B_impress_1000,1233476865_1,361,0.004803,0.004803,0.098689
B_impress_1000,1233476865_1,362,0.004799,0.004799,0.098764
B_impress_1000,1233476865_1,363,0.004795,0.004795,0.098840
B_impress_1000,1233476865_1,364,0.004795,0.004795,0.098916
B_impress_1000,1233476865_1,365,0.004791,0.004791,0.098993
B_impress_1000,1233476865_1,366,0.004787,0.004787,0.099069
B_impress_1000,1233476865_1,367,0.004787,0.004787,0.099146
B_impress_1000,1233476865_1,368,0.004787,0.004787,0.099223
B_impress_1000,1233476865_1,369,0.004784,0.004784,0.099300
B_impress_1000,1233476865_1,370,0.004780,0.004780,0.099378
B_impress_1000,1233476865_1,371,0.004780,0.004780,0.099457
B_impress_1000,1233476865_1,372,0.004780,0.004780,0.099535
B_impress_1000,1233476865_1,373,0.004776,0.004776,0.099614
B_impress_1000,1233476865_1,374,0.004772,0.004772,0.099693
B_impress_1000,1233476865_1,375,0.004772,0.004772,0.099773
B_impress_1000,1233476865_1,376,0.004768,0.004768,0.099853
B_impress_1000,1233476865_1,377,0.004768,0.004768,0.099932
B_impress_1000,1233476865_1,378,0.004765,0.004765,0.100012
B_impress_1000,1233476865_1,379,0.004761,0.004761,0.099727
B_impress_1000,1233476865_1,380,0.004761,0.004761,0.099485
B_impress_1000,1233476865_1,381,0.004757,0.004757,0.099267
B_impress_1000,1233476865_1,382,0.004753,0.004753,0.099065
B_impress_1000,1233476865_1,383,0.004753,0.004753,0.098930
B_impress_1000,1233476865_1,384,0.004749,0.004749,0.098801
B_impress_1000,1233476865_1,385,0.004749,0.004749,0.098677
B_impress_1000,1233476865_1,386,0.004745,0.004745,0.098558
B_impress_1000,1233476865_1,387,0.004745,0.004745,0.098444
B_impress_1000,1233476865_1,388,0.004742,0.004742,0.098334
B_impress_1000,1233476865_1,389,0.004742,0.004742,0.098227
B_impress_1000,1233476865_1,390,0.004738,0.004738,0.098124
B_impress_1000,1233476865_1,391,0.004738,0.004738,0.098024
B_impress_1000,1233476865_1,392,0.004734,0.004734,0.097928
B_impress_1000,1233476865_1,393,0.004730,0.004730,0.097835
B_impress_1000,1233476865_1,394,0.004730,0.004730,0.097747
B_impress_1000,1233476865_1,395,0.004726,0.004726,0.097662
B_impress_1000,1233476865_1,396,0.004726,0.004726,0.097581
B_impress_1000,1233476865_1,397,0.004723,0.004723,0.097503
B_impress_1000,1233476865_1,398,0.004723,0.004723,0.097428
B_impress_1000,1233476865_1,399,0.004723,0.004723,0.097357
B_impress_1000,1233476865_1,400,0.004719,0.004719,0.097290
B_impress_1000,1233476865_1,401,0.004719,0.004719,0.097225
B_impress_1000,1233476865_1,402,0.004715,0.004715,0.097164
B_impress_1000,1233476865_1,403,0.004715,0.004715,0.097106
B_impress_1000,1233476865_1,404,0.004711,0.004711,0.097052
B_impress_1000,1233476865_1,405,0.004711,0.004711,0.097000
B_impress_1000,1233476865_1,406,0.004707,0.004707,0.096951
B_impress_1000,1233476865_1,407,0.004707,0.004707,0.096905
B_impress_1000,1233476865_1,408,0.004704,0.004704,0.096863
B_impress_1000,1233476865_1,409,0.004700,0.004700,0.096822
B_impress_1000,1233476865_1,410,0.004700,0.004700,0.096784
B_impress_1000,1233476865_1,411,0.004696,0.004696,0.096749
B_impress_1000,1233476865_1,412,0.004696,0.004696,0.096717
B_impress_1000,1233476865_1,413,0.004696,0.004696,0.096687
B_impress_1000,1233476865_1,414,0.004692,0.004692,0.096660
B_impress_1000,1233476865_1,415,0.004692,0.004692,0.096634
B_impress_1000,1233476865_1,416,0.004688,0.004688,0.096611
B_impress_1000,1233476865_1,417,0.004688,0.004688,0.096590
B_impress_1000,1233476865_1,418,0.004684,0.004684,0.096571
B_impress_1000,1233476865_1,419,0.004681,0.004681,0.096554
B_impress_1000,1233476865_1,420,0.004681,0.004681,0.096539
B_impress_1000,1233476865_1,421,0.004681,0.004681,0.096526
B_impress_1000,1233476865_1,422,0.004677,0.004677,0.096514
B_impress_1000,1233476865_1,423,0.004677,0.004677,0.096505
B_impress_1000,1233476865_1,424,0.004673,0.004673,0.096497
B_impress_1000,1233476865_1,425,0.004673,0.004673,0.096490
B_impress_1000,1233476865_1,426,0.004673,0.004673,0.096485
B_impress_1000,1233476865_1,427,0.004669,0.004669,0.096481
B_impress_1000,1233476865_1,428,0.004665,0.004665,0.096479
B_impress_1000,1233476865_1,429,0.004665,0.004665,0.096477
B_impress_1000,1233476865_1,430,0.004665,0.004665,0.096477
B_impress_1000,1233476865_1,431,0.004662,0.004662,0.096478
B_impress_1000,1233476865_1,432,0.004662,0.004662,0.096481
B_impress_1000,1233476865_1,433,0.004662,0.004662,0.096485
B_impress_1000,1233476865_1,434,0.004658,0.004658,0.096490
B_impress_1000,1233476865_1,435,0.004658,0.004658,0.096496
B_impress_1000,1233476865_1,436,0.004654,0.004654,0.096504
B_impress_1000,1233476865_1,437,0.004654,0.004654,0.096512
B_impress_1000,1233476865_1,438,0.004654,0.004654,0.096522
B_impress_1000,1233476865_1,439,0.004650,0.004650,0.096533
B_impress_1000,1233476865_1,440,0.004650,0.004650,0.096544
B_impress_1000,1233476865_1,441,0.004646,0.004646,0.096557
B_impress_1000,1233476865_1,442,0.004646,0.004646,0.096570
B_impress_1000,1233476865_1,443,0.004646,0.004646,0.096585
B_impress_1000,1233476865_1,444,0.004642,0.004642,0.096600
B_impress_1000,1233476865_1,445,0.004642,0.004642,0.096616
B_impress_1000,1233476865_1,446,0.004642,0.004642,0.096634
B_impress_1000,1233476865_1,447,0.004639,0.004639,0.096652
B_impress_1000,1233476865_1,448,0.004639,0.004639,0.096669
B_impress_1000,1233476865_1,449,0.004635,0.004635,0.096687
B_impress_1000,1233476865_1,450,0.004635,0.004635,0.096705
B_impress_1000,1233476865_1,451,0.004635,0.004635,0.096725
B_impress_1000,1233476865_1,452,0.004631,0.004631,0.096746
B_impress_1000,1233476865_1,453,0.004631,0.004631,0.096767
B_impress_1000,1233476865_1,454,0.004627,0.004627,0.096790
B_impress_1000,1233476865_1,455,0.004627,0.004627,0.096814
B_impress_1000,1233476865_1,456,0.004627,0.004627,0.096838
B_impress_1000,1233476865_1,457,0.004627,0.004627,0.096862
B_impress_1000,1233476865_1,458,0.004627,0.004627,0.096888
B_impress_1000,1233476865_1,459,0.004623,0.004623,0.096914
B_impress_1000,1233476865_1,460,0.004623,0.004623,0.096941
B_impress_1000,1233476865_1,461,0.004620,0.004620,0.096968
B_impress_1000,1233476865_1,462,0.004620,0.004620,0.096996
B_impress_1000,1233476865_1,463,0.004620,0.004620,0.097025
B_impress_1000,1233476865_1,464,0.004620,0.004620,0.097054
B_impress_1000,1233476865_1,465,0.004616,0.004616,0.097084
B_impress_1000,1233476865_1,466,0.004612,0.004612,0.097115
B_impress_1000,1233476865_1,467,0.004612,0.004612,0.097146
B_impress_1000,1233476865_1,468,0.004616,0.004616,0.097177
B_impress_1000,1233476865_1,469,0.004612,0.004612,0.097209
B_impress_1000,1233476865_1,470,0.004612,0.004612,0.097242
B_impress_1000,1233476865_1,471,0.004612,0.004612,0.097275
B_impress_1000,1233476865_1,472,0.004608,0.004608,0.097308
B_impress_1000,1233476865_1,473,0.004608,0.004608,0.097343
B_impress_1000,1233476865_1,474,0.004608,0.004608,0.097377
B_impress_1000,1233476865_1,475,0.004604,0.004604,0.097412
B_impress_1000,1233476865_1,476,0.004604,0.004604,0.097447
B_impress_1000,1233476865_1,477,0.004601,0.004601,0.097483
B_impress_1000,1233476865_1,478,0.004601,0.004601,0.097519
B_impress_1000,1233476865_1,479,0.004601,0.004601,0.097556
B_impress_1000,1233476865_1,480,0.004601,0.004601,0.097592
B_impress_1000,1233476865_1,481,0.004597,0.004597,0.097630
B_impress_1000,1233476865_1,482,0.004597,0.004597,0.097668
B_impress_1000,1233476865_1,483,0.004597,0.004597,0.097706
B_impress_1000,1233476865_1,484,0.004593,0.004593,0.097745
B_impress_1000,1233476865_1,485,0.004593,0.004593,0.097784
B_impress_1000,1233476865_1,486,0.004593,0.004593,0.097823
B_impress_1000,1233476865_1,487,0.004589,0.004589,0.097863
B_impress_1000,1233476865_1,488,0.004589,0.004589,0.097903
B_impress_1000,1233476865_1,489,0.004589,0.004589,0.097944
B_impress_1000,1233476865_1,490,0.004589,0.004589,0.097985
B_impress_1000,1233476865_1,491,0.004585,0.004585,0.098026
B_impress_1000,1233476865_1,492,0.004585,0.004585,0.098068
B_impress_1000,1233476865_1,493,0.004585,0.004585,0.098110
B_impress_1000,1233476865_1,494,0.004581,0.004581,0.098152
B_impress_1000,1233476865_1,495,0.004581,0.004581,0.098179
B_impress_1000,1233476865_1,496,0.004581,0.004581,0.098206
B_impress_1000,1233476865_1,497,0.004581,0.004581,0.098233
B_impress_1000,1233476865_1,498,0.004578,0.004578,0.098260
B_impress_1000,1233476865_1,499,0.004581,0.004581,0.098287
B_impress_1000,1233476865_1,500,0.004578,0.004578,0.098314
B_impress_1000,1233476865_1,501,0.004578,0.004578,0.098341
B_impress_1000,1233476865_1,502,0.004574,0.004574,0.098368
B_impress_1000,1233476865_1,503,0.004574,0.004574,0.098395
B_impress_1000,1233476865_1,504,0.004574,0.004574,0.098423
B_impress_1000,1233476865_1,505,0.004574,0.004574,0.098451
B_impress_1000,1233476865_1,506,0.004574,0.004574,0.098478
B_impress_1000,1233476865_1,507,0.004570,0.004570,0.098506
B_impress_1000,1233476865_1,508,0.004570,0.004570,0.098533
B_impress_1000,1233476865_1,509,0.004570,0.004570,0.098561
B_impress_1000,1233476865_1,510,0.004570,0.004570,0.098589
B_impress_1000,1233476865_1,511,0.004566,0.004566,0.098617
B_impress_1000,1233476865_1,512,0.004566,0.004566,0.098645
B_impress_1000,1233476865_1,513,0.004566,0.004566,0.098673
B_impress_1000,1233476865_1,514,0.004566,0.004566,0.098701
B_impress_1000,1233476865_1,515,0.004562,0.004562,0.098730
B_impress_1000,1233476865_1,516,0.004562,0.004562,0.098758
B_impress_1000,1233476865_1,517,0.004562,0.004562,0.098786
B_impress_1000,1233476865_1,518,0.004562,0.004562,0.098815
B_impress_1000,1233476865_1,519,0.004559,0.004559,0.098843
B_impress_1000,1233476865_1,520,0.004559,0.004559,0.098872
B_impress_1000,1233476865_1,521,0.004559,0.004559,0.098901
B_impress_1000,1233476865_1,522,0.004559,0.004559,0.098930
B_impress_1000,1233476865_1,523,0.004559,0.004559,0.098959
B_impress_1000,1233476865_1,524,0.004559,0.004559,0.098988
B_impress_1000,1233476865_1,525,0.004555,0.004555,0.099017
B_impress_1000,1233476865_1,526,0.004555,0.004555,0.099046
B_impress_1000,1233476865_1,527,0.004555,0.004555,0.099075
B_impress_1000,1233476865_1,528,0.004555,0.004555,0.099104
B_impress_1000,1233476865_1,529,0.004551,0.004551,0.099134
B_impress_1000,1233476865_1,530,0.004551,0.004551,0.099163
B_impress_1000,1233476865_1,531,0.004551,0.004551,0.099192
B_impress_1000,1233476865_1,532,0.004551,0.004551,0.099221
B_impress_1000,1233476865_1,533,0.004551,0.004551,0.099250
B_impress_1000,1233476865_1,534,0.004547,0.004547,0.099280
B_impress_1000,1233476865_1,535,0.004547,0.004547,0.099309
B_impress_1000,1233476865_1,536,0.004547,0.004547,0.099339
B_impress_1000,1233476865_1,537,0.004547,0.004547,0.099368
B_impress_1000,1233476865_1,538,0.004543,0.004543,0.099397
B_impress_1000,1233476865_1,539,0.004543,0.004543,0.099427
B_impress_1000,1233476865_1,540,0.004543,0.004543,0.099456
B_impress_1000,1233476865_1,541,0.004543,0.004543,0.099486
B_impress_1000,1233476865_1,542,0.004543,0.004543,0.099515
B_impress_1000,1233476865_1,543,0.004539,0.004539,0.099545
B_impress_1000,1233476865_1,544,0.004539,0.004539,0.099574
B_impress_1000,1233476865_1,545,0.004539,0.004539,0.099604
B_impress_1000,1233476865_1,546,0.004539,0.004539,0.099633
B_impress_1000,1233476865_1,547,0.004536,0.004536,0.099663
B_impress_1000,1233476865_1,548,0.004536,0.004536,0.099692
B_impress_1000,1233476865_1,549,0.004536,0.004536,0.099722
B_impress_1000,1233476865_1,550,0.004536,0.004536,0.099751
B_impress_1000,1233476865_1,551,0.004536,0.004536,0.099780
B_impress_1000,1233476865_1,552,0.004536,0.004536,0.099809
B_impress_1000,1233476865_1,553,0.004536,0.004536,0.099838
B_impress_1000,1233476865_1,554,0.004532,0.004532,0.099867
B_impress_1000,1233476865_1,555,0.004532,0.004532,0.099896
B_impress_1000,1233476865_1,556,0.004532,0.004532,0.099925
B_impress_1000,1233476865_1,557,0.004528,0.004528,0.099954
B_impress_1000,1233476865_1,558,0.004528,0.004528,0.099984
B_impress_1000,1233476865_1,559,0.004528,0.004528,0.100013
B_impress_1000,1233476865_1,560,0.004528,0.004528,0.099972
B_impress_1000,1233476865_1,561,0.004528,0.004528,0.099941
B_impress_1000,1233476865_1,562,0.004528,0.004528,0.099911
B_impress_1000,1233476865_1,563,0.004524,0.004524,0.099882
B_impress_1000,1233476865_1,564,0.004528,0.004528,0.099853
B_impress_1000,1233476865_1,565,0.004524,0.004524,0.099825
B_impress_1000,1233476865_1,566,0.004520,0.004520,0.099796
B_impress_1000,1233476865_1,567,0.004520,0.004520,0.099768
B_impress_1000,1233476865_1,568,0.004520,0.004520,0.099740
B_impress_1000,1233476865_1,569,0.004524,0.004524,0.099713
B_impress_1000,1233476865_1,570,0.004520,0.004520,0.099685
B_impress_1000,1233476865_1,571,0.004520,0.004520,0.099658
B_impress_1000,1233476865_1,572,0.004520,0.004520,0.099631
B_impress_1000,1233476865_1,573,0.004520,0.004520,0.099604
B_impress_1000,1233476865_1,574,0.004520,0.004520,0.099578
B_impress_1000,1233476865_1,575,0.004517,0.004517,0.099551
B_impress_1000,1233476865_1,576,0.004517,0.004517,0.099525
B_impress_1000,1233476865_1,577,0.004517,0.004517,0.099501
B_impress_1000,1233476865_1,578,0.004517,0.004517,0.099477
B_impress_1000,1233476865_1,579,0.004513,0.004513,0.099454
B_impress_1000,1233476865_1,580,0.004513,0.004513,0.099432
B_impress_1000,1233476865_1,581,0.004517,0.004517,0.099409
B_impress_1000,1233476865_1,582,0.004513,0.004513,0.099387
B_impress_1000,1233476865_1,583,0.004513,0.004513,0.099364
B_impress_1000,1233476865_1,584,0.004513,0.004513,0.099342
B_impress_1000,1233476865_1,585,0.004513,0.004513,0.099320
B_impress_1000,1233476865_1,586,0.004509,0.004509,0.099298
B_impress_1000,1233476865_1,587,0.004509,0.004509,0.099276
B_impress_1000,1233476865_1,588,0.004509,0.004509,0.099254
B_impress_1000,1233476865_1,589,0.004509,0.004509,0.099233
B_impress_1000,1233476865_1,590,0.004509,0.004509,0.099211
B_impress_1000,1233476865_1,591,0.004505,0.004505,0.099190
B_impress_1000,1233476865_1,592,0.004505,0.004505,0.099169
B_impress_1000,1233476865_1,593,0.004509,0.004509,0.099149
B_impress_1000,1233476865_1,594,0.004505,0.004505,0.099128
B_impress_1000,1233476865_1,595,0.004505,0.004505,0.099108
B_impress_1000,1233476865_1,596,0.004505,0.004505,0.099088
B_impress_1000,1233476865_1,597,0.004505,0.004505,0.099068
B_impress_1000,1233476865_1,598,0.004505,0.004505,0.099048
B_impress_1000,1233476865_1,599,0.004501,0.004501,0.099028
B_impress_1000,1233476865_1,600,0.004505,0.004505,0.099009
B_impress_1000,1233476865_1,601,0.004501,0.004501,0.098990
B_impress_1000,1233476865_1,602,0.004501,0.004501,0.098971
B_impress_1000,1233476865_1,603,0.004501,0.004501,0.098952
B_impress_1000,1233476865_1,604,0.004501,0.004501,0.098933
B_impress_1000,1233476865_1,605,0.004498,0.004498,0.098915
B_impress_1000,1233476865_1,606,0.004501,0.004501,0.098901
B_impress_1000,1233476865_1,607,0.004501,0.004501,0.098887
B_impress_1000,1233476865_1,608,0.004501,0.004501,0.098873
B_impress_1000,1233476865_1,609,0.004501,0.004501,0.098860
B_impress_1000,1233476865_1,610,0.004498,0.004498,0.098846
B_impress_1000,1233476865_1,611,0.004498,0.004498,0.098832
B_impress_1000,1233476865_1,612,0.004498,0.004498,0.098819
B_impress_1000,1233476865_1,613,0.004498,0.004498,0.098806
B_impress_1000,1233476865_1,614,0.004498,0.004498,0.098792
B_impress_1000,1233476865_1,615,0.004498,0.004498,0.098779
B_impress_1000,1233476865_1,616,0.004498,0.004498,0.098766
B_impress_1000,1233476865_1,617,0.004494,0.004494,0.098753
B_impress_1000,1233476865_1,618,0.004498,0.004498,0.098741
B_impress_1000,1233476865_1,619,0.004498,0.004498,0.098728
B_impress_1000,1233476865_1,620,0.004494,0.004494,0.098716
B_impress_1000,1233476865_1,621,0.004494,0.004494,0.098704
B_impress_1000,1233476865_1,622,0.004494,0.004494,0.098692
B_impress_1000,1233476865_1,623,0.004494,0.004494,0.098680
B_impress_1000,1233476865_1,624,0.004494,0.004494,0.098668
B_impress_1000,1233476865_1,625,0.004490,0.004490,0.098656
B_impress_1000,1233476865_1,626,0.004494,0.004494,0.098645
B_impress_1000,1233476865_1,627,0.004490,0.004490,0.098633
B_impress_1000,1233476865_1,628,0.004494,0.004494,0.098622
B_impress_1000,1233476865_1,629,0.004490,0.004490,0.098610
B_impress_1000,1233476865_1,630,0.004490,0.004490,0.098599
B_impress_1000,1233476865_1,631,0.004490,0.004490,0.098588
B_impress_1000,1233476865_1,632,0.004494,0.004494,0.098577
B_impress_1000,1233476865_1,633,0.004490,0.004490,0.098566
B_impress_1000,1233476865_1,634,0.004490,0.004490,0.098555
B_impress_1000,1233476865_1,635,0.004490,0.004490,0.098545
B_impress_1000,1233476865_1,636,0.004490,0.004490,0.098534
B_impress_1000,1233476865_1,637,0.004490,0.004490,0.098524
B_impress_1000,1233476865_1,638,0.004486,0.004486,0.098513
B_impress_1000,1233476865_1,639,0.004490,0.004490,0.098503
B_impress_1000,1233476865_1,640,0.004490,0.004490,0.098493
B_impress_1000,1233476865_1,641,0.004490,0.004490,0.098483
B_impress_1000,1233476865_1,642,0.004490,0.004490,0.098473
B_impress_1000,1233476865_1,643,0.004486,0.004486,0.098463
B_impress_1000,1233476865_1,644,0.004486,0.004486,0.098453
B_impress_1000,1233476865_1,645,0.004486,0.004486,0.098443
B_impress_1000,1233476865_1,646,0.004486,0.004486,0.098433
B_impress_1000,1233476865_1,647,0.004486,0.004486,0.098424
B_impress_1000,1233476865_1,648,0.004486,0.004486,0.098414
B_impress_1000,1233476865_1,649,0.004486,0.004486,0.098405
B_impress_1000,1233476865_1,650,0.004486,0.004486,0.098396
B_impress_1000,1233476865_1,651,0.004486,0.004486,0.098387
B_impress_1000,1233476865_1,652,0.004482,0.004482,0.098377
B_impress_1000,1233476865_1,653,0.004482,0.004482,0.098368
B_impress_1000,1233476865_1,654,0.004482,0.004482,0.098359
B_impress_1000,1233476865_1,655,0.004482,0.004482,0.098351
B_impress_1000,1233476865_1,656,0.004482,0.004482,0.098342
B_impress_1000,1233476865_1,657,0.004482,0.004482,0.098333
B_impress_1000,1233476865_1,658,0.004482,0.004482,0.098325
B_impress_1000,1233476865_1,659,0.004482,0.004482,0.098316
B_impress_1000,1233476865_1,660,0.004482,0.004482,0.098308
B_impress_1000,1233476865_1,661,0.004482,0.004482,0.098300
B_impress_1000,1233476865_1,662,0.004482,0.004482,0.098292
B_impress_1000,1233476865_1,663,0.004478,0.004478,0.098283
B_impress_1000,1233476865_1,664,0.004478,0.004478,0.098275
B_impress_1000,1233476865_1,665,0.004478,0.004478,0.098267
B_impress_1000,1233476865_1,666,0.004478,0.004478,0.098263
B_impress_1000,1233476865_1,667,0.004478,0.004478,0.098259
B_impress_1000,1233476865_1,668,0.004478,0.004478,0.098255
B_impress_1000,1233476865_1,669,0.004478,0.004478,0.098251
B_impress_1000,1233476865_1,670,0.004478,0.004478,0.098247
B_impress_1000,1233476865_1,671,0.004478,0.004478,0.098243
B_impress_1000,1233476865_1,672,0.004478,0.004478,0.098239
B_impress_1000,1233476865_1,673,0.004478,0.004478,0.098235
B_impress_1000,1233476865_1,674,0.004478,0.004478,0.098231
B_impress_1000,1233476865_1,675,0.004475,0.004475,0.098228
B_impress_1000,1233476865_1,676,0.004475,0.004475,0.098224
B_impress_1000,1233476865_1,677,0.004475,0.004475,0.098220
B_impress_1000,1233476865_1,678,0.004478,0.004478,0.098216
B_impress_1000,1233476865_1,679,0.004475,0.004475,0.098213
B_impress_1000,1233476865_1,680,0.004475,0.004475,0.098209
B_impress_1000,1233476865_1,681,0.004475,0.004475,0.098205
B_impress_1000,1233476865_1,682,0.004475,0.004475,0.098202
B_impress_1000,1233476865_1,683,0.004475,0.004475,0.098198
B_impress_1000,1233476865_1,684,0.004471,0.004471,0.098194
B_impress_1000,1233476865_1,685,0.004471,0.004471,0.098191
B_impress_1000,1233476865_1,686,0.004475,0.004475,0.098187
B_impress_1000,1233476865_1,687,0.004471,0.004471,0.098184
B_impress_1000,1233476865_1,688,0.004475,0.004475,0.098180
B_impress_1000,1233476865_1,689,0.004471,0.004471,0.098176
B_impress_1000,1233476865_1,690,0.004471,0.004471,0.098173
B_impress_1000,1233476865_1,691,0.004471,0.004471,0.098170
B_impress_1000,1233476865_1,692,0.004471,0.004471,0.098166
B_impress_1000,1233476865_1,693,0.004471,0.004471,0.098163
B_impress_1000,1233476865_1,694,0.004471,0.004471,0.098159
B_impress_1000,1233476865_1,695,0.004471,0.004471,0.098156
B_impress_1000,1233476865_1,696,0.004471,0.004471,0.098153
B_impress_1000,1233476865_1,697,0.004471,0.004471,0.098150
B_impress_1000,1233476865_1,698,0.004471,0.004471,0.098146
B_impress_1000,1233476865_1,699,0.004467,0.004467,0.098143
B_impress_1000,1233476865_1,700,0.004467,0.004467,0.098140
B_impress_1000,1233476865_1,701,0.004467,0.004467,0.098137
B_impress_1000,1233476865_1,702,0.004471,0.004471,0.098134
B_impress_1000,1233476865_1,703,0.004467,0.004467,0.098131
B_impress_1000,1233476865_1,704,0.004467,0.004467,0.098128
B_impress_1000,1233476865_1,705,0.004467,0.004467,0.098125
B_impress_1000,1233476865_1,706,0.004467,0.004467,0.098122
B_impress_1000,1233476865_1,707,0.004471,0.004471,0.098118
B_impress_1000,1233476865_1,708,0.004467,0.004467,0.098115
B_impress_1000,1233476865_1,709,0.004467,0.004467,0.098112
B_impress_1000,1233476865_1,710,0.004467,0.004467,0.098109
B_impress_1000,1233476865_1,711,0.004463,0.004463,0.098106
B_impress_1000,1233476865_1,712,0.004467,0.004467,0.098103
B_impress_1000,1233476865_1,713,0.004463,0.004463,0.098100
B_impress_1000,1233476865_1,714,0.004467,0.004467,0.098097
B_impress_1000,1233476865_1,715,0.004463,0.004463,0.098095
B_impress_1000,1233476865_1,716,0.004467,0.004467,0.098092
B_impress_1000,1233476865_1,717,0.004463,0.004463,0.098089
B_impress_1000,1233476865_1,718,0.004463,0.004463,0.098086
B_impress_1000,1233476865_1,719,0.004463,0.004463,0.098084
B_impress_1000,1233476865_1,720,0.004467,0.004467,0.098081
B_impress_1000,1233476865_1,721,0.004463,0.004463,0.098078
B_impress_1000,1233476865_1,722,0.004463,0.004463,0.098076
B_impress_1000,1233476865_1,723,0.004463,0.004463,0.098073
B_impress_1000,1233476865_1,724,0.004463,0.004463,0.098070
B_impress_1000,1233476865_1,725,0.004463,0.004463,0.098068
B_impress_1000,1233476865_1,726,0.004463,0.004463,0.098065
B_impress_1000,1233476865_1,727,0.004463,0.004463,0.098063
B_impress_1000,1233476865_1,728,0.004463,0.004463,0.098060
B_impress_1000,1233476865_1,729,0.004463,0.004463,0.098057
B_impress_1000,1233476865_1,730,0.004463,0.004463,0.098055
B_impress_1000,1233476865_1,731,0.004463,0.004463,0.098052
B_impress_1000,1233476865_1,732,0.004463,0.004463,0.098050
B_impress_1000,1233476865_1,733,0.004459,0.004459,0.098048
B_impress_1000,1233476865_1,734,0.004463,0.004463,0.098047
B_impress_1000,1233476865_1,735,0.004459,0.004459,0.098045
B_impress_1000,1233476865_1,736,0.004463,0.004463,0.098043
B_impress_1000,1233476865_1,737,0.004463,0.004463,0.098042
B_impress_1000,1233476865_1,738,0.004459,0.004459,0.098040
B_impress_1000,1233476865_1,739,0.004459,0.004459,0.098039
B_impress_1000,1233476865_1,740,0.004459,0.004459,0.098037
B_impress_1000,1233476865_1,741,0.004463,0.004463,0.098035
B_impress_1000,1233476865_1,742,0.004459,0.004459,0.098034
B_impress_1000,1233476865_1,743,0.004459,0.004459,0.098032
B_impress_1000,1233476865_1,744,0.004459,0.004459,0.098031
B_impress_1000,1233476865_1,745,0.004459,0.004459,0.098029
B_impress_1000,1233476865_1,746,0.004463,0.004463,0.098028
B_impress_1000,1233476865_1,747,0.004459,0.004459,0.098026
B_impress_1000,1233476865_1,748,0.004459,0.004459,0.098025
B_impress_1000,1233476865_1,749,0.004459,0.004459,0.098023
B_impress_1000,1233476865_1,750,0.004459,0.004459,0.098022
B_impress_1000,1233476865_1,751,0.004459,0.004459,0.098021
B_impress_1000,1233476865_1,752,0.004459,0.004459,0.098019
B_impress_1000,1233476865_1,753,0.004459,0.004459,0.098018
B_impress_1000,1233476865_1,754,0.004459,0.004459,0.098016
B_impress_1000,1233476865_1,755,0.004459,0.004459,0.098015
B_impress_1000,1233476865_1,756,0.004459,0.004459,0.098013
B_impress_1000,1233476865_1,757,0.004459,0.004459,0.098012
B_impress_1000,1233476865_1,758,0.004459,0.004459,0.098010
B_impress_1000,1233476865_1,759,0.004459,0.004459,0.098009
B_impress_1000,1233476865_1,760,0.004459,0.004459,0.098008
B_impress_1000,1233476865_1,761,0.004459,0.004459,0.098006
B_impress_1000,1233476865_1,762,0.004459,0.004459,0.098005
B_impress_1000,1233476865_1,763,0.004459,0.004459,0.098003
B_impress_1000,1233476865_1,764,0.004459,0.004459,0.098002
B_impress_1000,1233476865_1,765,0.004459,0.004459,0.098001
B_impress_1000,1233476865_1,766,0.004459,0.004459,0.097999
B_impress_1000,1233476865_1,767,0.004459,0.004459,0.097998
B_impress_1000,1233476865_1,768,0.004459,0.004459,0.097997
B_impress_1000,1233476865_1,769,0.004459,0.004459,0.097995
B_impress_1000,1233476865_1,770,0.004456,0.004456,0.097994
B_impress_1000,1233476865_1,771,0.004459,0.004459,0.097994
B_impress_1000,1233476865_1,772,0.004456,0.004456,0.097993
B_impress_1000,1233476865_1,773,0.004456,0.004456,0.097993
B_impress_1000,1233476865_1,774,0.004459,0.004459,0.097992
B_impress_1000,1233476865_1,775,0.004459,0.004459,0.097992
B_impress_1000,1233476865_1,776,0.004459,0.004459,0.097991
B_impress_1000,1233476865_1,777,0.004459,0.004459,0.097991
B_impress_1000,1233476865_1,778,0.004459,0.004459,0.097991
B_impress_1000,1233476865_1,779,0.004459,0.004459,0.097990
B_impress_1000,1233476865_1,780,0.004459,0.004459,0.097990
B_impress_1000,1233476865_1,781,0.004459,0.004459,0.097989
B_impress_1000,1233476865_1,782,0.004459,0.004459,0.097989
B_impress_1000,1233476865_1,783,0.004456,0.004456,0.097989
B_impress_1000,1233476865_1,784,0.004456,0.004456,0.097988
B_impress_1000,1233476865_1,785,0.004456,0.004456,0.097988
B_impress_1000,1233476865_1,786,0.004456,0.004456,0.097987
B_impress_1000,1233476865_1,787,0.004456,0.004456,0.097987
B_impress_1000,1233476865_1,788,0.004459,0.004459,0.097987
B_impress_1000,1233476865_1,789,0.004456,0.004456,0.097986
B_impress_1000,1233476865_1,790,0.004459,0.004459,0.097986
B_impress_1000,1233476865_1,791,0.004456,0.004456,0.097985
B_impress_1000,1233476865_1,792,0.004459,0.004459,0.097985
B_impress_1000,1233476865_1,793,0.004459,0.004459,0.097985
B_impress_1000,1233476865_1,794,0.004459,0.004459,0.097984
B_impress_1000,1233476865_1,795,0.004459,0.004459,0.097984
B_impress_1000,1233476865_1,796,0.004456,0.004456,0.097984
B_impress_1000,1233476865_1,797,0.004459,0.004459,0.097983
B_impress_1000,1233476865_1,798,0.004459,0.004459,0.097983
B_impress_1000,1233476865_1,799,0.004456,0.004456,0.097982
B_impress_1000,1233476865_1,800,0.004456,0.004456,0.097982
B_impress_1000,1233476865_1,801,0.004459,0.004459,0.097982
B_impress_1000,1233476865_1,802,0.004459,0.004459,0.097981
B_impress_1000,1233476865_1,803,0.004459,0.004459,0.097981
B_impress_1000,1233476865_1,804,0.004456,0.004456,0.097980
B_impress_1000,1233476865_1,805,0.004459,0.004459,0.097980
B_impress_1000,1233476865_1,806,0.004456,0.004456,0.097980
B_impress_1000,1233476865_1,807,0.004456,0.004456,0.097979
B_impress_1000,1233476865_1,808,0.004459,0.004459,0.097979
B_impress_1000,1233476865_1,809,0.004456,0.004456,0.097979
B_impress_1000,1233476865_1,810,0.004456,0.004456,0.097978
B_impress_1000,1233476865_1,811,0.004456,0.004456,0.097978
B_impress_1000,1233476865_1,812,0.004456,0.004456,0.097977
B_impress_1000,1233476865_1,813,0.004456,0.004456,0.097977
B_impress_1000,1233476865_1,814,0.004459,0.004459,0.097977
B_impress_1000,1233476865_1,815,0.004456,0.004456,0.097976
B_impress_1000,1233476865_1,816,0.004456,0.004456,0.097976
B_impress_1000,1233476865_1,817,0.004456,0.004456,0.097976
B_impress_1000,1233476865_1,818,0.004456,0.004456,0.097976
B_impress_1000,1233476865_1,819,0.004459,0.004459,0.097975
B_impress_1000,1233476865_1,820,0.004456,0.004456,0.097975
B_impress_1000,1233476865_1,821,0.004456,0.004456,0.097975
B_impress_1000,1233476865_1,822,0.004456,0.004456,0.097975
B_impress_1000,1233476865_1,823,0.004456,0.004456,0.097975
B_impress_1000,1233476865_1,824,0.004456,0.004456,0.097974
B_impress_1000,1233476865_1,825,0.004456,0.004456,0.097974
B_impress_1000,1233476865_1,826,0.004456,0.004456,0.097974
B_impress_1000,1233476865_1,827,0.004456,0.004456,0.097974
B_impress_1000,1233476865_1,828,0.004456,0.004456,0.097973
B_impress_1000,1233476865_1,829,0.004456,0.004456,0.097973
B_impress_1000,1233476865_1,830,0.004456,0.004456,0.097973
B_impress_1000,1233476865_1,831,0.004456,0.004456,0.097973
B_impress_1000,1233476865_1,832,0.004456,0.004456,0.097972
B_impress_1000,1233476865_1,833,0.004456,0.004456,0.097972
B_impress_1000,1233476865_1,834,0.004456,0.004456,0.097972
B_impress_1000,1233476865_1,835,0.004456,0.004456,0.097972
B_impress_1000,1233476865_1,836,0.004456,0.004456,0.097972
B_impress_1000,1233476865_1,837,0.004456,0.004456,0.097971
B_impress_1000,1233476865_1,838,0.004456,0.004456,0.097971
B_impress_1000,1233476865_1,839,0.004456,0.004456,0.097971
B_impress_1000,1233476865_1,840,0.004456,0.004456,0.097971
B_impress_1000,1233476865_1,841,0.004456,0.004456,0.097970
B_impress_1000,1233476865_1,842,0.004456,0.004456,0.097970
B_impress_1000,1233476865_1,843,0.004456,0.004456,0.097970
B_impress_1000,1233476865_1,844,0.004456,0.004456,0.097970
B_impress_1000,1233476865_1,845,0.004456,0.004456,0.097970
B_impress_1000,1233476865_1,846,0.004456,0.004456,0.097970
B_impress_1000,1233476865_1,847,0.004456,0.004456,0.097970
B_impress_1000,1233476865_1,848,0.004456,0.004456,0.097970
B_impress_1000,1233476865_1,849,0.004456,0.004456,0.097970
B_impress_1000,1233476865_1,850,0.004456,0.004456,0.097970
B_impress_1000,1233476865_1,851,0.004456,0.004456,0.097970
B_impress_1000,1233476865_1,852,0.004456,0.004456,0.097970
B_impress_1000,1233476865_1,853,0.004456,0.004456,0.097970
B_impress_1000,1233476865_1,854,0.004456,0.004456,0.097970
B_impress_1000,1233476865_1,855,0.004456,0.004456,0.097969
B_impress_1000,1233476865_1,856,0.004456,0.004456,0.097969
B_impress_1000,1233476865_1,857,0.004456,0.004456,0.097969
B_impress_1000,1233476865_1,858,0.004456,0.004456,0.097969
B_impress_1000,1233476865_1,859,0.004456,0.004456,0.097969
B_impress_1000,1233476865_1,860,0.004456,0.004456,0.097969
B_impress_1000,1233476865_1,861,0.004456,0.004456,0.097969
B_impress_1000,1233476865_1,862,0.004456,0.004456,0.097969
B_impress_1000,1233476865_1,863,0.004456,0.004456,0.097969
B_impress_1000,1233476865_1,864,0.004456,0.004456,0.097969
B_impress_1000,1233476865_1,865,0.004456,0.004456,0.097969
B_impress_1000,1233476865_1,866,0.004456,0.004456,0.097969
B_impress_1000,1233476865_1,867,0.004456,0.004456,0.097968
B_impress_1000,1233476865_1,868,0.004456,0.004456,0.097968
B_impress_1000,1233476865_1,869,0.004456,0.004456,0.097968
B_impress_1000,1233476865_1,870,0.004456,0.004456,0.097968
B_impress_1000,1233476865_1,871,0.004456,0.004456,0.097968
B_impress_1000,1233476865_1,872,0.004456,0.004456,0.097968
B_impress_1000,1233476865_1,873,0.004456,0.004456,0.097968
B_impress_1000,1233476865_1,874,0.004456,0.004456,0.097968
B_impress_1000,1233476865_1,875,0.004456,0.004456,0.097968
B_impress_1000,1233476865_1,876,0.004456,0.004456,0.097968
B_impress_1000,1233476865_1,877,0.004456,0.004456,0.097968
B_impress_1000,1233476865_1,878,0.004456,0.004456,0.097968
B_impress_1000,1233476865_1,879,0.004456,0.004456,0.097968
B_impress_1000,1233476865_1,880,0.004456,0.004456,0.097968
B_impress_1000,1233476865_1,881,0.004456,0.004456,0.097968
B_impress_1000,1233476865_1,882,0.004456,0.004456,0.097967
B_impress_1000,1233476865_1,883,0.004456,0.004456,0.097967
B_impress_1000,1233476865_1,884,0.004456,0.004456,0.097967
B_impress_1000,1233476865_1,885,0.004456,0.004456,0.097967
B_impress_1000,1233476865_1,886,0.004456,0.004456,0.097967
B_impress_1000,1233476865_1,887,0.004452,0.004452,0.097967
B_impress_1000,1233476865_1,888,0.004456,0.004456,0.097967
B_impress_1000,1233476865_1,889,0.004456,0.004456,0.097967
B_impress_1000,1233476865_1,890,0.004456,0.004456,0.097967
B_impress_1000,1233476865_1,891,0.004456,0.004456,0.097967
B_impress_1000,1233476865_1,892,0.004456,0.004456,0.097967
B_impress_1000,1233476865_1,893,0.004456,0.004456,0.097967
B_impress_1000,1233476865_1,894,0.004456,0.004456,0.097967
B_impress_1000,1233476865_1,895,0.004456,0.004456,0.097967
B_impress_1000,1233476865_1,896,0.004456,0.004456,0.097967
B_impress_1000,1233476865_1,897,0.004456,0.004456,0.097967
B_impress_1000,1233476865_1,898,0.004456,0.004456,0.097967
B_impress_1000,1233476865_1,899,0.004456,0.004456,0.097967
B_impress_1000,1233476865_1,900,0.004456,0.004456,0.097967
B_impress_1000,1233476865_1,901,0.004456,0.004456,0.097967
B_impress_1000,1233476865_1,902,0.004456,0.004456,0.097967
B_impress_1000,1233476865_1,903,0.004456,0.004456,0.097967
B_impress_1000,1233476865_1,904,0.004456,0.004456,0.097967
B_impress_1000,1233476865_1,905,0.004456,0.004456,0.097967
B_impress_1000,1233476865_1,906,0.004456,0.004456,0.097967
B_impress_1000,1233476865_1,907,0.004456,0.004456,0.097967
B_impress_1000,1233476865_1,908,0.004456,0.004456,0.097967
B_impress_1000,1233476865_1,909,0.004456,0.004456,0.097967
B_impress_1000,1233476865_1,910,0.004456,0.004456,0.097967
B_impress_1000,1233476865_1,911,0.004456,0.004456,0.097966
B_impress_1000,1233476865_1,912,0.004456,0.004456,0.097966
B_impress_1000,1233476865_1,913,0.004456,0.004456,0.097966
B_impress_1000,1233476865_1,914,0.004456,0.004456,0.097966
B_impress_1000,1233476865_1,915,0.004456,0.004456,0.097966
B_impress_1000,1233476865_1,916,0.004456,0.004456,0.097966
B_impress_1000,1233476865_1,917,0.004456,0.004456,0.097966
B_impress_1000,1233476865_1,918,0.004456,0.004456,0.097966
B_impress_1000,1233476865_1,919,0.004456,0.004456,0.097966
B_impress_1000,1233476865_1,920,0.004456,0.004456,0.097966
B_impress_1000,1233476865_1,921,0.004456,0.004456,0.097966
B_impress_1000,1233476865_1,922,0.004456,0.004456,0.097966
B_impress_1000,1233476865_1,923,0.004456,0.004456,0.097966
B_impress_1000,1233476865_1,924,0.004456,0.004456,0.097966
B_impress_1000,1233476865_1,925,0.004456,0.004456,0.097966
B_impress_1000,1233476865_1,926,0.004456,0.004456,0.097966
B_impress_1000,1233476865_1,927,0.004456,0.004456,0.097966
B_impress_1000,1233476865_1,928,0.004456,0.004456,0.097966
B_impress_1000,1233476865_1,929,0.004456,0.004456,0.097966
B_impress_1000,1233476865_1,930,0.004456,0.004456,0.097966
B_impress_1000,1233476865_1,931,0.004456,0.004456,0.097966
B_impress_1000,1233476865_1,932,0.004456,0.004456,0.097966
B_impress_1000,1233476865_1,933,0.004456,0.004456,0.097966
B_impress_1000,1233476865_1,934,0.004456,0.004456,0.097966
B_impress_1000,1233476865_1,935,0.004456,0.004456,0.097966
B_impress_1000,1233476865_1,936,0.004456,0.004456,0.097966
B_impress_1000,1233476865_1,937,0.004456,0.004456,0.097966
B_impress_1000,1233476865_1,938,0.004456,0.004456,0.097966
B_impress_1000,1233476865_1,939,0.004456,0.004456,0.097966
B_impress_1000,1233476865_1,940,0.004456,0.004456,0.097966
B_impress_1000,1233476865_1,941,0.004456,0.004456,0.097966
B_impress_1000,1233476865_1,942,0.004456,0.004456,0.097966
B_impress_1000,1233476865_1,943,0.004456,0.004456,0.097966
B_impress_1000,1233476865_1,944,0.004456,0.004456,0.097966
B_impress_1000,1233476865_1,945,0.004456,0.004456,0.097966
B_impress_1000,1233476865_1,946,0.004456,0.004456,0.097966
B_impress_1000,1233476865_1,947,0.004452,0.004452,0.097966
B_impress_1000,1233476865_1,948,0.004456,0.004456,0.097966
B_impress_1000,1233476865_1,949,0.004456,0.004456,0.097966
B_impress_1000,1233476865_1,950,0.004456,0.004456,0.097966
B_impress_1000,1233476865_1,951,0.004456,0.004456,0.097966
B_impress_1000,1233476865_1,952,0.004456,0.004456,0.097966
B_impress_1000,1233476865_1,953,0.004456,0.004456,0.097966
B_impress_1000,1233476865_1,954,0.004456,0.004456,0.097966
B_impress_1000,1233476865_1,955,0.004456,0.004456,0.097966
B_impress_1000,1233476865_1,956,0.004456,0.004456,0.097966
B_impress_1000,1233476865_1,957,0.004456,0.004456,0.097966
B_impress_1000,1233476865_1,958,0.004456,0.004456,0.097966
B_impress_1000,1233476865_1,959,0.004456,0.004456,0.097966
B_impress_1000,1233476865_1,960,0.004456,0.004456,0.097966
B_impress_1000,1233476865_1,961,0.004456,0.004456,0.097966
B_impress_1000,1233476865_1,962,0.004456,0.004456,0.097966
B_impress_1000,1233476865_1,963,0.004456,0.004456,0.097966
B_impress_1000,1233476865_1,964,0.004456,0.004456,0.097966
B_impress_1000,1233476865_1,965,0.004456,0.004456,0.097966
B_impress_1000,1233476865_1,966,0.004456,0.004456,0.097966
B_impress_1000,1233476865_1,967,0.004456,0.004456,0.097966
B_impress_1000,1233476865_1,968,0.004456,0.004456,0.097966
B_impress_1000,1233476865_1,969,0.004456,0.004456,0.097966
B_impress_1000,1233476865_1,970,0.004456,0.004456,0.097966
B_impress_1000,1233476865_1,971,0.004456,0.004456,0.097966
B_impress_1000,1233476865_1,972,0.004456,0.004456,0.097966
B_impress_1000,1233476865_1,973,0.004456,0.004456,0.097966
B_impress_1000,1233476865_1,974,0.004456,0.004456,0.097966
B_impress_1000,1233476865_1,975,0.004456,0.004456,0.097966
B_impress_1000,1233476865_1,976,0.004456,0.004456,0.097966
B_impress_1000,1233476865_1,977,0.004456,0.004456,0.097966
B_impress_1000,1233476865_1,978,0.004456,0.004456,0.097966
B_impress_1000,1233476865_1,979,0.004456,0.004456,0.097966
B_impress_1000,1233476865_1,980,0.004456,0.004456,0.097966
B_impress_1000,1233476865_1,981,0.004456,0.004456,0.097966
B_impress_1000,1233476865_1,982,0.004456,0.004456,0.097966
B_impress_1000,1233476865_1,983,0.004456,0.004456,0.097966
B_impress_1000,1233476865_1,984,0.004456,0.004456,0.097966
B_impress_1000,1233476865_1,985,0.004456,0.004456,0.097966
B_impress_1000,1233476865_1,986,0.004456,0.004456,0.097966
B_impress_1000,1233476865_1,987,0.004456,0.004456,0.097966
B_impress_1000,1233476865_1,988,0.004456,0.004456,0.097966
B_impress_1000,1233476865_1,989,0.004456,0.004456,0.097966
B_impress_1000,1233476865_1,990,0.004456,0.004456,0.097966
B_impress_1000,1233476865_1,991,0.004456,0.004456,0.097966
B_impress_1000,1233476865_1,992,0.004456,0.004456,0.097966
B_impress_1000,1233476865_1,993,0.004456,0.004456,0.097966
B_impress_1000,1233476865_1,994,0.004456,0.004456,0.097966
B_impress_1000,1233476865_1,995,0.004456,0.004456,0.097966
B_impress_1000,1233476865_1,996,0.004456,0.004456,0.097966
B_impress_1000,1233476865_1,997,0.004456,0.004456,0.097966
B_impress_1000,1233476865_1,998,0.004456,0.004456,0.097966
B_impress_1000,1233476865_1,999,0.004456,0.004456,0.097966
B_impress_1000,1233476865_1,1000,0.004456,0.004456,0.097966
B_impress_1000,1525918600_1,1,0.008942,0.007114,0.282765
B_impress_1000,1525918600_1,2,0.008640,0.006996,0.264432
B_impress_1000,1525918600_1,3,0.008530,0.006981,0.254924
B_impress_1000,1525918600_1,4,0.008434,0.006958,0.247639
B_impress_1000,1525918600_1,5,0.008354,0.006939,0.241487
B_impress_1000,1525918600_1,6,0.008285,0.006920,0.236518
B_impress_1000,1525918600_1,7,0.008213,0.006893,0.231967
B_impress_1000,1525918600_1,8,0.008158,0.006874,0.228400
B_impress_1000,1525918600_1,9,0.008102,0.006851,0.225074
B_impress_1000,1525918600_1,10,0.008057,0.006836,0.222091
B_impress_1000,1525918600_1,11,0.008010,0.006817,0.219357
B_impress_1000,1525918600_1,12,0.007966,0.006798,0.216789
B_impress_1000,1525918600_1,13,0.007918,0.006775,0.214339
B_impress_1000,1525918600_1,14,0.007883,0.006760,0.212327
B_impress_1000,1525918600_1,15,0.007852,0.006748,0.210383
B_impress_1000,1525918600_1,16,0.007818,0.006733,0.208547
B_impress_1000,1525918600_1,17,0.007786,0.006718,0.206833
B_impress_1000,1525918600_1,18,0.007758,0.006706,0.205183
B_impress_1000,1525918600_1,19,0.007731,0.006695,0.203593
B_impress_1000,1525918600_1,20,0.007705,0.006683,0.202119
B_impress_1000,1525918600_1,21,0.007671,0.006664,0.200701
B_impress_1000,1525918600_1,22,0.007646,0.006653,0.199336
B_impress_1000,1525918600_1,23,0.007622,0.006641,0.198046
B_impress_1000,1525918600_1,24,0.007594,0.006626,0.196808
B_impress_1000,1525918600_1,25,0.007567,0.006611,0.195601
B_impress_1000,1525918600_1,26,0.007544,0.006599,0.194420
B_impress_1000,1525918600_1,27,0.007521,0.006588,0.193266
B_impress_1000,1525918600_1,28,0.007490,0.006569,0.192134
B_impress_1000,1525918600_1,29,0.007460,0.006550,0.191024
B_impress_1000,1525918600_1,30,0.007438,0.006538,0.189937
B_impress_1000,1525918600_1,31,0.007408,0.006519,0.188872
B_impress_1000,1525918600_1,32,0.007382,0.006504,0.187834
B_impress_1000,1525918600_1,33,0.007357,0.006489,0.186817
B_impress_1000,1525918600_1,34,0.007328,0.006470,0.185823
B_impress_1000,1525918600_1,35,0.007303,0.006454,0.184849
B_impress_1000,1525918600_1,36,0.007281,0.006439,0.184162
B_impress_1000,1525918600_1,37,0.007266,0.006432,0.183482
B_impress_1000,1525918600_1,38,0.007248,0.006420,0.182808
B_impress_1000,1525918600_1,39,0.007230,0.006409,0.182145
B_impress_1000,1525918600_1,40,0.007212,0.006397,0.181495
B_impress_1000,1525918600_1,41,0.007194,0.006386,0.180859
B_impress_1000,1525918600_1,42,0.007177,0.006374,0.180237
B_impress_1000,1525918600_1,43,0.007155,0.006359,0.179626
B_impress_1000,1525918600_1,44,0.007142,0.006351,0.179026
B_impress_1000,1525918600_1,45,0.007124,0.006340,0.178440
B_impress_1000,1525918600_1,46,0.007107,0.006329,0.177864
B_impress_1000,1525918600_1,47,0.007090,0.006317,0.177299
B_impress_1000,1525918600_1,48,0.007077,0.006310,0.176740
B_impress_1000,1525918600_1,49,0.007060,0.006298,0.176189
B_impress_1000,1525918600_1,50,0.007043,0.006287,0.175645
B_impress_1000,1525918600_1,51,0.007026,0.006275,0.175108
B_impress_1000,1525918600_1,52,0.007010,0.006264,0.174581
B_impress_1000,1525918600_1,53,0.006997,0.006256,0.174062
B_impress_1000,1525918600_1,54,0.006984,0.006248,0.173552
B_impress_1000,1525918600_1,55,0.006971,0.006241,0.173048
B_impress_1000,1525918600_1,56,0.006955,0.006229,0.172553
B_impress_1000,1525918600_1,57,0.006942,0.006222,0.172064
B_impress_1000,1525918600_1,58,0.006926,0.006210,0.171583
B_impress_1000,1525918600_1,59,0.006910,0.006199,0.171107
B_impress_1000,1525918600_1,60,0.006894,0.006187,0.170639
B_impress_1000,1525918600_1,61,0.006882,0.006180,0.170179
B_impress_1000,1525918600_1,62,0.006869,0.006172,0.169724
B_impress_1000,1525918600_1,63,0.006853,0.006161,0.169274
B_impress_1000,1525918600_1,64,0.006838,0.006149,0.168828
B_impress_1000,1525918600_1,65,0.006822,0.006138,0.168387
B_impress_1000,1525918600_1,66,0.006806,0.006126,0.167951
B_impress_1000,1525918600_1,67,0.006790,0.006115,0.167521
B_impress_1000,1525918600_1,68,0.006782,0.006111,0.167095
B_impress_1000,1525918600_1,69,0.006766,0.006100,0.166675
B_impress_1000,1525918600_1,70,0.006755,0.006092,0.166260
B_impress_1000,1525918600_1,71,0.006739,0.006081,0.165850
B_impress_1000,1525918600_1,72,0.006724,0.006069,0.165445
B_impress_1000,1525918600_1,73,0.006708,0.006058,0.165046
B_impress_1000,1525918600_1,74,0.006697,0.006050,0.164651
B_impress_1000,1525918600_1,75,0.006685,0.006042,0.164260
B_impress_1000,1525918600_1,76,0.006670,0.006031,0.163874
B_impress_1000,1525918600_1,77,0.006655,0.006020,0.163492
B_impress_1000,1525918600_1,78,0.006639,0.006008,0.163112
B_impress_1000,1525918600_1,79,0.006628,0.006001,0.162736
B_impress_1000,1525918600_1,80,0.006613,0.005989,0.162365
B_impress_1000,1525918600_1,81,0.006598,0.005978,0.161998
B_impress_1000,1525918600_1,82,0.006586,0.005970,0.161635
B_impress_1000,1525918600_1,83,0.006571,0.005959,0.161277
B_impress_1000,1525918600_1,84,0.006560,0.005951,0.160923
B_impress_1000,1525918600_1,85,0.006545,0.005939,0.160573
B_impress_1000,1525918600_1,86,0.006534,0.005932,0.160225
B_impress_1000,1525918600_1,87,0.006523,0.005924,0.159881
B_impress_1000,1525918600_1,88,0.006508,0.005913,0.159541
B_impress_1000,1525918600_1,89,0.006493,0.005901,0.159203
B_impress_1000,1525918600_1,90,0.006482,0.005894,0.158868
B_impress_1000,1525918600_1,91,0.006471,0.005886,0.158537
B_impress_1000,1525918600_1,92,0.006461,0.005878,0.158206
B_impress_1000,1525918600_1,93,0.006446,0.005867,0.157880
B_impress_1000,1525918600_1,94,0.006431,0.005856,0.157556
B_impress_1000,1525918600_1,95,0.006416,0.005844,0.157235
B_impress_1000,1525918600_1,96,0.006409,0.005840,0.156917
B_impress_1000,1525918600_1,97,0.006395,0.005829,0.156601
B_impress_1000,1525918600_1,98,0.006380,0.005817,0.156288
B_impress_1000,1525918600_1,99,0.006370,0.005810,0.155977
B_impress_1000,1525918600_1,100,0.006355,0.005798,0.155668
B_impress_1000,1525918600_1,101,0.006344,0.005791,0.155361
B_impress_1000,1525918600_1,102,0.006330,0.005779,0.155056
B_impress_1000,1525918600_1,103,0.006319,0.005772,0.154754
B_impress_1000,1525918600_1,104,0.006305,0.005760,0.154453
B_impress_1000,1525918600_1,105,0.006294,0.005753,0.154155
B_impress_1000,1525918600_1,106,0.006280,0.005741,0.153860
B_impress_1000,1525918600_1,107,0.006269,0.005733,0.153566
B_impress_1000,1525918600_1,108,0.006255,0.005722,0.153275
B_impress_1000,1525918600_1,109,0.006244,0.005714,0.152986
B_impress_1000,1525918600_1,110,0.006234,0.005707,0.152699
B_impress_1000,1525918600_1,111,0.006223,0.005699,0.152414
B_impress_1000,1525918600_1,112,0.006205,0.005684,0.152131
B_impress_1000,1525918600_1,113,0.006199,0.005680,0.151851
B_impress_1000,1525918600_1,114,0.006184,0.005669,0.151573
B_impress_1000,1525918600_1,115,0.006174,0.005661,0.151298
B_impress_1000,1525918600_1,116,0.006164,0.005653,0.151025
B_impress_1000,1525918600_1,117,0.006153,0.005646,0.150754
B_impress_1000,1525918600_1,118,0.006143,0.005638,0.150486
B_impress_1000,1525918600_1,119,0.006133,0.005630,0.150219
B_impress_1000,1525918600_1,120,0.006119,0.005619,0.149955
B_impress_1000,1525918600_1,121,0.006108,0.005611,0.149692
B_impress_1000,1525918600_1,122,0.006098,0.005604,0.149433
B_impress_1000,1525918600_1,123,0.006088,0.005596,0.149176
B_impress_1000,1525918600_1,124,0.006078,0.005589,0.148920
B_impress_1000,1525918600_1,125,0.006068,0.005581,0.148667
B_impress_1000,1525918600_1,126,0.006057,0.005573,0.148415
B_impress_1000,1525918600_1,127,0.006043,0.005562,0.148166
B_impress_1000,1525918600_1,128,0.006033,0.005554,0.147918
B_impress_1000,1525918600_1,129,0.006027,0.005550,0.147674
B_impress_1000,1525918600_1,130,0.006017,0.005543,0.147431
B_impress_1000,1525918600_1,131,0.006007,0.005535,0.147190
B_impress_1000,1525918600_1,132,0.005997,0.005527,0.146951
B_impress_1000,1525918600_1,133,0.005987,0.005520,0.146714
B_impress_1000,1525918600_1,134,0.005977,0.005512,0.146480
B_impress_1000,1525918600_1,135,0.005967,0.005505,0.146247
B_impress_1000,1525918600_1,136,0.005957,0.005497,0.146016
B_impress_1000,1525918600_1,137,0.005947,0.005489,0.145786
B_impress_1000,1525918600_1,138,0.005937,0.005482,0.145559
B_impress_1000,1525918600_1,139,0.005931,0.005478,0.145333
B_impress_1000,1525918600_1,140,0.005918,0.005466,0.145108
B_impress_1000,1525918600_1,141,0.005908,0.005459,0.144884
B_impress_1000,1525918600_1,142,0.005902,0.005455,0.144662
B_impress_1000,1525918600_1,143,0.005892,0.005447,0.144441
B_impress_1000,1525918600_1,144,0.005882,0.005440,0.144223
B_impress_1000,1525918600_1,145,0.005872,0.005432,0.144005
B_impress_1000,1525918600_1,146,0.005862,0.005424,0.143790
B_impress_1000,1525918600_1,147,0.005853,0.005417,0.143577
B_impress_1000,1525918600_1,148,0.005843,0.005409,0.143365
B_impress_1000,1525918600_1,149,0.005833,0.005402,0.143154
B_impress_1000,1525918600_1,150,0.005823,0.005394,0.142944
B_impress_1000,1525918600_1,151,0.005814,0.005386,0.142737
B_impress_1000,1525918600_1,152,0.005804,0.005379,0.142531
B_impress_1000,1525918600_1,153,0.005794,0.005371,0.142326
B_impress_1000,1525918600_1,154,0.005785,0.005363,0.142123
B_impress_1000,1525918600_1,155,0.005775,0.005356,0.141921
B_impress_1000,1525918600_1,156,0.005765,0.005348,0.141721
B_impress_1000,1525918600_1,157,0.005756,0.005341,0.141522
B_impress_1000,1525918600_1,158,0.005746,0.005333,0.141324
B_impress_1000,1525918600_1,159,0.005737,0.005325,0.141128
B_impress_1000,1525918600_1,160,0.005727,0.005318,0.140933
B_impress_1000,1525918600_1,161,0.005721,0.005314,0.140740
B_impress_1000,1525918600_1,162,0.005712,0.005306,0.140548
B_impress_1000,1525918600_1,163,0.005702,0.005299,0.140357
B_impress_1000,1525918600_1,164,0.005689,0.005287,0.140167
B_impress_1000,1525918600_1,165,0.005683,0.005283,0.139979
B_impress_1000,1525918600_1,166,0.005677,0.005280,0.139792
B_impress_1000,1525918600_1,167,0.005664,0.005268,0.139605
B_impress_1000,1525918600_1,168,0.005655,0.005260,0.139421
B_impress_1000,1525918600_1,169,0.005649,0.005257,0.139237
B_impress_1000,1525918600_1,170,0.005640,0.005249,0.139055
B_impress_1000,1525918600_1,171,0.005626,0.005238,0.138874
B_impress_1000,1525918600_1,172,0.005617,0.005230,0.138693
B_impress_1000,1525918600_1,173,0.005607,0.005222,0.138514
B_impress_1000,1525918600_1,174,0.005598,0.005215,0.138337
B_impress_1000,1525918600_1,175,0.005589,0.005207,0.138160
B_impress_1000,1525918600_1,176,0.005583,0.005203,0.137985
B_impress_1000,1525918600_1,177,0.005574,0.005196,0.137810
B_impress_1000,1525918600_1,178,0.005564,0.005188,0.137636
B_impress_1000,1525918600_1,179,0.005559,0.005184,0.137463
B_impress_1000,1525918600_1,180,0.005549,0.005177,0.137292
B_impress_1000,1525918600_1,181,0.005540,0.005169,0.137123
B_impress_1000,1525918600_1,182,0.005531,0.005161,0.136954
B_impress_1000,1525918600_1,183,0.005525,0.005157,0.136787
B_impress_1000,1525918600_1,184,0.005516,0.005150,0.136621
B_impress_1000,1525918600_1,185,0.005507,0.005142,0.136456
B_impress_1000,1525918600_1,186,0.005498,0.005135,0.136292
B_impress_1000,1525918600_1,187,0.005492,0.005131,0.136129
B_impress_1000,1525918600_1,188,0.005483,0.005123,0.135968
B_impress_1000,1525918600_1,189,0.005477,0.005119,0.135807
B_impress_1000,1525918600_1,190,0.005468,0.005112,0.135648
B_impress_1000,1525918600_1,191,0.005463,0.005108,0.135490
B_impress_1000,1525918600_1,192,0.005454,0.005100,0.135333
B_impress_1000,1525918600_1,193,0.005444,0.005093,0.135177
B_impress_1000,1525918600_1,194,0.005435,0.005085,0.135022
B_impress_1000,1525918600_1,195,0.005430,0.005081,0.134872
B_impress_1000,1525918600_1,196,0.005421,0.005074,0.134723
B_impress_1000,1525918600_1,197,0.005415,0.005070,0.134574
B_impress_1000,1525918600_1,198,0.005403,0.005058,0.134426
B_impress_1000,1525918600_1,199,0.005393,0.005051,0.134278
B_impress_1000,1525918600_1,200,0.005388,0.005047,0.134132
B_impress_1000,1525918600_1,201,0.005379,0.005039,0.133985
B_impress_1000,1525918600_1,202,0.005370,0.005032,0.133840
B_impress_1000,1525918600_1,203,0.005369,0.005032,0.133694
B_impress_1000,1525918600_1,204,0.005359,0.005024,0.133550
B_impress_1000,1525918600_1,205,0.005354,0.005020,0.133407
B_impress_1000,1525918600_1,206,0.005349,0.005016,0.133264
B_impress_1000,1525918600_1,207,0.005340,0.005009,0.133122
B_impress_1000,1525918600_1,208,0.005335,0.005005,0.132981
B_impress_1000,1525918600_1,209,0.005326,0.004997,0.132840
B_impress_1000,1525918600_1,210,0.005320,0.004993,0.132702
B_impress_1000,1525918600_1,211,0.005315,0.004990,0.132564
B_impress_1000,1525918600_1,212,0.005306,0.004982,0.132428
B_impress_1000,1525918600_1,213,0.005301,0.004978,0.132292
B_impress_1000,1525918600_1,214,0.005292,0.004971,0.132157
B_impress_1000,1525918600_1,215,0.005283,0.004963,0.132023
B_impress_1000,1525918600_1,216,0.005278,0.004959,0.131889
B_impress_1000,1525918600_1,217,0.005273,0.004955,0.131757
B_impress_1000,1525918600_1,218,0.005268,0.004951,0.131625
B_impress_1000,1525918600_1,219,0.005259,0.004944,0.131494
B_impress_1000,1525918600_1,220,0.005254,0.004940,0.131363
B_impress_1000,1525918600_1,221,0.005245,0.004932,0.131233
B_impress_1000,1525918600_1,222,0.005240,0.004929,0.131104
B_impress_1000,1525918600_1,223,0.005231,0.004921,0.130976
B_impress_1000,1525918600_1,224,0.005226,0.004917,0.130848
B_impress_1000,1525918600_1,225,0.005217,0.004910,0.130721
B_impress_1000,1525918600_1,226,0.005212,0.004906,0.130595
B_impress_1000,1525918600_1,227,0.005207,0.004902,0.130469
B_impress_1000,1525918600_1,228,0.005198,0.004894,0.130344
B_impress_1000,1525918600_1,229,0.005189,0.004887,0.130221
B_impress_1000,1525918600_1,230,0.005184,0.004883,0.130098
B_impress_1000,1525918600_1,231,0.005175,0.004875,0.129975
B_impress_1000,1525918600_1,232,0.005170,0.004871,0.129853
B_impress_1000,1525918600_1,233,0.005161,0.004864,0.129732
B_impress_1000,1525918600_1,234,0.005156,0.004860,0.129611
B_impress_1000,1525918600_1,235,0.005147,0.004852,0.129491
B_impress_1000,1525918600_1,236,0.005142,0.004848,0.129372
B_impress_1000,1525918600_1,237,0.005137,0.004845,0.129253
B_impress_1000,1525918600_1,238,0.005132,0.004841,0.129136
B_impress_1000,1525918600_1,239,0.005127,0.004837,0.129018
B_impress_1000,1525918600_1,240,0.005118,0.004829,0.128902
B_impress_1000,1525918600_1,241,0.005113,0.004826,0.128786
B_impress_1000,1525918600_1,242,0.005108,0.004822,0.128671
B_impress_1000,1525918600_1,243,0.005100,0.004814,0.128556
B_impress_1000,1525918600_1,244,0.005095,0.004810,0.128442
B_impress_1000,1525918600_1,245,0.005086,0.004803,0.128329
B_impress_1000,1525918600_1,246,0.005085,0.004803,0.128216
B_impress_1000,1525918600_1,247,0.005076,0.004795,0.128104
B_impress_1000,1525918600_1,248,0.005075,0.004795,0.127992
B_impress_1000,1525918600_1,249,0.005062,0.004784,0.127881
B_impress_1000,1525918600_1,250,0.005061,0.004784,0.127771
B_impress_1000,1525918600_1,251,0.005056,0.004780,0.127661
B_impress_1000,1525918600_1,252,0.005048,0.004772,0.127553
B_impress_1000,1525918600_1,253,0.005039,0.004765,0.127446
B_impress_1000,1525918600_1,254,0.005038,0.004765,0.127339
B_impress_1000,1525918600_1,255,0.005033,0.004761,0.127233
B_impress_1000,1525918600_1,256,0.005028,0.004757,0.127127
B_impress_1000,1525918600_1,257,0.005020,0.004749,0.127022
B_impress_1000,1525918600_1,258,0.005015,0.004745,0.126918
B_impress_1000,1525918600_1,259,0.005010,0.004742,0.126814
B_impress_1000,1525918600_1,260,0.005005,0.004738,0.126711
B_impress_1000,1525918600_1,261,0.005000,0.004734,0.126609
B_impress_1000,1525918600_1,262,0.004995,0.004730,0.126506
B_impress_1000,1525918600_1,263,0.004990,0.004726,0.126404
B_impress_1000,1525918600_1,264,0.004982,0.004719,0.126303
B_impress_1000,1525918600_1,265,0.004977,0.004715,0.126202
B_impress_1000,1525918600_1,266,0.004972,0.004711,0.126101
B_impress_1000,1525918600_1,267,0.004967,0.004707,0.126002
B_impress_1000,1525918600_1,268,0.004963,0.004704,0.125902
B_impress_1000,1525918600_1,269,0.004954,0.004696,0.125803
B_impress_1000,1525918600_1,270,0.004949,0.004692,0.125704
B_impress_1000,1525918600_1,271,0.004944,0.004688,0.125606
B_impress_1000,1525918600_1,272,0.004936,0.004681,0.125509
B_impress_1000,1525918600_1,273,0.004935,0.004681,0.125412
B_impress_1000,1525918600_1,274,0.004926,0.004673,0.125315
B_impress_1000,1525918600_1,275,0.004925,0.004673,0.125219
B_impress_1000,1525918600_1,276,0.004917,0.004665,0.125124
B_impress_1000,1525918600_1,277,0.004912,0.004662,0.125029
B_impress_1000,1525918600_1,278,0.004907,0.004658,0.124935
B_impress_1000,1525918600_1,279,0.004902,0.004654,0.124841
B_impress_1000,1525918600_1,280,0.004898,0.004650,0.124747
B_impress_1000,1525918600_1,281,0.004893,0.004646,0.124659
B_impress_1000,1525918600_1,282,0.004888,0.004642,0.124577
B_impress_1000,1525918600_1,283,0.004884,0.004639,0.124496
B_impress_1000,1525918600_1,284,0.004875,0.004631,0.124415
B_impress_1000,1525918600_1,285,0.004871,0.004627,0.124334
B_impress_1000,1525918600_1,286,0.004866,0.004623,0.124253
B_impress_1000,1525918600_1,287,0.004865,0.004623,0.124173
B_impress_1000,1525918600_1,288,0.004861,0.004620,0.124093
B_impress_1000,1525918600_1,289,0.004856,0.004616,0.124013
B_impress_1000,1525918600_1,290,0.004851,0.004612,0.123934
B_impress_1000,1525918600_1,291,0.004847,0.004608,0.123855
B_impress_1000,1525918600_1,292,0.004846,0.004608,0.123777
B_impress_1000,1525918600_1,293,0.004838,0.004601,0.123699
B_impress_1000,1525918600_1,294,0.004833,0.004597,0.123621
B_impress_1000,1525918600_1,295,0.004832,0.004597,0.123543
B_impress_1000,1525918600_1,296,0.004824,0.004589,0.123466
B_impress_1000,1525918600_1,297,0.004819,0.004585,0.123390
B_impress_1000,1525918600_1,298,0.004815,0.004581,0.123313
B_impress_1000,1525918600_1,299,0.004810,0.004578,0.123237
B_impress_1000,1525918600_1,300,0.004805,0.004574,0.123162
B_impress_1000,1525918600_1,301,0.004801,0.004570,0.123086
B_impress_1000,1525918600_1,302,0.004796,0.004566,0.123011
B_impress_1000,1525918600_1,303,0.004796,0.004566,0.122936
B_impress_1000,1525918600_1,304,0.004787,0.004559,0.122862
B_impress_1000,1525918600_1,305,0.004786,0.004559,0.122787
B_impress_1000,1525918600_1,306,0.004782,0.004555,0.122713
B_impress_1000,1525918600_1,307,0.004777,0.004551,0.122639
B_impress_1000,1525918600_1,308,0.004773,0.004547,0.122566
B_impress_1000,1525918600_1,309,0.004772,0.004547,0.122493
B_impress_1000,1525918600_1,310,0.004764,0.004539,0.122421
B_impress_1000,1525918600_1,311,0.004763,0.004539,0.122349
B_impress_1000,1525918600_1,312,0.004758,0.004536,0.122276
B_impress_1000,1525918600_1,313,0.004754,0.004532,0.122204
B_impress_1000,1525918600_1,314,0.004749,0.004528,0.122133
B_impress_1000,1525918600_1,315,0.004745,0.004524,0.122062
B_impress_1000,1525918600_1,316,0.004744,0.004524,0.121991
B_impress_1000,1525918600_1,317,0.004740,0.004520,0.121921
B_impress_1000,1525918600_1,318,0.004735,0.004517,0.121851
B_impress_1000,1525918600_1,319,0.004731,0.004513,0.121781
B_impress_1000,1525918600_1,320,0.004726,0.004509,0.121711
B_impress_1000,1525918600_1,321,0.004722,0.004505,0.121642
B_impress_1000,1525918600_1,322,0.004717,0.004501,0.121577
B_impress_1000,1525918600_1,323,0.004713,0.004498,0.121512
B_impress_1000,1525918600_1,324,0.004708,0.004494,0.121447
B_impress_1000,1525918600_1,325,0.004708,0.004494,0.121382
B_impress_1000,1525918600_1,326,0.004703,0.004490,0.121318
B_impress_1000,1525918600_1,327,0.004699,0.004486,0.121254
B_impress_1000,1525918600_1,328,0.004698,0.004486,0.121190
B_impress_1000,1525918600_1,329,0.004694,0.004482,0.121126
B_impress_1000,1525918600_1,330,0.004685,0.004475,0.121063
B_impress_1000,1525918600_1,331,0.004685,0.004475,0.121000
B_impress_1000,1525918600_1,332,0.004680,0.004471,0.120937
B_impress_1000,1525918600_1,333,0.004676,0.004467,0.120874
B_impress_1000,1525918600_1,334,0.004675,0.004467,0.120812
B_impress_1000,1525918600_1,335,0.004671,0.004463,0.120750
B_impress_1000,1525918600_1,336,0.004666,0.004459,0.120688
B_impress_1000,1525918600_1,337,0.004666,0.004459,0.120626
B_impress_1000,1525918600_1,338,0.004661,0.004456,0.120565
B_impress_1000,1525918600_1,339,0.004657,0.004452,0.120504
B_impress_1000,1525918600_1,340,0.004652,0.004448,0.120444
B_impress_1000,1525918600_1,341,0.004648,0.004444,0.120384
B_impress_1000,1525918600_1,342,0.004647,0.004444,0.120324
B_impress_1000,1525918600_1,343,0.004643,0.004440,0.120264
B_impress_1000,1525918600_1,344,0.004639,0.004436,0.120204
B_impress_1000,1525918600_1,345,0.004634,0.004433,0.120145
B_impress_1000,1525918600_1,346,0.004634,0.004433,0.120085
B_impress_1000,1525918600_1,347,0.004625,0.004425,0.120026
B_impress_1000,1525918600_1,348,0.004625,0.004425,0.119967
B_impress_1000,1525918600_1,349,0.004620,0.004421,0.119909
B_impress_1000,1525918600_1,350,0.004616,0.004417,0.119850
B_impress_1000,1525918600_1,351,0.004615,0.004417,0.119792
B_impress_1000,1525918600_1,352,0.004607,0.004410,0.119734
B_impress_1000,1525918600_1,353,0.004607,0.004410,0.119677
B_impress_1000,1525918600_1,354,0.004602,0.004406,0.119619
B_impress_1000,1525918600_1,355,0.004598,0.004402,0.119562
B_impress_1000,1525918600_1,356,0.004597,0.004402,0.119505
B_impress_1000,1525918600_1,357,0.004593,0.004398,0.119448
B_impress_1000,1525918600_1,358,0.004588,0.004395,0.119391
B_impress_1000,1525918600_1,359,0.004588,0.004395,0.119335
B_impress_1000,1525918600_1,360,0.004583,0.004391,0.119278
B_impress_1000,1525918600_1,361,0.004579,0.004387,0.119222
B_impress_1000,1525918600_1,362,0.004579,0.004387,0.119166
B_impress_1000,1525918600_1,363,0.004574,0.004383,0.119110
B_impress_1000,1525918600_1,364,0.004570,0.004379,0.119054
B_impress_1000,1525918600_1,365,0.004565,0.004375,0.118998
B_impress_1000,1525918600_1,366,0.004565,0.004375,0.118942
B_impress_1000,1525918600_1,367,0.004561,0.004372,0.118887
B_impress_1000,1525918600_1,368,0.004560,0.004372,0.118832
B_impress_1000,1525918600_1,369,0.004556,0.004368,0.118776
B_impress_1000,1525918600_1,370,0.004547,0.004360,0.118721
B_impress_1000,1525918600_1,371,0.004547,0.004360,0.118666
B_impress_1000,1525918600_1,372,0.004543,0.004356,0.118612
B_impress_1000,1525918600_1,373,0.004538,0.004353,0.118557
B_impress_1000,1525918600_1,374,0.004541,0.004356,0.118503
B_impress_1000,1525918600_1,375,0.004533,0.004349,0.118448
B_impress_1000,1525918600_1,376,0.004529,0.004345,0.118394
B_impress_1000,1525918600_1,377,0.004528,0.004345,0.118341
B_impress_1000,1525918600_1,378,0.004524,0.004341,0.118287
B_impress_1000,1525918600_1,379,0.004523,0.004341,0.118233
B_impress_1000,1525918600_1,380,0.004519,0.004337,0.118180
B_impress_1000,1525918600_1,381,0.004515,0.004333,0.118127
B_impress_1000,1525918600_1,382,0.004514,0.004333,0.118074
B_impress_1000,1525918600_1,383,0.004510,0.004330,0.118040
B_impress_1000,1525918600_1,384,0.004506,0.004326,0.118005
B_impress_1000,1525918600_1,385,0.004506,0.004326,0.117971
B_impress_1000,1525918600_1,386,0.004505,0.004326,0.117937
B_impress_1000,1525918600_1,387,0.004501,0.004322,0.117903
B_impress_1000,1525918600_1,388,0.004501,0.004322,0.117870
B_impress_1000,1525918600_1,389,0.004497,0.004318,0.117836
B_impress_1000,1525918600_1,390,0.004496,0.004318,0.117803
B_impress_1000,1525918600_1,391,0.004492,0.004314,0.117769
B_impress_1000,1525918600_1,392,0.004488,0.004311,0.117736
B_impress_1000,1525918600_1,393,0.004488,0.004311,0.117703
B_impress_1000,1525918600_1,394,0.004487,0.004311,0.117670
B_impress_1000,1525918600_1,395,0.004483,0.004307,0.117637
B_impress_1000,1525918600_1,396,0.004483,0.004307,0.117604
B_impress_1000,1525918600_1,397,0.004479,0.004303,0.117572
B_impress_1000,1525918600_1,398,0.004478,0.004303,0.117539
B_impress_1000,1525918600_1,399,0.004478,0.004303,0.117506
B_impress_1000,1525918600_1,400,0.004474,0.004299,0.117474
B_impress_1000,1525918600_1,401,0.004474,0.004299,0.117441
B_impress_1000,1525918600_1,402,0.004473,0.004299,0.117409
B_impress_1000,1525918600_1,403,0.004469,0.004295,0.117377
B_impress_1000,1525918600_1,404,0.004469,0.004295,0.117345
B_impress_1000,1525918600_1,405,0.004468,0.004295,0.117314
B_impress_1000,1525918600_1,406,0.004464,0.004292,0.117282
B_impress_1000,1525918600_1,407,0.004464,0.004292,0.117251
B_impress_1000,1525918600_1,408,0.004460,0.004288,0.117220
B_impress_1000,1525918600_1,409,0.004460,0.004288,0.117189
B_impress_1000,1525918600_1,410,0.004459,0.004288,0.117158
B_impress_1000,1525918600_1,411,0.004451,0.004280,0.117127
B_impress_1000,1525918600_1,412,0.004451,0.004280,0.117097
B_impress_1000,1525918600_1,413,0.004447,0.004276,0.117067
B_impress_1000,1525918600_1,414,0.004447,0.004276,0.117037
B_impress_1000,1525918600_1,415,0.004446,0.004276,0.117007
B_impress_1000,1525918600_1,416,0.004442,0.004272,0.116977
B_impress_1000,1525918600_1,417,0.004442,0.004272,0.116947
B_impress_1000,1525918600_1,418,0.004442,0.004272,0.116917
B_impress_1000,1525918600_1,419,0.004438,0.004269,0.116888
B_impress_1000,1525918600_1,420,0.004433,0.004265,0.116858
B_impress_1000,1525918600_1,421,0.004433,0.004265,0.116829
B_impress_1000,1525918600_1,422,0.004433,0.004265,0.116799
B_impress_1000,1525918600_1,423,0.004429,0.004261,0.116770
B_impress_1000,1525918600_1,424,0.004428,0.004261,0.116741
B_impress_1000,1525918600_1,425,0.004428,0.004261,0.116712
B_impress_1000,1525918600_1,426,0.004424,0.004257,0.116683
B_impress_1000,1525918600_1,427,0.004424,0.004257,0.116654
B_impress_1000,1525918600_1,428,0.004420,0.004253,0.116625
B_impress_1000,1525918600_1,429,0.004419,0.004253,0.116597
B_impress_1000,1525918600_1,430,0.004419,0.004253,0.116569
B_impress_1000,1525918600_1,431,0.004419,0.004253,0.116541
B_impress_1000,1525918600_1,432,0.004415,0.004250,0.116513
B_impress_1000,1525918600_1,433,0.004414,0.004250,0.116485
B_impress_1000,1525918600_1,434,0.004410,0.004246,0.116458
B_impress_1000,1525918600_1,435,0.004410,0.004246,0.116430
B_impress_1000,1525918600_1,436,0.004406,0.004242,0.116403
B_impress_1000,1525918600_1,437,0.004406,0.004242,0.116375
B_impress_1000,1525918600_1,438,0.004405,0.004242,0.116348
B_impress_1000,1525918600_1,439,0.004401,0.004238,0.116321
B_impress_1000,1525918600_1,440,0.004401,0.004238,0.116294
B_impress_1000,1525918600_1,441,0.004397,0.004234,0.116267
B_impress_1000,1525918600_1,442,0.004397,0.004234,0.116240
B_impress_1000,1525918600_1,443,0.004393,0.004230,0.116214
B_impress_1000,1525918600_1,444,0.004392,0.004230,0.116187
B_impress_1000,1525918600_1,445,0.004392,0.004230,0.116161
B_impress_1000,1525918600_1,446,0.004392,0.004230,0.116134
B_impress_1000,1525918600_1,447,0.004388,0.004227,0.116108
B_impress_1000,1525918600_1,448,0.004388,0.004227,0.116082
B_impress_1000,1525918600_1,449,0.004387,0.004227,0.116056
B_impress_1000,1525918600_1,450,0.004383,0.004223,0.116030
B_impress_1000,1525918600_1,451,0.004383,0.004223,0.116005
B_impress_1000,1525918600_1,452,0.004383,0.004223,0.115979
B_impress_1000,1525918600_1,453,0.004379,0.004219,0.115954
B_impress_1000,1525918600_1,454,0.004375,0.004215,0.115928
B_impress_1000,1525918600_1,455,0.004374,0.004215,0.115903
B_impress_1000,1525918600_1,456,0.004370,0.004211,0.115877
B_impress_1000,1525918600_1,457,0.004370,0.004211,0.115852
B_impress_1000,1525918600_1,458,0.004366,0.004208,0.115827
B_impress_1000,1525918600_1,459,0.004366,0.004208,0.115801
B_impress_1000,1525918600_1,460,0.004362,0.004204,0.115776
B_impress_1000,1525918600_1,461,0.004365,0.004208,0.115751
B_impress_1000,1525918600_1,462,0.004361,0.004204,0.115726
B_impress_1000,1525918600_1,463,0.004361,0.004204,0.115701
B_impress_1000,1525918600_1,464,0.004357,0.004200,0.115676
B_impress_1000,1525918600_1,465,0.004356,0.004200,0.115651
B_impress_1000,1525918600_1,466,0.004356,0.004200,0.115626
B_impress_1000,1525918600_1,467,0.004352,0.004196,0.115601
B_impress_1000,1525918600_1,468,0.004352,0.004196,0.115576
B_impress_1000,1525918600_1,469,0.004348,0.004192,0.115551
B_impress_1000,1525918600_1,470,0.004348,0.004192,0.115527
B_impress_1000,1525918600_1,471,0.004347,0.004192,0.115502
B_impress_1000,1525918600_1,472,0.004347,0.004192,0.115478
B_impress_1000,1525918600_1,473,0.004343,0.004189,0.115453
B_impress_1000,1525918600_1,474,0.004343,0.004189,0.115429
B_impress_1000,1525918600_1,475,0.004339,0.004185,0.115404
B_impress_1000,1525918600_1,476,0.004339,0.004185,0.115380
B_impress_1000,1525918600_1,477,0.004338,0.004185,0.115356
B_impress_1000,1525918600_1,478,0.004334,0.004181,0.115331
B_impress_1000,1525918600_1,479,0.004334,0.004181,0.115307
B_impress_1000,1525918600_1,480,0.004334,0.004181,0.115283
B_impress_1000,1525918600_1,481,0.004333,0.004181,0.115259
B_impress_1000,1525918600_1,482,0.004329,0.004177,0.115235
B_impress_1000,1525918600_1,483,0.004329,0.004177,0.115211
B_impress_1000,1525918600_1,484,0.004325,0.004173,0.115187
B_impress_1000,1525918600_1,485,0.004325,0.004173,0.115163
B_impress_1000,1525918600_1,486,0.004325,0.004173,0.115139
B_impress_1000,1525918600_1,487,0.004321,0.004169,0.115115
B_impress_1000,1525918600_1,488,0.004320,0.004169,0.115091
B_impress_1000,1525918600_1,489,0.004320,0.004169,0.115067
B_impress_1000,1525918600_1,490,0.004320,0.004169,0.115043
B_impress_1000,1525918600_1,491,0.004316,0.004166,0.115019
B_impress_1000,1525918600_1,492,0.004316,0.004166,0.114996
B_impress_1000,1525918600_1,493,0.004312,0.004162,0.114972
B_impress_1000,1525918600_1,494,0.004311,0.004162,0.114948
B_impress_1000,1525918600_1,495,0.004315,0.004166,0.114937
B_impress_1000,1525918600_1,496,0.004315,0.004166,0.114926
B_impress_1000,1525918600_1,497,0.004311,0.004162,0.114915
B_impress_1000,1525918600_1,498,0.004311,0.004162,0.114904
B_impress_1000,1525918600_1,499,0.004311,0.004162,0.114893
B_impress_1000,1525918600_1,500,0.004311,0.004162,0.114882
B_impress_1000,1525918600_1,501,0.004307,0.004158,0.114871
B_impress_1000,1525918600_1,502,0.004307,0.004158,0.114860
B_impress_1000,1525918600_1,503,0.004307,0.004158,0.114849
B_impress_1000,1525918600_1,504,0.004306,0.004158,0.114839
B_impress_1000,1525918600_1,505,0.004306,0.004158,0.114828
B_impress_1000,1525918600_1,506,0.004302,0.004154,0.114817
B_impress_1000,1525918600_1,507,0.004302,0.004154,0.114807
B_impress_1000,1525918600_1,508,0.004302,0.004154,0.114796
B_impress_1000,1525918600_1,509,0.004302,0.004154,0.114786
B_impress_1000,1525918600_1,510,0.004302,0.004154,0.114776
B_impress_1000,1525918600_1,511,0.004298,0.004150,0.114765
B_impress_1000,1525918600_1,512,0.004302,0.004154,0.114755
B_impress_1000,1525918600_1,513,0.004298,0.004150,0.114745
B_impress_1000,1525918600_1,514,0.004298,0.004150,0.114735
B_impress_1000,1525918600_1,515,0.004298,0.004150,0.114724
B_impress_1000,1525918600_1,516,0.004294,0.004147,0.114714
B_impress_1000,1525918600_1,517,0.004294,0.004147,0.114704
B_impress_1000,1525918600_1,518,0.004294,0.004147,0.114695
B_impress_1000,1525918600_1,519,0.004293,0.004147,0.114685
B_impress_1000,1525918600_1,520,0.004286,0.004139,0.114675
B_impress_1000,1525918600_1,521,0.004289,0.004143,0.114665
B_impress_1000,1525918600_1,522,0.004289,0.004143,0.114655
B_impress_1000,1525918600_1,523,0.004289,0.004143,0.114646
B_impress_1000,1525918600_1,524,0.004285,0.004139,0.114636
B_impress_1000,1525918600_1,525,0.004289,0.004143,0.114626
B_impress_1000,1525918600_1,526,0.004285,0.004139,0.114617
B_impress_1000,1525918600_1,527,0.004281,0.004135,0.114607
B_impress_1000,1525918600_1,528,0.004281,0.004135,0.114598
B_impress_1000,1525918600_1,529,0.004281,0.004135,0.114588
B_impress_1000,1525918600_1,530,0.004281,0.004135,0.114579
B_impress_1000,1525918600_1,531,0.004281,0.004135,0.114570
B_impress_1000,1525918600_1,532,0.004281,0.004135,0.114560
B_impress_1000,1525918600_1,533,0.004281,0.004135,0.114551
B_impress_1000,1525918600_1,534,0.004277,0.004131,0.114542
B_impress_1000,1525918600_1,535,0.004277,0.004131,0.114533
B_impress_1000,1525918600_1,536,0.004277,0.004131,0.114524
B_impress_1000,1525918600_1,537,0.004276,0.004131,0.114515
B_impress_1000,1525918600_1,538,0.004276,0.004131,0.114506
B_impress_1000,1525918600_1,539,0.004272,0.004128,0.114497
B_impress_1000,1525918600_1,540,0.004272,0.004128,0.114489
B_impress_1000,1525918600_1,541,0.004272,0.004128,0.114480
B_impress_1000,1525918600_1,542,0.004272,0.004128,0.114471
B_impress_1000,1525918600_1,543,0.004272,0.004128,0.114462
B_impress_1000,1525918600_1,544,0.004272,0.004128,0.114454
B_impress_1000,1525918600_1,545,0.004272,0.004128,0.114445
B_impress_1000,1525918600_1,546,0.004268,0.004124,0.114437
B_impress_1000,1525918600_1,547,0.004268,0.004124,0.114428
B_impress_1000,1525918600_1,548,0.004268,0.004124,0.114420
B_impress_1000,1525918600_1,549,0.004268,0.004124,0.114411
B_impress_1000,1525918600_1,550,0.004264,0.004120,0.114403
B_impress_1000,1525918600_1,551,0.004264,0.004120,0.114394
B_impress_1000,1525918600_1,552,0.004264,0.004120,0.114386
B_impress_1000,1525918600_1,553,0.004264,0.004120,0.114378
B_impress_1000,1525918600_1,554,0.004260,0.004116,0.114369
B_impress_1000,1525918600_1,555,0.004263,0.004120,0.114361
B_impress_1000,1525918600_1,556,0.004260,0.004116,0.114353
B_impress_1000,1525918600_1,557,0.004260,0.004116,0.114345
B_impress_1000,1525918600_1,558,0.004259,0.004116,0.114336
B_impress_1000,1525918600_1,559,0.004259,0.004116,0.114328
B_impress_1000,1525918600_1,560,0.004255,0.004112,0.114320
B_impress_1000,1525918600_1,561,0.004259,0.004116,0.114312
B_impress_1000,1525918600_1,562,0.004255,0.004112,0.114304
B_impress_1000,1525918600_1,563,0.004255,0.004112,0.114296
B_impress_1000,1525918600_1,564,0.004255,0.004112,0.114289
B_impress_1000,1525918600_1,565,0.004255,0.004112,0.114281
B_impress_1000,1525918600_1,566,0.004255,0.004112,0.114273
B_impress_1000,1525918600_1,567,0.004251,0.004108,0.114266
B_impress_1000,1525918600_1,568,0.004255,0.004112,0.114258
B_impress_1000,1525918600_1,569,0.004251,0.004108,0.114250
B_impress_1000,1525918600_1,570,0.004251,0.004108,0.114243
B_impress_1000,1525918600_1,571,0.004251,0.004108,0.114235
B_impress_1000,1525918600_1,572,0.004251,0.004108,0.114228
B_impress_1000,1525918600_1,573,0.004251,0.004108,0.114220
B_impress_1000,1525918600_1,574,0.004251,0.004108,0.114213
B_impress_1000,1525918600_1,575,0.004250,0.004108,0.114206
B_impress_1000,1525918600_1,576,0.004250,0.004108,0.114198
B_impress_1000,1525918600_1,577,0.004250,0.004108,0.114191
B_impress_1000,1525918600_1,578,0.004246,0.004105,0.114185
B_impress_1000,1525918600_1,579,0.004250,0.004108,0.114178
B_impress_1000,1525918600_1,580,0.004246,0.004105,0.114171
B_impress_1000,1525918600_1,581,0.004246,0.004105,0.114164
B_impress_1000,1525918600_1,582,0.004246,0.004105,0.114158
B_impress_1000,1525918600_1,583,0.004246,0.004105,0.114151
B_impress_1000,1525918600_1,584,0.004246,0.004105,0.114144
B_impress_1000,1525918600_1,585,0.004242,0.004101,0.114138
B_impress_1000,1525918600_1,586,0.004242,0.004101,0.114131
B_impress_1000,1525918600_1,587,0.004246,0.004105,0.114125
B_impress_1000,1525918600_1,588,0.004242,0.004101,0.114118
B_impress_1000,1525918600_1,589,0.004242,0.004101,0.114112
B_impress_1000,1525918600_1,590,0.004242,0.004101,0.114106
B_impress_1000,1525918600_1,591,0.004242,0.004101,0.114099
B_impress_1000,1525918600_1,592,0.004242,0.004101,0.114093
B_impress_1000,1525918600_1,593,0.004242,0.004101,0.114086
B_impress_1000,1525918600_1,594,0.004242,0.004101,0.114080
B_impress_1000,1525918600_1,595,0.004242,0.004101,0.114074
B_impress_1000,1525918600_1,596,0.004238,0.004097,0.114067
B_impress_1000,1525918600_1,597,0.004238,0.004097,0.114061
B_impress_1000,1525918600_1,598,0.004238,0.004097,0.114054
B_impress_1000,1525918600_1,599,0.004237,0.004097,0.114048
B_impress_1000,1525918600_1,600,0.004237,0.004097,0.114042
B_impress_1000,1525918600_1,601,0.004237,0.004097,0.114036
B_impress_1000,1525918600_1,602,0.004237,0.004097,0.114029
B_impress_1000,1525918600_1,603,0.004233,0.004093,0.114023
B_impress_1000,1525918600_1,604,0.004237,0.004097,0.114017
B_impress_1000,1525918600_1,605,0.004233,0.004093,0.114011
B_impress_1000,1525918600_1,606,0.004233,0.004093,0.114006
B_impress_1000,1525918600_1,607,0.004233,0.004093,0.114002
B_impress_1000,1525918600_1,608,0.004233,0.004093,0.113998
B_impress_1000,1525918600_1,609,0.004233,0.004093,0.113994
B_impress_1000,1525918600_1,610,0.004233,0.004093,0.113990
B_impress_1000,1525918600_1,611,0.004233,0.004093,0.113986
B_impress_1000,1525918600_1,612,0.004233,0.004093,0.113982
B_impress_1000,1525918600_1,613,0.004233,0.004093,0.113978
B_impress_1000,1525918600_1,614,0.004229,0.004089,0.113974
B_impress_1000,1525918600_1,615,0.004229,0.004089,0.113970
B_impress_1000,1525918600_1,616,0.004233,0.004093,0.113966
B_impress_1000,1525918600_1,617,0.004229,0.004089,0.113962
B_impress_1000,1525918600_1,618,0.004229,0.004089,0.113958
B_impress_1000,1525918600_1,619,0.004229,0.004089,0.113954
B_impress_1000,1525918600_1,620,0.004229,0.004089,0.113950
B_impress_1000,1525918600_1,621,0.004229,0.004089,0.113946
B_impress_1000,1525918600_1,622,0.004229,0.004089,0.113942
B_impress_1000,1525918600_1,623,0.004229,0.004089,0.113939
B_impress_1000,1525918600_1,624,0.004229,0.004089,0.113935
B_impress_1000,1525918600_1,625,0.004229,0.004089,0.113931
B_impress_1000,1525918600_1,626,0.004229,0.004089,0.113927
B_impress_1000,1525918600_1,627,0.004229,0.004089,0.113924
B_impress_1000,1525918600_1,628,0.004229,0.004089,0.113920
B_impress_1000,1525918600_1,629,0.004221,0.004082,0.113916
B_impress_1000,1525918600_1,630,0.004228,0.004089,0.113912
B_impress_1000,1525918600_1,631,0.004228,0.004089,0.113909
B_impress_1000,1525918600_1,632,0.004225,0.004086,0.113905
B_impress_1000,1525918600_1,633,0.004228,0.004089,0.113901
B_impress_1000,1525918600_1,634,0.004228,0.004089,0.113898
B_impress_1000,1525918600_1,635,0.004224,0.004086,0.113894
B_impress_1000,1525918600_1,636,0.004224,0.004086,0.113891
B_impress_1000,1525918600_1,637,0.004224,0.004086,0.113887
B_impress_1000,1525918600_1,638,0.004224,0.004086,0.113883
B_impress_1000,1525918600_1,639,0.004221,0.004082,0.113880
B_impress_1000,1525918600_1,640,0.004220,0.004082,0.113876
B_impress_1000,1525918600_1,641,0.004224,0.004086,0.113873
B_impress_1000,1525918600_1,642,0.004224,0.004086,0.113869
B_impress_1000,1525918600_1,643,0.004224,0.004086,0.113865
B_impress_1000,1525918600_1,644,0.004220,0.004082,0.113862
B_impress_1000,1525918600_1,645,0.004220,0.004082,0.113858
B_impress_1000,1525918600_1,646,0.004220,0.004082,0.113855
B_impress_1000,1525918600_1,647,0.004224,0.004086,0.113851
B_impress_1000,1525918600_1,648,0.004220,0.004082,0.113847
B_impress_1000,1525918600_1,649,0.004224,0.004086,0.113844
B_impress_1000,1525918600_1,650,0.004220,0.004082,0.113840
B_impress_1000,1525918600_1,651,0.004220,0.004082,0.113837
B_impress_1000,1525918600_1,652,0.004224,0.004086,0.113833
B_impress_1000,1525918600_1,653,0.004220,0.004082,0.113830
B_impress_1000,1525918600_1,654,0.004216,0.004078,0.113826
B_impress_1000,1525918600_1,655,0.004220,0.004082,0.113823
B_impress_1000,1525918600_1,656,0.004216,0.004078,0.113819
B_impress_1000,1525918600_1,657,0.004216,0.004078,0.113816
B_impress_1000,1525918600_1,658,0.004216,0.004078,0.113812
B_impress_1000,1525918600_1,659,0.004216,0.004078,0.113809
B_impress_1000,1525918600_1,660,0.004216,0.004078,0.113805
B_impress_1000,1525918600_1,661,0.004216,0.004078,0.113802
B_impress_1000,1525918600_1,662,0.004216,0.004078,0.113798
B_impress_1000,1525918600_1,663,0.004216,0.004078,0.113795
B_impress_1000,1525918600_1,664,0.004216,0.004078,0.113792
B_impress_1000,1525918600_1,665,0.004216,0.004078,0.113788
B_impress_1000,1525918600_1,666,0.004216,0.004078,0.113787
B_impress_1000,1525918600_1,667,0.004216,0.004078,0.113785
B_impress_1000,1525918600_1,668,0.004216,0.004078,0.113784
B_impress_1000,1525918600_1,669,0.004216,0.004078,0.113782
B_impress_1000,1525918600_1,670,0.004216,0.004078,0.113781
B_impress_1000,1525918600_1,671,0.004212,0.004074,0.113780
B_impress_1000,1525918600_1,672,0.004216,0.004078,0.113778
B_impress_1000,1525918600_1,673,0.004216,0.004078,0.113777
B_impress_1000,1525918600_1,674,0.004212,0.004074,0.113776
B_impress_1000,1525918600_1,675,0.004212,0.004074,0.113774
B_impress_1000,1525918600_1,676,0.004212,0.004074,0.113773
B_impress_1000,1525918600_1,677,0.004212,0.004074,0.113771
B_impress_1000,1525918600_1,678,0.004212,0.004074,0.113770
B_impress_1000,1525918600_1,679,0.004212,0.004074,0.113769
B_impress_1000,1525918600_1,680,0.004212,0.004074,0.113768
B_impress_1000,1525918600_1,681,0.004212,0.004074,0.113766
B_impress_1000,1525918600_1,682,0.004212,0.004074,0.113765
B_impress_1000,1525918600_1,683,0.004212,0.004074,0.113764
B_impress_1000,1525918600_1,684,0.004212,0.004074,0.113762
B_impress_1000,1525918600_1,685,0.004212,0.004074,0.113761
B_impress_1000,1525918600_1,686,0.004212,0.004074,0.113760
B_impress_1000,1525918600_1,687,0.004212,0.004074,0.113759
B_impress_1000,1525918600_1,688,0.004212,0.004074,0.113757
B_impress_1000,1525918600_1,689,0.004212,0.004074,0.113756
B_impress_1000,1525918600_1,690,0.004212,0.004074,0.113755
B_impress_1000,1525918600_1,691,0.004212,0.004074,0.113753
B_impress_1000,1525918600_1,692,0.004212,0.004074,0.113752
B_impress_1000,1525918600_1,693,0.004212,0.004074,0.113751
B_impress_1000,1525918600_1,694,0.004212,0.004074,0.113750
B_impress_1000,1525918600_1,695,0.004212,0.004074,0.113748
B_impress_1000,1525918600_1,696,0.004212,0.004074,0.113747
B_impress_1000,1525918600_1,697,0.004212,0.004074,0.113746
B_impress_1000,1525918600_1,698,0.004212,0.004074,0.113745
B_impress_1000,1525918600_1,699,0.004212,0.004074,0.113743
B_impress_1000,1525918600_1,700,0.004212,0.004074,0.113742
B_impress_1000,1525918600_1,701,0.004212,0.004074,0.113741
B_impress_1000,1525918600_1,702,0.004211,0.004074,0.113740
B_impress_1000,1525918600_1,703,0.004211,0.004074,0.113738
B_impress_1000,1525918600_1,704,0.004211,0.004074,0.113737
B_impress_1000,1525918600_1,705,0.004211,0.004074,0.113736
B_impress_1000,1525918600_1,706,0.004211,0.004074,0.113735
B_impress_1000,1525918600_1,707,0.004211,0.004074,0.113734
B_impress_1000,1525918600_1,708,0.004208,0.004070,0.113733
B_impress_1000,1525918600_1,709,0.004211,0.004074,0.113731
B_impress_1000,1525918600_1,710,0.004211,0.004074,0.113730
B_impress_1000,1525918600_1,711,0.004211,0.004074,0.113729
B_impress_1000,1525918600_1,712,0.004208,0.004070,0.113728
B_impress_1000,1525918600_1,713,0.004208,0.004070,0.113727
B_impress_1000,1525918600_1,714,0.004208,0.004070,0.113726
B_impress_1000,1525918600_1,715,0.004208,0.004070,0.113724
B_impress_1000,1525918600_1,716,0.004208,0.004070,0.113723
B_impress_1000,1525918600_1,717,0.004211,0.004074,0.113722
B_impress_1000,1525918600_1,718,0.004211,0.004074,0.113721
B_impress_1000,1525918600_1,719,0.004211,0.004074,0.113720
B_impress_1000,1525918600_1,720,0.004211,0.004074,0.113719
B_impress_1000,1525918600_1,721,0.004211,0.004074,0.113718
B_impress_1000,1525918600_1,722,0.004207,0.004070,0.113717
B_impress_1000,1525918600_1,723,0.004207,0.004070,0.113716
B_impress_1000,1525918600_1,724,0.004207,0.004070,0.113715
B_impress_1000,1525918600_1,725,0.004207,0.004070,0.113714
B_impress_1000,1525918600_1,726,0.004207,0.004070,0.113713
B_impress_1000,1525918600_1,727,0.004207,0.004070,0.113712
B_impress_1000,1525918600_1,728,0.004211,0.004074,0.113711
B_impress_1000,1525918600_1,729,0.004207,0.004070,0.113710
B_impress_1000,1525918600_1,730,0.004207,0.004070,0.113709
B_impress_1000,1525918600_1,731,0.004207,0.004070,0.113708
B_impress_1000,1525918600_1,732,0.004207,0.004070,0.113706
B_impress_1000,1525918600_1,733,0.004207,0.004070,0.113706
B_impress_1000,1525918600_1,734,0.004207,0.004070,0.113705
B_impress_1000,1525918600_1,735,0.004207,0.004070,0.113704
B_impress_1000,1525918600_1,736,0.004207,0.004070,0.113704
B_impress_1000,1525918600_1,737,0.004207,0.004070,0.113703
B_impress_1000,1525918600_1,738,0.004207,0.004070,0.113702
B_impress_1000,1525918600_1,739,0.004207,0.004070,0.113702
B_impress_1000,1525918600_1,740,0.004207,0.004070,0.113701
B_impress_1000,1525918600_1,741,0.004207,0.004070,0.113700
B_impress_1000,1525918600_1,742,0.004207,0.004070,0.113700
B_impress_1000,1525918600_1,743,0.004207,0.004070,0.113699
B_impress_1000,1525918600_1,744,0.004207,0.004070,0.113698
B_impress_1000,1525918600_1,745,0.004207,0.004070,0.113698
B_impress_1000,1525918600_1,746,0.004203,0.004066,0.113697
B_impress_1000,1525918600_1,747,0.004207,0.004070,0.113696
B_impress_1000,1525918600_1,748,0.004207,0.004070,0.113696
B_impress_1000,1525918600_1,749,0.004207,0.004070,0.113695
B_impress_1000,1525918600_1,750,0.004207,0.004070,0.113694
B_impress_1000,1525918600_1,751,0.004207,0.004070,0.113694
B_impress_1000,1525918600_1,752,0.004207,0.004070,0.113693
B_impress_1000,1525918600_1,753,0.004207,0.004070,0.113693
B_impress_1000,1525918600_1,754,0.004207,0.004070,0.113692
B_impress_1000,1525918600_1,755,0.004207,0.004070,0.113691
B_impress_1000,1525918600_1,756,0.004207,0.004070,0.113691
B_impress_1000,1525918600_1,757,0.004203,0.004066,0.113690
B_impress_1000,1525918600_1,758,0.004207,0.004070,0.113689
B_impress_1000,1525918600_1,759,0.004207,0.004070,0.113689
B_impress_1000,1525918600_1,760,0.004207,0.004070,0.113688
B_impress_1000,1525918600_1,761,0.004207,0.004070,0.113688
B_impress_1000,1525918600_1,762,0.004207,0.004070,0.113687
B_impress_1000,1525918600_1,763,0.004207,0.004070,0.113686
B_impress_1000,1525918600_1,764,0.004203,0.004066,0.113686
B_impress_1000,1525918600_1,765,0.004207,0.004070,0.113685
B_impress_1000,1525918600_1,766,0.004207,0.004070,0.113684
B_impress_1000,1525918600_1,767,0.004207,0.004070,0.113684
B_impress_1000,1525918600_1,768,0.004207,0.004070,0.113683
B_impress_1000,1525918600_1,769,0.004207,0.004070,0.113683
B_impress_1000,1525918600_1,770,0.004203,0.004066,0.113682
B_impress_1000,1525918600_1,771,0.004207,0.004070,0.113682
B_impress_1000,1525918600_1,772,0.004203,0.004066,0.113681
B_impress_1000,1525918600_1,773,0.004203,0.004066,0.113681
B_impress_1000,1525918600_1,774,0.004207,0.004070,0.113681
B_impress_1000,1525918600_1,775,0.004207,0.004070,0.113681
B_impress_1000,1525918600_1,776,0.004203,0.004066,0.113681
B_impress_1000,1525918600_1,777,0.004207,0.004070,0.113680
B_impress_1000,1525918600_1,778,0.004203,0.004066,0.113680
B_impress_1000,1525918600_1,779,0.004207,0.004070,0.113680
B_impress_1000,1525918600_1,780,0.004203,0.004066,0.113680
B_impress_1000,1525918600_1,781,0.004207,0.004070,0.113679
B_impress_1000,1525918600_1,782,0.004203,0.004066,0.113679
B_impress_1000,1525918600_1,783,0.004207,0.004070,0.113679
B_impress_1000,1525918600_1,784,0.004203,0.004066,0.113679
B_impress_1000,1525918600_1,785,0.004203,0.004066,0.113679
B_impress_1000,1525918600_1,786,0.004203,0.004066,0.113678
B_impress_1000,1525918600_1,787,0.004203,0.004066,0.113678
B_impress_1000,1525918600_1,788,0.004207,0.004070,0.113678
B_impress_1000,1525918600_1,789,0.004207,0.004070,0.113678
B_impress_1000,1525918600_1,790,0.004203,0.004066,0.113678
B_impress_1000,1525918600_1,791,0.004203,0.004066,0.113677
B_impress_1000,1525918600_1,792,0.004203,0.004066,0.113677
B_impress_1000,1525918600_1,793,0.004203,0.004066,0.113677
B_impress_1000,1525918600_1,794,0.004203,0.004066,0.113677
B_impress_1000,1525918600_1,795,0.004203,0.004066,0.113677
B_impress_1000,1525918600_1,796,0.004203,0.004066,0.113676
B_impress_1000,1525918600_1,797,0.004203,0.004066,0.113676
B_impress_1000,1525918600_1,798,0.004207,0.004070,0.113676
B_impress_1000,1525918600_1,799,0.004203,0.004066,0.113676
B_impress_1000,1525918600_1,800,0.004207,0.004070,0.113676
B_impress_1000,1525918600_1,801,0.004203,0.004066,0.113675
B_impress_1000,1525918600_1,802,0.004207,0.004070,0.113675
B_impress_1000,1525918600_1,803,0.004207,0.004070,0.113675
B_impress_1000,1525918600_1,804,0.004207,0.004070,0.113675
B_impress_1000,1525918600_1,805,0.004207,0.004070,0.113675
B_impress_1000,1525918600_1,806,0.004207,0.004070,0.113674
B_impress_1000,1525918600_1,807,0.004207,0.004070,0.113674
B_impress_1000,1525918600_1,808,0.004203,0.004066,0.113674
B_impress_1000,1525918600_1,809,0.004203,0.004066,0.113674
B_impress_1000,1525918600_1,810,0.004203,0.004066,0.113674
B_impress_1000,1525918600_1,811,0.004203,0.004066,0.113674
B_impress_1000,1525918600_1,812,0.004203,0.004066,0.113673
B_impress_1000,1525918600_1,813,0.004207,0.004070,0.113673
B_impress_1000,1525918600_1,814,0.004203,0.004066,0.113673
B_impress_1000,1525918600_1,815,0.004207,0.004070,0.113673
B_impress_1000,1525918600_1,816,0.004203,0.004066,0.113673
B_impress_1000,1525918600_1,817,0.004203,0.004066,0.113673
B_impress_1000,1525918600_1,818,0.004207,0.004070,0.113672
B_impress_1000,1525918600_1,819,0.004203,0.004066,0.113672
B_impress_1000,1525918600_1,820,0.004203,0.004066,0.113672
B_impress_1000,1525918600_1,821,0.004203,0.004066,0.113672
B_impress_1000,1525918600_1,822,0.004203,0.004066,0.113672
B_impress_1000,1525918600_1,823,0.004203,0.004066,0.113672
B_impress_1000,1525918600_1,824,0.004203,0.004066,0.113672
B_impress_1000,1525918600_1,825,0.004203,0.004066,0.113672
B_impress_1000,1525918600_1,826,0.004203,0.004066,0.113672
B_impress_1000,1525918600_1,827,0.004203,0.004066,0.113671
B_impress_1000,1525918600_1,828,0.004203,0.004066,0.113671
B_impress_1000,1525918600_1,829,0.004207,0.004070,0.113671
B_impress_1000,1525918600_1,830,0.004203,0.004066,0.113671
B_impress_1000,1525918600_1,831,0.004203,0.004066,0.113671
B_impress_1000,1525918600_1,832,0.004203,0.004066,0.113671
B_impress_1000,1525918600_1,833,0.004203,0.004066,0.113671
B_impress_1000,1525918600_1,834,0.004203,0.004066,0.113671
B_impress_1000,1525918600_1,835,0.004203,0.004066,0.113671
B_impress_1000,1525918600_1,836,0.004203,0.004066,0.113670
B_impress_1000,1525918600_1,837,0.004203,0.004066,0.113670
B_impress_1000,1525918600_1,838,0.004203,0.004066,0.113670
B_impress_1000,1525918600_1,839,0.004203,0.004066,0.113670
B_impress_1000,1525918600_1,840,0.004203,0.004066,0.113670
B_impress_1000,1525918600_1,841,0.004203,0.004066,0.113670
B_impress_1000,1525918600_1,842,0.004203,0.004066,0.113670
B_impress_1000,1525918600_1,843,0.004203,0.004066,0.113670
B_impress_1000,1525918600_1,844,0.004203,0.004066,0.113670
B_impress_1000,1525918600_1,845,0.004203,0.004066,0.113670
B_impress_1000,1525918600_1,846,0.004203,0.004066,0.113670
B_impress_1000,1525918600_1,847,0.004203,0.004066,0.113670
B_impress_1000,1525918600_1,848,0.004203,0.004066,0.113670
B_impress_1000,1525918600_1,849,0.004203,0.004066,0.113670
B_impress_1000,1525918600_1,850,0.004203,0.004066,0.113670
B_impress_1000,1525918600_1,851,0.004203,0.004066,0.113669
B_impress_1000,1525918600_1,852,0.004203,0.004066,0.113669
B_impress_1000,1525918600_1,853,0.004203,0.004066,0.113669
B_impress_1000,1525918600_1,854,0.004203,0.004066,0.113669
B_impress_1000,1525918600_1,855,0.004203,0.004066,0.113669
B_impress_1000,1525918600_1,856,0.004203,0.004066,0.113669
B_impress_1000,1525918600_1,857,0.004203,0.004066,0.113669
B_impress_1000,1525918600_1,858,0.004203,0.004066,0.113669
B_impress_1000,1525918600_1,859,0.004203,0.004066,0.113669
B_impress_1000,1525918600_1,860,0.004203,0.004066,0.113669
B_impress_1000,1525918600_1,861,0.004203,0.004066,0.113669
B_impress_1000,1525918600_1,862,0.004203,0.004066,0.113669
B_impress_1000,1525918600_1,863,0.004203,0.004066,0.113669
B_impress_1000,1525918600_1,864,0.004203,0.004066,0.113669
B_impress_1000,1525918600_1,865,0.004203,0.004066,0.113669
B_impress_1000,1525918600_1,866,0.004203,0.004066,0.113669
B_impress_1000,1525918600_1,867,0.004203,0.004066,0.113669
B_impress_1000,1525918600_1,868,0.004203,0.004066,0.113669
B_impress_1000,1525918600_1,869,0.004203,0.004066,0.113669
B_impress_1000,1525918600_1,870,0.004203,0.004066,0.113669
B_impress_1000,1525918600_1,871,0.004203,0.004066,0.113669
B_impress_1000,1525918600_1,872,0.004203,0.004066,0.113669
B_impress_1000,1525918600_1,873,0.004203,0.004066,0.113669
B_impress_1000,1525918600_1,874,0.004203,0.004066,0.113669
B_impress_1000,1525918600_1,875,0.004203,0.004066,0.113669
B_impress_1000,1525918600_1,876,0.004203,0.004066,0.113669
B_impress_1000,1525918600_1,877,0.004203,0.004066,0.113669
B_impress_1000,1525918600_1,878,0.004203,0.004066,0.113669
B_impress_1000,1525918600_1,879,0.004203,0.004066,0.113669
B_impress_1000,1525918600_1,880,0.004203,0.004066,0.113669
B_impress_1000,1525918600_1,881,0.004203,0.004066,0.113669
B_impress_1000,1525918600_1,882,0.004203,0.004066,0.113669
B_impress_1000,1525918600_1,883,0.004203,0.004066,0.113669
B_impress_1000,1525918600_1,884,0.004203,0.004066,0.113669
B_impress_1000,1525918600_1,885,0.004203,0.004066,0.113669
B_impress_1000,1525918600_1,886,0.004203,0.004066,0.113669
B_impress_1000,1525918600_1,887,0.004203,0.004066,0.113668
B_impress_1000,1525918600_1,888,0.004203,0.004066,0.113668
B_impress_1000,1525918600_1,889,0.004203,0.004066,0.113668
B_impress_1000,1525918600_1,890,0.004203,0.004066,0.113668
B_impress_1000,1525918600_1,891,0.004203,0.004066,0.113668
B_impress_1000,1525918600_1,892,0.004203,0.004066,0.113668
B_impress_1000,1525918600_1,893,0.004203,0.004066,0.113668
B_impress_1000,1525918600_1,894,0.004203,0.004066,0.113668
B_impress_1000,1525918600_1,895,0.004203,0.004066,0.113668
B_impress_1000,1525918600_1,896,0.004203,0.004066,0.113668
B_impress_1000,1525918600_1,897,0.004203,0.004066,0.113668
B_impress_1000,1525918600_1,898,0.004203,0.004066,0.113668
B_impress_1000,1525918600_1,899,0.004203,0.004066,0.113668
B_impress_1000,1525918600_1,900,0.004203,0.004066,0.113668
B_impress_1000,1525918600_1,901,0.004203,0.004066,0.113668
B_impress_1000,1525918600_1,902,0.004203,0.004066,0.113668
B_impress_1000,1525918600_1,903,0.004203,0.004066,0.113668
B_impress_1000,1525918600_1,904,0.004203,0.004066,0.113668
B_impress_1000,1525918600_1,905,0.004203,0.004066,0.113668
B_impress_1000,1525918600_1,906,0.004203,0.004066,0.113668
B_impress_1000,1525918600_1,907,0.004203,0.004066,0.113668
B_impress_1000,1525918600_1,908,0.004203,0.004066,0.113668
B_impress_1000,1525918600_1,909,0.004203,0.004066,0.113668
B_impress_1000,1525918600_1,910,0.004203,0.004066,0.113668
B_impress_1000,1525918600_1,911,0.004203,0.004066,0.113668
B_impress_1000,1525918600_1,912,0.004207,0.004070,0.113668
B_impress_1000,1525918600_1,913,0.004203,0.004066,0.113668
B_impress_1000,1525918600_1,914,0.004203,0.004066,0.113668
B_impress_1000,1525918600_1,915,0.004203,0.004066,0.113668
B_impress_1000,1525918600_1,916,0.004203,0.004066,0.113668
B_impress_1000,1525918600_1,917,0.004203,0.004066,0.113668
B_impress_1000,1525918600_1,918,0.004203,0.004066,0.113668
B_impress_1000,1525918600_1,919,0.004203,0.004066,0.113668
B_impress_1000,1525918600_1,920,0.004203,0.004066,0.113668
B_impress_1000,1525918600_1,921,0.004203,0.004066,0.113668
B_impress_1000,1525918600_1,922,0.004203,0.004066,0.113668
B_impress_1000,1525918600_1,923,0.004203,0.004066,0.113668
B_impress_1000,1525918600_1,924,0.004203,0.004066,0.113668
B_impress_1000,1525918600_1,925,0.004203,0.004066,0.113668
B_impress_1000,1525918600_1,926,0.004203,0.004066,0.113668
B_impress_1000,1525918600_1,927,0.004203,0.004066,0.113668
B_impress_1000,1525918600_1,928,0.004203,0.004066,0.113668
B_impress_1000,1525918600_1,929,0.004203,0.004066,0.113668
B_impress_1000,1525918600_1,930,0.004207,0.004070,0.113668
B_impress_1000,1525918600_1,931,0.004203,0.004066,0.113668
B_impress_1000,1525918600_1,932,0.004203,0.004066,0.113668
B_impress_1000,1525918600_1,933,0.004203,0.004066,0.113668
B_impress_1000,1525918600_1,934,0.004207,0.004070,0.113668
B_impress_1000,1525918600_1,935,0.004203,0.004066,0.113668
B_impress_1000,1525918600_1,936,0.004203,0.004066,0.113668
B_impress_1000,1525918600_1,937,0.004203,0.004066,0.113668
B_impress_1000,1525918600_1,938,0.004203,0.004066,0.113668
B_impress_1000,1525918600_1,939,0.004203,0.004066,0.113668
B_impress_1000,1525918600_1,940,0.004203,0.004066,0.113668
B_impress_1000,1525918600_1,941,0.004203,0.004066,0.113668
B_impress_1000,1525918600_1,942,0.004203,0.004066,0.113668
B_impress_1000,1525918600_1,943,0.004203,0.004066,0.113668
B_impress_1000,1525918600_1,944,0.004203,0.004066,0.113668
B_impress_1000,1525918600_1,945,0.004203,0.004066,0.113668
B_impress_1000,1525918600_1,946,0.004203,0.004066,0.113668
B_impress_1000,1525918600_1,947,0.004203,0.004066,0.113668
B_impress_1000,1525918600_1,948,0.004203,0.004066,0.113668
B_impress_1000,1525918600_1,949,0.004203,0.004066,0.113668
B_impress_1000,1525918600_1,950,0.004203,0.004066,0.113668
B_impress_1000,1525918600_1,951,0.004203,0.004066,0.113668
B_impress_1000,1525918600_1,952,0.004203,0.004066,0.113668
B_impress_1000,1525918600_1,953,0.004203,0.004066,0.113668
B_impress_1000,1525918600_1,954,0.004203,0.004066,0.113668
B_impress_1000,1525918600_1,955,0.004207,0.004070,0.113668
B_impress_1000,1525918600_1,956,0.004203,0.004066,0.113668
B_impress_1000,1525918600_1,957,0.004203,0.004066,0.113668
B_impress_1000,1525918600_1,958,0.004203,0.004066,0.113668
B_impress_1000,1525918600_1,959,0.004203,0.004066,0.113668
B_impress_1000,1525918600_1,960,0.004203,0.004066,0.113668
B_impress_1000,1525918600_1,961,0.004207,0.004070,0.113668
B_impress_1000,1525918600_1,962,0.004203,0.004066,0.113668
B_impress_1000,1525918600_1,963,0.004203,0.004066,0.113668
B_impress_1000,1525918600_1,964,0.004203,0.004066,0.113668
B_impress_1000,1525918600_1,965,0.004203,0.004066,0.113668
B_impress_1000,1525918600_1,966,0.004203,0.004066,0.113668
B_impress_1000,1525918600_1,967,0.004203,0.004066,0.113668
B_impress_1000,1525918600_1,968,0.004203,0.004066,0.113668
B_impress_1000,1525918600_1,969,0.004203,0.004066,0.113668
B_impress_1000,1525918600_1,970,0.004203,0.004066,0.113668
B_impress_1000,1525918600_1,971,0.004203,0.004066,0.113668
B_impress_1000,1525918600_1,972,0.004203,0.004066,0.113668
B_impress_1000,1525918600_1,973,0.004203,0.004066,0.113668
B_impress_1000,1525918600_1,974,0.004203,0.004066,0.113668
B_impress_1000,1525918600_1,975,0.004203,0.004066,0.113668
B_impress_1000,1525918600_1,976,0.004203,0.004066,0.113668
B_impress_1000,1525918600_1,977,0.004203,0.004066,0.113668
B_impress_1000,1525918600_1,978,0.004203,0.004066,0.113668
B_impress_1000,1525918600_1,979,0.004203,0.004066,0.113668
B_impress_1000,1525918600_1,980,0.004203,0.004066,0.113668
B_impress_1000,1525918600_1,981,0.004203,0.004066,0.113668
B_impress_1000,1525918600_1,982,0.004207,0.004070,0.113668
B_impress_1000,1525918600_1,983,0.004203,0.004066,0.113668
B_impress_1000,1525918600_1,984,0.004203,0.004066,0.113668
B_impress_1000,1525918600_1,985,0.004203,0.004066,0.113668
B_impress_1000,1525918600_1,986,0.004203,0.004066,0.113668
B_impress_1000,1525918600_1,987,0.004203,0.004066,0.113668
B_impress_1000,1525918600_1,988,0.004203,0.004066,0.113668
B_impress_1000,1525918600_1,989,0.004203,0.004066,0.113668
B_impress_1000,1525918600_1,990,0.004203,0.004066,0.113668
B_impress_1000,1525918600_1,991,0.004203,0.004066,0.113668
B_impress_1000,1525918600_1,992,0.004203,0.004066,0.113668
B_impress_1000,1525918600_1,993,0.004203,0.004066,0.113668
B_impress_1000,1525918600_1,994,0.004203,0.004066,0.113668
B_impress_1000,1525918600_1,995,0.004203,0.004066,0.113668
B_impress_1000,1525918600_1,996,0.004203,0.004066,0.113668
B_impress_1000,1525918600_1,997,0.004203,0.004066,0.113668
B_impress_1000,1525918600_1,998,0.004203,0.004066,0.113668
B_impress_1000,1525918600_1,999,0.004203,0.004066,0.113668
B_impress_1000,1525918600_1,1000,0.004203,0.004066,0.113668
B_impress_1000,178046512_1,1,0.010250,0.008186,0.306356
B_impress_1000,178046512_1,2,0.010035,0.008141,0.289456
B_impress_1000,178046512_1,3,0.009879,0.008102,0.277708
B_impress_1000,178046512_1,4,0.009776,0.008080,0.269663
B_impress_1000,178046512_1,5,0.009688,0.008057,0.263092
B_impress_1000,178046512_1,6,0.009619,0.008041,0.257728
B_impress_1000,178046512_1,7,0.009539,0.008011,0.252820
B_impress_1000,178046512_1,8,0.009477,0.007988,0.248945
B_impress_1000,178046512_1,9,0.009427,0.007973,0.245400
B_impress_1000,178046512_1,10,0.009372,0.007950,0.242176
B_impress_1000,178046512_1,11,0.009327,0.007935,0.239239
B_impress_1000,178046512_1,12,0.009276,0.007912,0.236441
B_impress_1000,178046512_1,13,0.009234,0.007896,0.233800
B_impress_1000,178046512_1,14,0.009197,0.007881,0.231574
B_impress_1000,178046512_1,15,0.009160,0.007866,0.229406
B_impress_1000,178046512_1,16,0.009124,0.007851,0.227329
B_impress_1000,178046512_1,17,0.009082,0.007828,0.225378
B_impress_1000,178046512_1,18,0.009043,0.007809,0.223477
B_impress_1000,178046512_1,19,0.009006,0.007790,0.221643
B_impress_1000,178046512_1,20,0.008974,0.007774,0.219927
B_impress_1000,178046512_1,21,0.008942,0.007759,0.218271
B_impress_1000,178046512_1,22,0.008907,0.007740,0.216664
B_impress_1000,178046512_1,23,0.008880,0.007729,0.215121
B_impress_1000,178046512_1,24,0.008846,0.007710,0.213627
B_impress_1000,178046512_1,25,0.008812,0.007690,0.212174
B_impress_1000,178046512_1,26,0.008775,0.007668,0.210753
B_impress_1000,178046512_1,27,0.008746,0.007652,0.209368
B_impress_1000,178046512_1,28,0.008713,0.007633,0.208012
B_impress_1000,178046512_1,29,0.008681,0.007614,0.206689
B_impress_1000,178046512_1,30,0.008649,0.007595,0.205399
B_impress_1000,178046512_1,31,0.008621,0.007580,0.204139
B_impress_1000,178046512_1,32,0.008590,0.007561,0.202904
B_impress_1000,178046512_1,33,0.008559,0.007542,0.201698
B_impress_1000,178046512_1,34,0.008528,0.007523,0.200519
B_impress_1000,178046512_1,35,0.008501,0.007507,0.199361
B_impress_1000,178046512_1,36,0.008477,0.007492,0.198512
B_impress_1000,178046512_1,37,0.008450,0.007473,0.197671
B_impress_1000,178046512_1,38,0.008430,0.007462,0.196844
B_impress_1000,178046512_1,39,0.008407,0.007446,0.196028
B_impress_1000,178046512_1,40,0.008387,0.007435,0.195225
B_impress_1000,178046512_1,41,0.008364,0.007420,0.194437
B_impress_1000,178046512_1,42,0.008341,0.007404,0.193664
B_impress_1000,178046512_1,43,0.008322,0.007393,0.192905
B_impress_1000,178046512_1,44,0.008303,0.007381,0.192160
B_impress_1000,178046512_1,45,0.008280,0.007366,0.191428
B_impress_1000,178046512_1,46,0.008262,0.007355,0.190709
B_impress_1000,178046512_1,47,0.008239,0.007339,0.190002
B_impress_1000,178046512_1,48,0.008217,0.007324,0.189308
B_impress_1000,178046512_1,49,0.008203,0.007317,0.188628
B_impress_1000,178046512_1,50,0.008177,0.007298,0.187960
B_impress_1000,178046512_1,51,0.008159,0.007286,0.187304
B_impress_1000,178046512_1,52,0.008137,0.007271,0.186657
B_impress_1000,178046512_1,53,0.008116,0.007256,0.186021
B_impress_1000,178046512_1,54,0.008094,0.007240,0.185396
B_impress_1000,178046512_1,55,0.008080,0.007233,0.184780
B_impress_1000,178046512_1,56,0.008063,0.007221,0.184175
B_impress_1000,178046512_1,57,0.008046,0.007210,0.183578
B_impress_1000,178046512_1,58,0.008024,0.007195,0.182990
B_impress_1000,178046512_1,59,0.008007,0.007183,0.182411
B_impress_1000,178046512_1,60,0.007990,0.007172,0.181840
B_impress_1000,178046512_1,61,0.007973,0.007160,0.181279
B_impress_1000,178046512_1,62,0.007952,0.007145,0.180725
B_impress_1000,178046512_1,63,0.007935,0.007133,0.180178
B_impress_1000,178046512_1,64,0.007922,0.007126,0.179638
B_impress_1000,178046512_1,65,0.007905,0.007114,0.179105
B_impress_1000,178046512_1,66,0.007889,0.007103,0.178580
B_impress_1000,178046512_1,67,0.007868,0.007088,0.178061
B_impress_1000,178046512_1,68,0.007856,0.007080,0.177549
B_impress_1000,178046512_1,69,0.007835,0.007065,0.177044
B_impress_1000,178046512_1,70,0.007819,0.007053,0.176545
B_impress_1000,178046512_1,71,0.007806,0.007046,0.176052
B_impress_1000,178046512_1,72,0.007786,0.007030,0.175565
B_impress_1000,178046512_1,73,0.007770,0.007019,0.175085
B_impress_1000,178046512_1,74,0.007754,0.007008,0.174612
B_impress_1000,178046512_1,75,0.007738,0.006996,0.174145
B_impress_1000,178046512_1,76,0.007722,0.006985,0.173684
B_impress_1000,178046512_1,77,0.007706,0.006973,0.173229
B_impress_1000,178046512_1,78,0.007686,0.006958,0.172778
B_impress_1000,178046512_1,79,0.007666,0.006943,0.172331
B_impress_1000,178046512_1,80,0.007650,0.006931,0.171889
B_impress_1000,178046512_1,81,0.007634,0.006920,0.171451
B_impress_1000,178046512_1,82,0.007622,0.006912,0.171018
B_impress_1000,178046512_1,83,0.007610,0.006905,0.170589
B_impress_1000,178046512_1,84,0.007595,0.006893,0.170163
B_impress_1000,178046512_1,85,0.007575,0.006878,0.169742
B_impress_1000,178046512_1,86,0.007564,0.006870,0.169326
B_impress_1000,178046512_1,87,0.007544,0.006855,0.168914
B_impress_1000,178046512_1,88,0.007525,0.006840,0.168506
B_impress_1000,178046512_1,89,0.007513,0.006832,0.168102
B_impress_1000,178046512_1,90,0.007502,0.006824,0.167702
B_impress_1000,178046512_1,91,0.007482,0.006809,0.167305
B_impress_1000,178046512_1,92,0.007467,0.006798,0.166913
B_impress_1000,178046512_1,93,0.007455,0.006790,0.166524
B_impress_1000,178046512_1,94,0.007436,0.006775,0.166139
B_impress_1000,178046512_1,95,0.007421,0.006763,0.165758
B_impress_1000,178046512_1,96,0.007406,0.006752,0.165381
B_impress_1000,178046512_1,97,0.007391,0.006741,0.165008
B_impress_1000,178046512_1,98,0.007376,0.006729,0.164638
B_impress_1000,178046512_1,99,0.007357,0.006714,0.164272
B_impress_1000,178046512_1,100,0.007342,0.006702,0.163909
B_impress_1000,178046512_1,101,0.007330,0.006695,0.163550
B_impress_1000,178046512_1,102,0.007315,0.006683,0.163194
B_impress_1000,178046512_1,103,0.007304,0.006676,0.162840
B_impress_1000,178046512_1,104,0.007289,0.006664,0.162489
B_impress_1000,178046512_1,105,0.007274,0.006653,0.162141
B_impress_1000,178046512_1,106,0.007259,0.006641,0.161796
B_impress_1000,178046512_1,107,0.007244,0.006630,0.161453
B_impress_1000,178046512_1,108,0.007230,0.006618,0.161114
B_impress_1000,178046512_1,109,0.007219,0.006611,0.160778
B_impress_1000,178046512_1,110,0.007204,0.006599,0.160445
B_impress_1000,178046512_1,111,0.007185,0.006584,0.160113
B_impress_1000,178046512_1,112,0.007178,0.006580,0.159785
B_impress_1000,178046512_1,113,0.007163,0.006569,0.159459
B_impress_1000,178046512_1,114,0.007149,0.006557,0.159136
B_impress_1000,178046512_1,115,0.007134,0.006546,0.158815
B_impress_1000,178046512_1,116,0.007123,0.006538,0.158498
B_impress_1000,178046512_1,117,0.007113,0.006531,0.158183
B_impress_1000,178046512_1,118,0.007102,0.006523,0.157870
B_impress_1000,178046512_1,119,0.007083,0.006508,0.157560
B_impress_1000,178046512_1,120,0.007073,0.006500,0.157251
B_impress_1000,178046512_1,121,0.007058,0.006489,0.156945
B_impress_1000,178046512_1,122,0.007044,0.006477,0.156640
B_impress_1000,178046512_1,123,0.007033,0.006470,0.156339
B_impress_1000,178046512_1,124,0.007019,0.006458,0.156039
B_impress_1000,178046512_1,125,0.007012,0.006454,0.155743
B_impress_1000,178046512_1,126,0.006998,0.006443,0.155449
B_impress_1000,178046512_1,127,0.006983,0.006432,0.155158
B_impress_1000,178046512_1,128,0.006969,0.006420,0.154869
B_impress_1000,178046512_1,129,0.006958,0.006413,0.154584
B_impress_1000,178046512_1,130,0.006944,0.006401,0.154300
B_impress_1000,178046512_1,131,0.006930,0.006390,0.154018
B_impress_1000,178046512_1,132,0.006919,0.006382,0.153739
B_impress_1000,178046512_1,133,0.006905,0.006371,0.153462
B_impress_1000,178046512_1,134,0.006891,0.006359,0.153188
B_impress_1000,178046512_1,135,0.006873,0.006344,0.152916
B_impress_1000,178046512_1,136,0.006863,0.006336,0.152646
B_impress_1000,178046512_1,137,0.006852,0.006329,0.152377
B_impress_1000,178046512_1,138,0.006834,0.006313,0.152110
B_impress_1000,178046512_1,139,0.006824,0.006306,0.151844
B_impress_1000,178046512_1,140,0.006810,0.006294,0.151579
B_impress_1000,178046512_1,141,0.006796,0.006283,0.151317
B_impress_1000,178046512_1,142,0.006782,0.006271,0.151057
B_impress_1000,178046512_1,143,0.006772,0.006264,0.150799
B_impress_1000,178046512_1,144,0.006758,0.006252,0.150543
B_impress_1000,178046512_1,145,0.006748,0.006245,0.150288
B_impress_1000,178046512_1,146,0.006734,0.006233,0.150036
B_impress_1000,178046512_1,147,0.006723,0.006226,0.149785
B_impress_1000,178046512_1,148,0.006710,0.006214,0.149537
B_impress_1000,178046512_1,149,0.006696,0.006203,0.149290
B_impress_1000,178046512_1,150,0.006686,0.006195,0.149046
B_impress_1000,178046512_1,151,0.006672,0.006184,0.148803
B_impress_1000,178046512_1,152,0.006658,0.006172,0.148561
B_impress_1000,178046512_1,153,0.006648,0.006165,0.148320
B_impress_1000,178046512_1,154,0.006634,0.006153,0.148080
B_impress_1000,178046512_1,155,0.006620,0.006142,0.147843
B_impress_1000,178046512_1,156,0.006610,0.006134,0.147606
B_impress_1000,178046512_1,157,0.006600,0.006126,0.147372
B_impress_1000,178046512_1,158,0.006586,0.006115,0.147139
B_impress_1000,178046512_1,159,0.006576,0.006107,0.146907
B_impress_1000,178046512_1,160,0.006566,0.006100,0.146678
B_impress_1000,178046512_1,161,0.006557,0.006092,0.146451
B_impress_1000,178046512_1,162,0.006543,0.006081,0.146225
B_impress_1000,178046512_1,163,0.006533,0.006073,0.146001
B_impress_1000,178046512_1,164,0.006523,0.006065,0.145777
B_impress_1000,178046512_1,165,0.006513,0.006058,0.145555
B_impress_1000,178046512_1,166,0.006500,0.006046,0.145333
B_impress_1000,178046512_1,167,0.006494,0.006042,0.145113
B_impress_1000,178046512_1,168,0.006484,0.006035,0.144893
B_impress_1000,178046512_1,169,0.006470,0.006023,0.144675
B_impress_1000,178046512_1,170,0.006460,0.006016,0.144457
B_impress_1000,178046512_1,171,0.006451,0.006008,0.144240
B_impress_1000,178046512_1,172,0.006441,0.006001,0.144024
B_impress_1000,178046512_1,173,0.006431,0.005993,0.143809
B_impress_1000,178046512_1,174,0.006421,0.005985,0.143594
B_impress_1000,178046512_1,175,0.006408,0.005974,0.143379
B_impress_1000,178046512_1,176,0.006398,0.005966,0.143166
B_impress_1000,178046512_1,177,0.006388,0.005959,0.142954
B_impress_1000,178046512_1,178,0.006375,0.005947,0.142742
B_impress_1000,178046512_1,179,0.006365,0.005939,0.142532
B_impress_1000,178046512_1,180,0.006355,0.005932,0.142321
B_impress_1000,178046512_1,181,0.006342,0.005920,0.142112
B_impress_1000,178046512_1,182,0.006336,0.005917,0.141905
B_impress_1000,178046512_1,183,0.006326,0.005909,0.141700
B_impress_1000,178046512_1,184,0.006312,0.005898,0.141496
B_impress_1000,178046512_1,185,0.006307,0.005894,0.141292
B_impress_1000,178046512_1,186,0.006293,0.005882,0.141090
B_impress_1000,178046512_1,187,0.006284,0.005875,0.140889
B_impress_1000,178046512_1,188,0.006274,0.005867,0.140691
B_impress_1000,178046512_1,189,0.006264,0.005859,0.140493
B_impress_1000,178046512_1,190,0.006255,0.005852,0.140298
B_impress_1000,178046512_1,191,0.006245,0.005844,0.140104
B_impress_1000,178046512_1,192,0.006236,0.005836,0.139912
B_impress_1000,178046512_1,193,0.006226,0.005829,0.139721
B_impress_1000,178046512_1,194,0.006217,0.005821,0.139530
B_impress_1000,178046512_1,195,0.006203,0.005810,0.139343
B_impress_1000,178046512_1,196,0.006194,0.005802,0.139157
B_impress_1000,178046512_1,197,0.006184,0.005795,0.138971
B_impress_1000,178046512_1,198,0.006175,0.005787,0.138787
B_impress_1000,178046512_1,199,0.006165,0.005779,0.138604
B_impress_1000,178046512_1,200,0.006156,0.005772,0.138422
B_impress_1000,178046512_1,201,0.006146,0.005764,0.138241
B_impress_1000,178046512_1,202,0.006137,0.005756,0.138061
B_impress_1000,178046512_1,203,0.006128,0.005749,0.137881
B_impress_1000,178046512_1,204,0.006118,0.005741,0.137702
B_impress_1000,178046512_1,205,0.006109,0.005733,0.137522
B_impress_1000,178046512_1,206,0.006103,0.005730,0.137343
B_impress_1000,178046512_1,207,0.006094,0.005722,0.137164
B_impress_1000,178046512_1,208,0.006084,0.005714,0.136985
B_impress_1000,178046512_1,209,0.006075,0.005707,0.136806
B_impress_1000,178046512_1,210,0.006069,0.005703,0.136628
B_impress_1000,178046512_1,211,0.006064,0.005699,0.136450
B_impress_1000,178046512_1,212,0.006050,0.005688,0.136273
B_impress_1000,178046512_1,213,0.006045,0.005684,0.136098
B_impress_1000,178046512_1,214,0.006036,0.005676,0.135925
B_impress_1000,178046512_1,215,0.006026,0.005669,0.135754
B_impress_1000,178046512_1,216,0.006013,0.005657,0.135583
B_impress_1000,178046512_1,217,0.006008,0.005653,0.135414
B_impress_1000,178046512_1,218,0.005998,0.005646,0.135246
B_impress_1000,178046512_1,219,0.005989,0.005638,0.135080
B_impress_1000,178046512_1,220,0.005980,0.005630,0.134914
B_impress_1000,178046512_1,221,0.005970,0.005623,0.134749
B_impress_1000,178046512_1,222,0.005961,0.005615,0.134584
B_impress_1000,178046512_1,223,0.005948,0.005604,0.134421
B_impress_1000,178046512_1,224,0.005943,0.005600,0.134258
B_impress_1000,178046512_1,225,0.005933,0.005592,0.134097
B_impress_1000,178046512_1,226,0.005928,0.005589,0.133935
B_impress_1000,178046512_1,227,0.005919,0.005581,0.133772
B_impress_1000,178046512_1,228,0.005909,0.005573,0.133610
B_impress_1000,178046512_1,229,0.005900,0.005566,0.133449
B_impress_1000,178046512_1,230,0.005895,0.005562,0.133288
B_impress_1000,178046512_1,231,0.005885,0.005554,0.133128
B_impress_1000,178046512_1,232,0.005876,0.005547,0.132970
B_impress_1000,178046512_1,233,0.005871,0.005543,0.132813
B_impress_1000,178046512_1,234,0.005862,0.005535,0.132657
B_impress_1000,178046512_1,235,0.005853,0.005527,0.132503
B_impress_1000,178046512_1,236,0.005843,0.005520,0.132349
B_impress_1000,178046512_1,237,0.005834,0.005512,0.132195
B_impress_1000,178046512_1,238,0.005825,0.005505,0.132042
B_impress_1000,178046512_1,239,0.005820,0.005501,0.131890
B_impress_1000,178046512_1,240,0.005807,0.005489,0.131738
B_impress_1000,178046512_1,241,0.005798,0.005482,0.131586
B_impress_1000,178046512_1,242,0.005792,0.005478,0.131436
B_impress_1000,178046512_1,243,0.005783,0.005470,0.131287
B_impress_1000,178046512_1,244,0.005774,0.005463,0.131139
B_impress_1000,178046512_1,245,0.005769,0.005459,0.130993
B_impress_1000,178046512_1,246,0.005760,0.005451,0.130848
B_impress_1000,178046512_1,247,0.005754,0.005447,0.130705
B_impress_1000,178046512_1,248,0.005742,0.005436,0.130563
B_impress_1000,178046512_1,249,0.005736,0.005432,0.130422
B_impress_1000,178046512_1,250,0.005731,0.005428,0.130280
B_impress_1000,178046512_1,251,0.005722,0.005421,0.130137
B_impress_1000,178046512_1,252,0.005713,0.005413,0.129998
B_impress_1000,178046512_1,253,0.005708,0.005409,0.129859
B_impress_1000,178046512_1,254,0.005699,0.005402,0.129719
B_impress_1000,178046512_1,255,0.005694,0.005398,0.129581
B_impress_1000,178046512_1,256,0.005685,0.005390,0.129443
B_impress_1000,178046512_1,257,0.005679,0.005386,0.129306
B_impress_1000,178046512_1,258,0.005670,0.005379,0.129171
B_impress_1000,178046512_1,259,0.005665,0.005375,0.129036
B_impress_1000,178046512_1,260,0.005656,0.005367,0.128902
B_impress_1000,178046512_1,261,0.005651,0.005363,0.128767
B_impress_1000,178046512_1,262,0.005646,0.005360,0.128632
B_impress_1000,178046512_1,263,0.005637,0.005352,0.128498
B_impress_1000,178046512_1,264,0.005632,0.005348,0.128364
B_impress_1000,178046512_1,265,0.005623,0.005341,0.128230
B_impress_1000,178046512_1,266,0.005618,0.005337,0.128097
B_impress_1000,178046512_1,267,0.005609,0.005329,0.127965
B_impress_1000,178046512_1,268,0.005604,0.005325,0.127832
B_impress_1000,178046512_1,269,0.005595,0.005318,0.127699
B_impress_1000,178046512_1,270,0.005593,0.005318,0.127565
B_impress_1000,178046512_1,271,0.005581,0.005306,0.127432
B_impress_1000,178046512_1,272,0.005575,0.005302,0.127299
B_impress_1000,178046512_1,273,0.005570,0.005299,0.127167
B_impress_1000,178046512_1,274,0.005561,0.005291,0.127037
B_impress_1000,178046512_1,275,0.005556,0.005287,0.126906
B_impress_1000,178046512_1,276,0.005551,0.005283,0.126776
B_impress_1000,178046512_1,277,0.005546,0.005280,0.126647
B_impress_1000,178046512_1,278,0.005537,0.005272,0.126518
B_impress_1000,178046512_1,279,0.005528,0.005264,0.126390
B_impress_1000,178046512_1,280,0.005523,0.005260,0.126263
B_impress_1000,178046512_1,281,0.005518,0.005257,0.126141
B_impress_1000,178046512_1,282,0.005509,0.005249,0.126025
B_impress_1000,178046512_1,283,0.005504,0.005245,0.125909
B_impress_1000,178046512_1,284,0.005499,0.005241,0.125792
B_impress_1000,178046512_1,285,0.005494,0.005238,0.125676
B_impress_1000,178046512_1,286,0.005489,0.005234,0.125559
B_impress_1000,178046512_1,287,0.005481,0.005226,0.125443
B_impress_1000,178046512_1,288,0.005476,0.005222,0.125326
B_impress_1000,178046512_1,289,0.005471,0.005219,0.125209
B_impress_1000,178046512_1,290,0.005466,0.005215,0.125093
B_impress_1000,178046512_1,291,0.005457,0.005207,0.124977
B_impress_1000,178046512_1,292,0.005452,0.005203,0.124861
B_impress_1000,178046512_1,293,0.005447,0.005199,0.124747
B_impress_1000,178046512_1,294,0.005442,0.005196,0.124633
B_impress_1000,178046512_1,295,0.005437,0.005192,0.124520
B_impress_1000,178046512_1,296,0.005428,0.005184,0.124408
B_impress_1000,178046512_1,297,0.005427,0.005184,0.124298
B_impress_1000,178046512_1,298,0.005418,0.005177,0.124189
B_impress_1000,178046512_1,299,0.005414,0.005173,0.124081
B_impress_1000,178046512_1,300,0.005409,0.005169,0.123975
B_impress_1000,178046512_1,301,0.005404,0.005165,0.123868
B_impress_1000,178046512_1,302,0.005399,0.005161,0.123763
B_impress_1000,178046512_1,303,0.005394,0.005157,0.123658
B_impress_1000,178046512_1,304,0.005389,0.005154,0.123553
B_impress_1000,178046512_1,305,0.005384,0.005150,0.123450
B_impress_1000,178046512_1,306,0.005376,0.005142,0.123348
B_impress_1000,178046512_1,307,0.005371,0.005138,0.123244
B_impress_1000,178046512_1,308,0.005366,0.005135,0.123141
B_impress_1000,178046512_1,309,0.005357,0.005127,0.123039
B_impress_1000,178046512_1,310,0.005353,0.005123,0.122937
B_impress_1000,178046512_1,311,0.005348,0.005119,0.122836
B_impress_1000,178046512_1,312,0.005339,0.005112,0.122734
B_impress_1000,178046512_1,313,0.005338,0.005112,0.122633
B_impress_1000,178046512_1,314,0.005333,0.005108,0.122532
B_impress_1000,178046512_1,315,0.005325,0.005100,0.122431
B_impress_1000,178046512_1,316,0.005320,0.005096,0.122331
B_impress_1000,178046512_1,317,0.005315,0.005093,0.122232
B_impress_1000,178046512_1,318,0.005306,0.005085,0.122133
B_impress_1000,178046512_1,319,0.005305,0.005085,0.122034
B_impress_1000,178046512_1,320,0.005301,0.005081,0.121936
B_impress_1000,178046512_1,321,0.005296,0.005077,0.121839
B_impress_1000,178046512_1,322,0.005287,0.005070,0.121749
B_impress_1000,178046512_1,323,0.005283,0.005066,0.121660
B_impress_1000,178046512_1,324,0.005278,0.005062,0.121571
B_impress_1000,178046512_1,325,0.005273,0.005058,0.121483
B_impress_1000,178046512_1,326,0.005272,0.005058,0.121395
B_impress_1000,178046512_1,327,0.005268,0.005054,0.121307
B_impress_1000,178046512_1,328,0.005263,0.005051,0.121218
B_impress_1000,178046512_1,329,0.005258,0.005047,0.121130
B_impress_1000,178046512_1,330,0.005253,0.005043,0.121041
B_impress_1000,178046512_1,331,0.005249,0.005039,0.120952
B_impress_1000,178046512_1,332,0.005244,0.005035,0.120864
B_impress_1000,178046512_1,333,0.005239,0.005032,0.120775
B_impress_1000,178046512_1,334,0.005235,0.005028,0.120687
B_impress_1000,178046512_1,335,0.005230,0.005024,0.120599
B_impress_1000,178046512_1,336,0.005221,0.005016,0.120512
B_impress_1000,178046512_1,337,0.005217,0.005013,0.120425
B_impress_1000,178046512_1,338,0.005216,0.005013,0.120339
B_impress_1000,178046512_1,339,0.005211,0.005009,0.120254
B_impress_1000,178046512_1,340,0.005207,0.005005,0.120169
B_impress_1000,178046512_1,341,0.005202,0.005001,0.120084
B_impress_1000,178046512_1,342,0.005197,0.004997,0.119998
B_impress_1000,178046512_1,343,0.005193,0.004993,0.119912
B_impress_1000,178046512_1,344,0.005188,0.004990,0.119826
B_impress_1000,178046512_1,345,0.005183,0.004986,0.119740
B_impress_1000,178046512_1,346,0.005182,0.004986,0.119654
B_impress_1000,178046512_1,347,0.005178,0.004982,0.119568
B_impress_1000,178046512_1,348,0.005173,0.004978,0.119483
B_impress_1000,178046512_1,349,0.005165,0.004971,0.119396
B_impress_1000,178046512_1,350,0.005164,0.004971,0.119310
B_impress_1000,178046512_1,351,0.005159,0.004967,0.119224
B_impress_1000,178046512_1,352,0.005154,0.004963,0.119139
B_impress_1000,178046512_1,353,0.005150,0.004959,0.119054
B_impress_1000,178046512_1,354,0.005145,0.004955,0.118969
B_impress_1000,178046512_1,355,0.005140,0.004951,0.118886
B_impress_1000,178046512_1,356,0.005136,0.004948,0.118803
B_impress_1000,178046512_1,357,0.005131,0.004944,0.118720
B_impress_1000,178046512_1,358,0.005130,0.004944,0.118637
B_impress_1000,178046512_1,359,0.005122,0.004936,0.118555
B_impress_1000,178046512_1,360,0.005117,0.004932,0.118473
B_impress_1000,178046512_1,361,0.005116,0.004932,0.118390
B_impress_1000,178046512_1,362,0.005108,0.004925,0.118307
B_impress_1000,178046512_1,363,0.005107,0.004925,0.118223
B_impress_1000,178046512_1,364,0.005102,0.004921,0.118139
B_impress_1000,178046512_1,365,0.005098,0.004917,0.118054
B_impress_1000,178046512_1,366,0.005093,0.004913,0.117970
B_impress_1000,178046512_1,367,0.005088,0.004910,0.117887
B_impress_1000,178046512_1,368,0.005084,0.004906,0.117803
B_impress_1000,178046512_1,369,0.005079,0.004902,0.117718
B_impress_1000,178046512_1,370,0.005078,0.004902,0.117634
B_impress_1000,178046512_1,371,0.005074,0.004898,0.117550
B_impress_1000,178046512_1,372,0.005069,0.004894,0.117467
B_impress_1000,178046512_1,373,0.005064,0.004890,0.117385
B_impress_1000,178046512_1,374,0.005060,0.004887,0.117303
B_impress_1000,178046512_1,375,0.005055,0.004883,0.117222
B_impress_1000,178046512_1,376,0.005054,0.004883,0.117141
B_impress_1000,178046512_1,377,0.005050,0.004879,0.117061
B_impress_1000,178046512_1,378,0.005045,0.004875,0.116981
B_impress_1000,178046512_1,379,0.005040,0.004871,0.116901
B_impress_1000,178046512_1,380,0.005040,0.004871,0.116822
B_impress_1000,178046512_1,381,0.005035,0.004868,0.116744
B_impress_1000,178046512_1,382,0.005030,0.004864,0.116665
B_impress_1000,178046512_1,383,0.005026,0.004860,0.116605
B_impress_1000,178046512_1,384,0.005025,0.004860,0.116544
B_impress_1000,178046512_1,385,0.005021,0.004856,0.116483
B_impress_1000,178046512_1,386,0.005020,0.004856,0.116421
B_impress_1000,178046512_1,387,0.005020,0.004856,0.116359
B_impress_1000,178046512_1,388,0.005011,0.004848,0.116296
B_impress_1000,178046512_1,389,0.005011,0.004848,0.116234
B_impress_1000,178046512_1,390,0.005003,0.004841,0.116172
B_impress_1000,178046512_1,391,0.005006,0.004845,0.116110
B_impress_1000,178046512_1,392,0.004998,0.004837,0.116048
B_impress_1000,178046512_1,393,0.004993,0.004833,0.115987
B_impress_1000,178046512_1,394,0.004992,0.004833,0.115925
B_impress_1000,178046512_1,395,0.004988,0.004829,0.115862
B_impress_1000,178046512_1,396,0.004987,0.004829,0.115799
B_impress_1000,178046512_1,397,0.004983,0.004826,0.115736
B_impress_1000,178046512_1,398,0.004978,0.004822,0.115671
B_impress_1000,178046512_1,399,0.004974,0.004818,0.115604
B_impress_1000,178046512_1,400,0.004973,0.004818,0.115537
B_impress_1000,178046512_1,401,0.004969,0.004814,0.115470
B_impress_1000,178046512_1,402,0.004964,0.004810,0.115403
B_impress_1000,178046512_1,403,0.004964,0.004810,0.115335
B_impress_1000,178046512_1,404,0.004963,0.004810,0.115267
B_impress_1000,178046512_1,405,0.004959,0.004807,0.115199
B_impress_1000,178046512_1,406,0.004954,0.004803,0.115131
B_impress_1000,178046512_1,407,0.004953,0.004803,0.115062
B_impress_1000,178046512_1,408,0.004949,0.004799,0.114994
B_impress_1000,178046512_1,409,0.004944,0.004795,0.114924
B_impress_1000,178046512_1,410,0.004940,0.004791,0.114853
B_impress_1000,178046512_1,411,0.004939,0.004791,0.114783
B_impress_1000,178046512_1,412,0.004938,0.004791,0.114717
B_impress_1000,178046512_1,413,0.004930,0.004784,0.114652
B_impress_1000,178046512_1,414,0.004926,0.004780,0.114588
B_impress_1000,178046512_1,415,0.004925,0.004780,0.114524
B_impress_1000,178046512_1,416,0.004921,0.004776,0.114460
B_impress_1000,178046512_1,417,0.004920,0.004776,0.114395
B_impress_1000,178046512_1,418,0.004919,0.004776,0.114330
B_impress_1000,178046512_1,419,0.004915,0.004772,0.114265
B_impress_1000,178046512_1,420,0.004910,0.004768,0.114200
B_impress_1000,178046512_1,421,0.004910,0.004768,0.114136
B_impress_1000,178046512_1,422,0.004905,0.004765,0.114072
B_impress_1000,178046512_1,423,0.004901,0.004761,0.114010
B_impress_1000,178046512_1,424,0.004900,0.004761,0.113947
B_impress_1000,178046512_1,425,0.004896,0.004757,0.113886
B_impress_1000,178046512_1,426,0.004895,0.004757,0.113824
B_impress_1000,178046512_1,427,0.004891,0.004753,0.113763
B_impress_1000,178046512_1,428,0.004886,0.004749,0.113703
B_impress_1000,178046512_1,429,0.004886,0.004749,0.113642
B_impress_1000,178046512_1,430,0.004881,0.004745,0.113581
B_impress_1000,178046512_1,431,0.004881,0.004745,0.113521
B_impress_1000,178046512_1,432,0.004876,0.004742,0.113459
B_impress_1000,178046512_1,433,0.004876,0.004742,0.113398
B_impress_1000,178046512_1,434,0.004871,0.004738,0.113335
B_impress_1000,178046512_1,435,0.004871,0.004738,0.113273
B_impress_1000,178046512_1,436,0.004866,0.004734,0.113211
B_impress_1000,178046512_1,437,0.004862,0.004730,0.113149
B_impress_1000,178046512_1,438,0.004861,0.004730,0.113088
B_impress_1000,178046512_1,439,0.004857,0.004726,0.113029
B_impress_1000,178046512_1,440,0.004856,0.004726,0.112971
B_impress_1000,178046512_1,441,0.004852,0.004723,0.112912
B_impress_1000,178046512_1,442,0.004851,0.004723,0.112854
B_impress_1000,178046512_1,443,0.004847,0.004719,0.112795
B_impress_1000,178046512_1,444,0.004842,0.004715,0.112736
B_impress_1000,178046512_1,445,0.004842,0.004715,0.112678
B_impress_1000,178046512_1,446,0.004837,0.004711,0.112619
B_impress_1000,178046512_1,447,0.004837,0.004711,0.112560
B_impress_1000,178046512_1,448,0.004836,0.004711,0.112501
B_impress_1000,178046512_1,449,0.004832,0.004707,0.112442
B_impress_1000,178046512_1,450,0.004827,0.004704,0.112382
B_impress_1000,178046512_1,451,0.004823,0.004700,0.112323
B_impress_1000,178046512_1,452,0.004822,0.004700,0.112265
B_impress_1000,178046512_1,453,0.004822,0.004700,0.112207
B_impress_1000,178046512_1,454,0.004817,0.004696,0.112150
B_impress_1000,178046512_1,455,0.004817,0.004696,0.112095
B_impress_1000,178046512_1,456,0.004812,0.004692,0.112040
B_impress_1000,178046512_1,457,0.004812,0.004692,0.111985
B_impress_1000,178046512_1,458,0.004808,0.004688,0.111929
B_impress_1000,178046512_1,459,0.004807,0.004688,0.111874
B_impress_1000,178046512_1,460,0.004806,0.004688,0.111819
B_impress_1000,178046512_1,461,0.004802,0.004684,0.111764
B_impress_1000,178046512_1,462,0.004802,0.004684,0.111710
B_impress_1000,178046512_1,463,0.004797,0.004681,0.111656
B_impress_1000,178046512_1,464,0.004797,0.004681,0.111601
B_impress_1000,178046512_1,465,0.004792,0.004677,0.111545
B_impress_1000,178046512_1,466,0.004792,0.004677,0.111490
B_impress_1000,178046512_1,467,0.004791,0.004677,0.111435
B_impress_1000,178046512_1,468,0.004787,0.004673,0.111381
B_impress_1000,178046512_1,469,0.004782,0.004669,0.111328
B_impress_1000,178046512_1,470,0.004782,0.004669,0.111275
B_impress_1000,178046512_1,471,0.004778,0.004665,0.111222
B_impress_1000,178046512_1,472,0.004777,0.004665,0.111169
B_impress_1000,178046512_1,473,0.004777,0.004665,0.111116
B_impress_1000,178046512_1,474,0.004772,0.004662,0.111063
B_impress_1000,178046512_1,475,0.004772,0.004662,0.111010
B_impress_1000,178046512_1,476,0.004767,0.004658,0.110957
B_impress_1000,178046512_1,477,0.004763,0.004654,0.110903
B_impress_1000,178046512_1,478,0.004762,0.004654,0.110850
B_impress_1000,178046512_1,479,0.004758,0.004650,0.110796
B_impress_1000,178046512_1,480,0.004754,0.004646,0.110743
B_impress_1000,178046512_1,481,0.004753,0.004646,0.110689
B_impress_1000,178046512_1,482,0.004749,0.004642,0.110635
B_impress_1000,178046512_1,483,0.004748,0.004642,0.110581
B_impress_1000,178046512_1,484,0.004748,0.004642,0.110526
B_impress_1000,178046512_1,485,0.004743,0.004639,0.110472
B_impress_1000,178046512_1,486,0.004743,0.004639,0.110418
B_impress_1000,178046512_1,487,0.004739,0.004635,0.110364
B_impress_1000,178046512_1,488,0.004738,0.004635,0.110311
B_impress_1000,178046512_1,489,0.004737,0.004635,0.110257
B_impress_1000,178046512_1,490,0.004733,0.004631,0.110205
B_impress_1000,178046512_1,491,0.004733,0.004631,0.110152
B_impress_1000,178046512_1,492,0.004732,0.004631,0.110101
B_impress_1000,178046512_1,493,0.004728,0.004627,0.110049
B_impress_1000,178046512_1,494,0.004727,0.004627,0.109998
B_impress_1000,178046512_1,495,0.004723,0.004623,0.109962
B_impress_1000,178046512_1,496,0.004723,0.004623,0.109927
B_impress_1000,178046512_1,497,0.004722,0.004623,0.109892
B_impress_1000,178046512_1,498,0.004718,0.004620,0.109857
B_impress_1000,178046512_1,499,0.004718,0.004620,0.109822
B_impress_1000,178046512_1,500,0.004717,0.004620,0.109787
B_impress_1000,178046512_1,501,0.004713,0.004616,0.109753
B_impress_1000,178046512_1,502,0.004713,0.004616,0.109718
B_impress_1000,178046512_1,503,0.004709,0.004612,0.109684
B_impress_1000,178046512_1,504,0.004708,0.004612,0.109650
B_impress_1000,178046512_1,505,0.004704,0.004608,0.109616
B_impress_1000,178046512_1,506,0.004704,0.004608,0.109582
B_impress_1000,178046512_1,507,0.004704,0.004608,0.109549
B_impress_1000,178046512_1,508,0.004703,0.004608,0.109516
B_impress_1000,178046512_1,509,0.004699,0.004604,0.109483
B_impress_1000,178046512_1,510,0.004699,0.004604,0.109450
B_impress_1000,178046512_1,511,0.004699,0.004604,0.109417
B_impress_1000,178046512_1,512,0.004698,0.004604,0.109384
B_impress_1000,178046512_1,513,0.004694,0.004601,0.109352
B_impress_1000,178046512_1,514,0.004694,0.004601,0.109319
B_impress_1000,178046512_1,515,0.004693,0.004601,0.109286
B_impress_1000,178046512_1,516,0.004689,0.004597,0.109254
B_impress_1000,178046512_1,517,0.004689,0.004597,0.109221
B_impress_1000,178046512_1,518,0.004689,0.004597,0.109189
B_impress_1000,178046512_1,519,0.004688,0.004597,0.109157
B_impress_1000,178046512_1,520,0.004684,0.004593,0.109125
B_impress_1000,178046512_1,521,0.004684,0.004593,0.109094
B_impress_1000,178046512_1,522,0.004684,0.004593,0.109063
B_impress_1000,178046512_1,523,0.004683,0.004593,0.109032
B_impress_1000,178046512_1,524,0.004679,0.004589,0.109001
B_impress_1000,178046512_1,525,0.004679,0.004589,0.108969
B_impress_1000,178046512_1,526,0.004678,0.004589,0.108939
B_impress_1000,178046512_1,527,0.004674,0.004585,0.108908
B_impress_1000,178046512_1,528,0.004674,0.004585,0.108877
B_impress_1000,178046512_1,529,0.004674,0.004585,0.108847
B_impress_1000,178046512_1,530,0.004670,0.004581,0.108816
B_impress_1000,178046512_1,531,0.004669,0.004581,0.108785
B_impress_1000,178046512_1,532,0.004665,0.004578,0.108755
B_impress_1000,178046512_1,533,0.004669,0.004581,0.108724
B_impress_1000,178046512_1,534,0.004665,0.004578,0.108694
B_impress_1000,178046512_1,535,0.004664,0.004578,0.108663
B_impress_1000,178046512_1,536,0.004664,0.004578,0.108634
B_impress_1000,178046512_1,537,0.004660,0.004574,0.108604
B_impress_1000,178046512_1,538,0.004660,0.004574,0.108575
B_impress_1000,178046512_1,539,0.004659,0.004574,0.108545
B_impress_1000,178046512_1,540,0.004659,0.004574,0.108516
B_impress_1000,178046512_1,541,0.004655,0.004570,0.108486
B_impress_1000,178046512_1,542,0.004655,0.004570,0.108457
B_impress_1000,178046512_1,543,0.004654,0.004570,0.108428
B_impress_1000,178046512_1,544,0.004650,0.004566,0.108398
B_impress_1000,178046512_1,545,0.004650,0.004566,0.108369
B_impress_1000,178046512_1,546,0.004650,0.004566,0.108340
B_impress_1000,178046512_1,547,0.004645,0.004562,0.108311
B_impress_1000,178046512_1,548,0.004645,0.004562,0.108282
B_impress_1000,178046512_1,549,0.004645,0.004562,0.108253
B_impress_1000,178046512_1,550,0.004641,0.004559,0.108225
B_impress_1000,178046512_1,551,0.004644,0.004562,0.108197
B_impress_1000,178046512_1,552,0.004640,0.004559,0.108169
B_impress_1000,178046512_1,553,0.004640,0.004559,0.108140
B_impress_1000,178046512_1,554,0.004640,0.004559,0.108110
B_impress_1000,178046512_1,555,0.004639,0.004559,0.108081
B_impress_1000,178046512_1,556,0.004635,0.004555,0.108051
B_impress_1000,178046512_1,557,0.004635,0.004555,0.108021
B_impress_1000,178046512_1,558,0.004635,0.004555,0.107991
B_impress_1000,178046512_1,559,0.004631,0.004551,0.107961
B_impress_1000,178046512_1,560,0.004630,0.004551,0.107932
B_impress_1000,178046512_1,561,0.004630,0.004551,0.107903
B_impress_1000,178046512_1,562,0.004626,0.004547,0.107875
B_impress_1000,178046512_1,563,0.004626,0.004547,0.107848
B_impress_1000,178046512_1,564,0.004625,0.004547,0.107820
B_impress_1000,178046512_1,565,0.004625,0.004547,0.107792
B_impress_1000,178046512_1,566,0.004625,0.004547,0.107765
B_impress_1000,178046512_1,567,0.004621,0.004543,0.107737
B_impress_1000,178046512_1,568,0.004620,0.004543,0.107710
B_impress_1000,178046512_1,569,0.004620,0.004543,0.107683
B_impress_1000,178046512_1,570,0.004620,0.004543,0.107656
B_impress_1000,178046512_1,571,0.004620,0.004543,0.107630
B_impress_1000,178046512_1,572,0.004616,0.004539,0.107603
B_impress_1000,178046512_1,573,0.004615,0.004539,0.107576
B_impress_1000,178046512_1,574,0.004615,0.004539,0.107549
B_impress_1000,178046512_1,575,0.004615,0.004539,0.107522
B_impress_1000,178046512_1,576,0.004611,0.004536,0.107495
B_impress_1000,178046512_1,577,0.004610,0.004536,0.107468
B_impress_1000,178046512_1,578,0.004610,0.004536,0.107444
B_impress_1000,178046512_1,579,0.004610,0.004536,0.107419
B_impress_1000,178046512_1,580,0.004610,0.004536,0.107395
B_impress_1000,178046512_1,581,0.004606,0.004532,0.107372
B_impress_1000,178046512_1,582,0.004605,0.004532,0.107348
B_impress_1000,178046512_1,583,0.004605,0.004532,0.107325
B_impress_1000,178046512_1,584,0.004605,0.004532,0.107302
B_impress_1000,178046512_1,585,0.004605,0.004532,0.107279
B_impress_1000,178046512_1,586,0.004601,0.004528,0.107256
B_impress_1000,178046512_1,587,0.004600,0.004528,0.107234
B_impress_1000,178046512_1,588,0.004600,0.004528,0.107212
B_impress_1000,178046512_1,589,0.004600,0.004528,0.107190
B_impress_1000,178046512_1,590,0.004600,0.004528,0.107168
B_impress_1000,178046512_1,591,0.004600,0.004528,0.107146
B_impress_1000,178046512_1,592,0.004599,0.004528,0.107124
B_impress_1000,178046512_1,593,0.004599,0.004528,0.107102
B_impress_1000,178046512_1,594,0.004599,0.004528,0.107081
B_impress_1000,178046512_1,595,0.004595,0.004524,0.107059
B_impress_1000,178046512_1,596,0.004595,0.004524,0.107037
B_impress_1000,178046512_1,597,0.004594,0.004524,0.107016
B_impress_1000,178046512_1,598,0.004594,0.004524,0.106994
B_impress_1000,178046512_1,599,0.004594,0.004524,0.106973
B_impress_1000,178046512_1,600,0.004590,0.004520,0.106952
B_impress_1000,178046512_1,601,0.004590,0.004520,0.106931
B_impress_1000,178046512_1,602,0.004590,0.004520,0.106910
B_impress_1000,178046512_1,603,0.004589,0.004520,0.106890
B_impress_1000,178046512_1,604,0.004589,0.004520,0.106869
B_impress_1000,178046512_1,605,0.004585,0.004517,0.106849
B_impress_1000,178046512_1,606,0.004585,0.004517,0.106832
B_impress_1000,178046512_1,607,0.004585,0.004517,0.106815
B_impress_1000,178046512_1,608,0.004585,0.004517,0.106799
B_impress_1000,178046512_1,609,0.004581,0.004513,0.106782
B_impress_1000,178046512_1,610,0.004580,0.004513,0.106766
B_impress_1000,178046512_1,611,0.004580,0.004513,0.106749
B_impress_1000,178046512_1,612,0.004580,0.004513,0.106733
B_impress_1000,178046512_1,613,0.004580,0.004513,0.106717
B_impress_1000,178046512_1,614,0.004580,0.004513,0.106700
B_impress_1000,178046512_1,615,0.004580,0.004513,0.106684
B_impress_1000,178046512_1,616,0.004576,0.004509,0.106668
B_impress_1000,178046512_1,617,0.004575,0.004509,0.106652
B_impress_1000,178046512_1,618,0.004575,0.004509,0.106635
B_impress_1000,178046512_1,619,0.004575,0.004509,0.106619
B_impress_1000,178046512_1,620,0.004575,0.004509,0.106604
B_impress_1000,178046512_1,621,0.004571,0.004505,0.106589
B_impress_1000,178046512_1,622,0.004575,0.004509,0.106574
B_impress_1000,178046512_1,623,0.004571,0.004505,0.106558
B_impress_1000,178046512_1,624,0.004571,0.004505,0.106543
B_impress_1000,178046512_1,625,0.004570,0.004505,0.106529
B_impress_1000,178046512_1,626,0.004570,0.004505,0.106514
B_impress_1000,178046512_1,627,0.004570,0.004505,0.106499
B_impress_1000,178046512_1,628,0.004570,0.004505,0.106485
B_impress_1000,178046512_1,629,0.004570,0.004505,0.106470
B_impress_1000,178046512_1,630,0.004566,0.004501,0.106456
B_impress_1000,178046512_1,631,0.004566,0.004501,0.106442
B_impress_1000,178046512_1,632,0.004566,0.004501,0.106427
B_impress_1000,178046512_1,633,0.004565,0.004501,0.106413
B_impress_1000,178046512_1,634,0.004565,0.004501,0.106399
B_impress_1000,178046512_1,635,0.004565,0.004501,0.106385
B_impress_1000,178046512_1,636,0.004565,0.004501,0.106372
B_impress_1000,178046512_1,637,0.004561,0.004498,0.106358
B_impress_1000,178046512_1,638,0.004561,0.004498,0.106344
B_impress_1000,178046512_1,639,0.004561,0.004498,0.106330
B_impress_1000,178046512_1,640,0.004561,0.004498,0.106316
B_impress_1000,178046512_1,641,0.004561,0.004498,0.106302
B_impress_1000,178046512_1,642,0.004557,0.004494,0.106289
B_impress_1000,178046512_1,643,0.004560,0.004498,0.106275
B_impress_1000,178046512_1,644,0.004556,0.004494,0.106262
B_impress_1000,178046512_1,645,0.004556,0.004494,0.106249
B_impress_1000,178046512_1,646,0.004556,0.004494,0.106235
B_impress_1000,178046512_1,647,0.004556,0.004494,0.106222
B_impress_1000,178046512_1,648,0.004556,0.004494,0.106209
B_impress_1000,178046512_1,649,0.004556,0.004494,0.106195
B_impress_1000,178046512_1,650,0.004556,0.004494,0.106182
B_impress_1000,178046512_1,651,0.004555,0.004494,0.106169
B_impress_1000,178046512_1,652,0.004551,0.004490,0.106156
B_impress_1000,178046512_1,653,0.004551,0.004490,0.106143
B_impress_1000,178046512_1,654,0.004551,0.004490,0.106130
B_impress_1000,178046512_1,655,0.004551,0.004490,0.106117
B_impress_1000,178046512_1,656,0.004551,0.004490,0.106105
B_impress_1000,178046512_1,657,0.004551,0.004490,0.106092
B_impress_1000,178046512_1,658,0.004551,0.004490,0.106079
B_impress_1000,178046512_1,659,0.004551,0.004490,0.106067
B_impress_1000,178046512_1,660,0.004550,0.004490,0.106054
B_impress_1000,178046512_1,661,0.004547,0.004486,0.106042
B_impress_1000,178046512_1,662,0.004550,0.004490,0.106029
B_impress_1000,178046512_1,663,0.004546,0.004486,0.106017
B_impress_1000,178046512_1,664,0.004546,0.004486,0.106005
B_impress_1000,178046512_1,665,0.004546,0.004486,0.105992
B_impress_1000,178046512_1,666,0.004546,0.004486,0.105985
B_impress_1000,178046512_1,667,0.004546,0.004486,0.105978
B_impress_1000,178046512_1,668,0.004546,0.004486,0.105971
B_impress_1000,178046512_1,669,0.004546,0.004486,0.105964
B_impress_1000,178046512_1,670,0.004546,0.004486,0.105957
B_impress_1000,178046512_1,671,0.004542,0.004482,0.105950
B_impress_1000,178046512_1,672,0.004546,0.004486,0.105943
B_impress_1000,178046512_1,673,0.004545,0.004486,0.105937
B_impress_1000,178046512_1,674,0.004542,0.004482,0.105930
B_impress_1000,178046512_1,675,0.004542,0.004482,0.105923
B_impress_1000,178046512_1,676,0.004541,0.004482,0.105917
B_impress_1000,178046512_1,677,0.004541,0.004482,0.105910
B_impress_1000,178046512_1,678,0.004541,0.004482,0.105904
B_impress_1000,178046512_1,679,0.004541,0.004482,0.105897
B_impress_1000,178046512_1,680,0.004541,0.004482,0.105891
B_impress_1000,178046512_1,681,0.004541,0.004482,0.105884
B_impress_1000,178046512_1,682,0.004541,0.004482,0.105878
B_impress_1000,178046512_1,683,0.004541,0.004482,0.105872
B_impress_1000,178046512_1,684,0.004541,0.004482,0.105866
B_impress_1000,178046512_1,685,0.004541,0.004482,0.105859
B_impress_1000,178046512_1,686,0.004541,0.004482,0.105853
B_impress_1000,178046512_1,687,0.004541,0.004482,0.105847
B_impress_1000,178046512_1,688,0.004541,0.004482,0.105841
B_impress_1000,178046512_1,689,0.004541,0.004482,0.105835
B_impress_1000,178046512_1,690,0.004537,0.004478,0.105829
B_impress_1000,178046512_1,691,0.004537,0.004478,0.105823
B_impress_1000,178046512_1,692,0.004537,0.004478,0.105817
B_impress_1000,178046512_1,693,0.004537,0.004478,0.105811
B_impress_1000,178046512_1,694,0.004537,0.004478,0.105805
B_impress_1000,178046512_1,695,0.004536,0.004478,0.105800
B_impress_1000,178046512_1,696,0.004536,0.004478,0.105794
B_impress_1000,178046512_1,697,0.004536,0.004478,0.105788
B_impress_1000,178046512_1,698,0.004536,0.004478,0.105782
B_impress_1000,178046512_1,699,0.004536,0.004478,0.105777
B_impress_1000,178046512_1,700,0.004536,0.004478,0.105771
B_impress_1000,178046512_1,701,0.004536,0.004478,0.105765
B_impress_1000,178046512_1,702,0.004536,0.004478,0.105760
B_impress_1000,178046512_1,703,0.004536,0.004478,0.105754
B_impress_1000,178046512_1,704,0.004536,0.004478,0.105748
B_impress_1000,178046512_1,705,0.004536,0.004478,0.105743
B_impress_1000,178046512_1,706,0.004536,0.004478,0.105738
B_impress_1000,178046512_1,707,0.004536,0.004478,0.105733
B_impress_1000,178046512_1,708,0.004536,0.004478,0.105728
B_impress_1000,178046512_1,709,0.004532,0.004475,0.105722
B_impress_1000,178046512_1,710,0.004532,0.004475,0.105717
B_impress_1000,178046512_1,711,0.004532,0.004475,0.105712
B_impress_1000,178046512_1,712,0.004532,0.004475,0.105707
B_impress_1000,178046512_1,713,0.004532,0.004475,0.105702
B_impress_1000,178046512_1,714,0.004532,0.004475,0.105697
B_impress_1000,178046512_1,715,0.004532,0.004475,0.105692
B_impress_1000,178046512_1,716,0.004532,0.004475,0.105687
B_impress_1000,178046512_1,717,0.004531,0.004475,0.105682
B_impress_1000,178046512_1,718,0.004531,0.004475,0.105678
B_impress_1000,178046512_1,719,0.004531,0.004475,0.105673
B_impress_1000,178046512_1,720,0.004531,0.004475,0.105668
B_impress_1000,178046512_1,721,0.004531,0.004475,0.105664
B_impress_1000,178046512_1,722,0.004531,0.004475,0.105659
B_impress_1000,178046512_1,723,0.004531,0.004475,0.105655
B_impress_1000,178046512_1,724,0.004531,0.004475,0.105650
B_impress_1000,178046512_1,725,0.004527,0.004471,0.105645
B_impress_1000,178046512_1,726,0.004531,0.004475,0.105641
B_impress_1000,178046512_1,727,0.004531,0.004475,0.105636
B_impress_1000,178046512_1,728,0.004531,0.004475,0.105632
B_impress_1000,178046512_1,729,0.004531,0.004475,0.105627
B_impress_1000,178046512_1,730,0.004531,0.004475,0.105623
B_impress_1000,178046512_1,731,0.004531,0.004475,0.105618
B_impress_1000,178046512_1,732,0.004527,0.004471,0.105614
B_impress_1000,178046512_1,733,0.004527,0.004471,0.105611
B_impress_1000,178046512_1,734,0.004527,0.004471,0.105607
B_impress_1000,178046512_1,735,0.004527,0.004471,0.105604
B_impress_1000,178046512_1,736,0.004527,0.004471,0.105601
B_impress_1000,178046512_1,737,0.004527,0.004471,0.105598
B_impress_1000,178046512_1,738,0.004527,0.004471,0.105595
B_impress_1000,178046512_1,739,0.004527,0.004471,0.105592
B_impress_1000,178046512_1,740,0.004527,0.004471,0.105589
B_impress_1000,178046512_1,741,0.004527,0.004471,0.105586
B_impress_1000,178046512_1,742,0.004527,0.004471,0.105583
B_impress_1000,178046512_1,743,0.004527,0.004471,0.105579
B_impress_1000,178046512_1,744,0.004527,0.004471,0.105576
B_impress_1000,178046512_1,745,0.004527,0.004471,0.105573
B_impress_1000,178046512_1,746,0.004527,0.004471,0.105570
B_impress_1000,178046512_1,747,0.004523,0.004467,0.105567
B_impress_1000,178046512_1,748,0.004526,0.004471,0.105564
B_impress_1000,178046512_1,749,0.004523,0.004467,0.105561
B_impress_1000,178046512_1,750,0.004523,0.004467,0.105558
B_impress_1000,178046512_1,751,0.004523,0.004467,0.105555
B_impress_1000,178046512_1,752,0.004523,0.004467,0.105553
B_impress_1000,178046512_1,753,0.004526,0.004471,0.105550
B_impress_1000,178046512_1,754,0.004522,0.004467,0.105547
B_impress_1000,178046512_1,755,0.004522,0.004467,0.105544
B_impress_1000,178046512_1,756,0.004526,0.004471,0.105541
B_impress_1000,178046512_1,757,0.004522,0.004467,0.105539
B_impress_1000,178046512_1,758,0.004526,0.004471,0.105536
B_impress_1000,178046512_1,759,0.004522,0.004467,0.105533
B_impress_1000,178046512_1,760,0.004526,0.004471,0.105531
B_impress_1000,178046512_1,761,0.004522,0.004467,0.105528
B_impress_1000,178046512_1,762,0.004526,0.004471,0.105525
B_impress_1000,178046512_1,763,0.004522,0.004467,0.105523
B_impress_1000,178046512_1,764,0.004522,0.004467,0.105520
B_impress_1000,178046512_1,765,0.004522,0.004467,0.105517
B_impress_1000,178046512_1,766,0.004522,0.004467,0.105515
B_impress_1000,178046512_1,767,0.004522,0.004467,0.105512
B_impress_1000,178046512_1,768,0.004522,0.004467,0.105510
B_impress_1000,178046512_1,769,0.004522,0.004467,0.105507
B_impress_1000,178046512_1,770,0.004522,0.004467,0.105504
B_impress_1000,178046512_1,771,0.004522,0.004467,0.105503
B_impress_1000,178046512_1,772,0.004522,0.004467,0.105502
B_impress_1000,178046512_1,773,0.004522,0.004467,0.105500
B_impress_1000,178046512_1,774,0.004522,0.004467,0.105499
B_impress_1000,178046512_1,775,0.004522,0.004467,0.105498
B_impress_1000,178046512_1,776,0.004522,0.004467,0.105497
B_impress_1000,178046512_1,777,0.004522,0.004467,0.105495
B_impress_1000,178046512_1,778,0.004522,0.004467,0.105494
B_impress_1000,178046512_1,779,0.004522,0.004467,0.105493
B_impress_1000,178046512_1,780,0.004522,0.004467,0.105491
B_impress_1000,178046512_1,781,0.004522,0.004467,0.105490
B_impress_1000,178046512_1,782,0.004522,0.004467,0.105489
B_impress_1000,178046512_1,783,0.004522,0.004467,0.105488
B_impress_1000,178046512_1,784,0.004522,0.004467,0.105486
B_impress_1000,178046512_1,785,0.004522,0.004467,0.105485
B_impress_1000,178046512_1,786,0.004522,0.004467,0.105484
B_impress_1000,178046512_1,787,0.004522,0.004467,0.105483
B_impress_1000,178046512_1,788,0.004522,0.004467,0.105481
B_impress_1000,178046512_1,789,0.004522,0.004467,0.105480
B_impress_1000,178046512_1,790,0.004522,0.004467,0.105479
B_impress_1000,178046512_1,791,0.004522,0.004467,0.105478
B_impress_1000,178046512_1,792,0.004522,0.004467,0.105477
B_impress_1000,178046512_1,793,0.004522,0.004467,0.105475
B_impress_1000,178046512_1,794,0.004522,0.004467,0.105474
B_impress_1000,178046512_1,795,0.004522,0.004467,0.105473
B_impress_1000,178046512_1,796,0.004518,0.004463,0.105472
B_impress_1000,178046512_1,797,0.004522,0.004467,0.105471
B_impress_1000,178046512_1,798,0.004518,0.004463,0.105470
B_impress_1000,178046512_1,799,0.004522,0.004467,0.105469
B_impress_1000,178046512_1,800,0.004522,0.004467,0.105467
B_impress_1000,178046512_1,801,0.004522,0.004467,0.105466
B_impress_1000,178046512_1,802,0.004522,0.004467,0.105465
B_impress_1000,178046512_1,803,0.004522,0.004467,0.105464
B_impress_1000,178046512_1,804,0.004522,0.004467,0.105463
B_impress_1000,178046512_1,805,0.004518,0.004463,0.105462
B_impress_1000,178046512_1,806,0.004518,0.004463,0.105461
B_impress_1000,178046512_1,807,0.004518,0.004463,0.105460
B_impress_1000,178046512_1,808,0.004518,0.004463,0.105459
B_impress_1000,178046512_1,809,0.004518,0.004463,0.105458
B_impress_1000,178046512_1,810,0.004518,0.004463,0.105457
B_impress_1000,178046512_1,811,0.004518,0.004463,0.105456
B_impress_1000,178046512_1,812,0.004518,0.004463,0.105455
B_impress_1000,178046512_1,813,0.004518,0.004463,0.105454
B_impress_1000,178046512_1,814,0.004522,0.004467,0.105453
B_impress_1000,178046512_1,815,0.004522,0.004467,0.105453
B_impress_1000,178046512_1,816,0.004518,0.004463,0.105452
B_impress_1000,178046512_1,817,0.004522,0.004467,0.105451
B_impress_1000,178046512_1,818,0.004522,0.004467,0.105451
B_impress_1000,178046512_1,819,0.004522,0.004467,0.105450
B_impress_1000,178046512_1,820,0.004522,0.004467,0.105449
B_impress_1000,178046512_1,821,0.004521,0.004467,0.105449
B_impress_1000,178046512_1,822,0.004518,0.004463,0.105448
B_impress_1000,178046512_1,823,0.004521,0.004467,0.105447
B_impress_1000,178046512_1,824,0.004521,0.004467,0.105447
B_impress_1000,178046512_1,825,0.004518,0.004463,0.105446
B_impress_1000,178046512_1,826,0.004518,0.004463,0.105445
B_impress_1000,178046512_1,827,0.004521,0.004467,0.105445
B_impress_1000,178046512_1,828,0.004518,0.004463,0.105444
B_impress_1000,178046512_1,829,0.004518,0.004463,0.105444
B_impress_1000,178046512_1,830,0.004521,0.004467,0.105443
B_impress_1000,178046512_1,831,0.004518,0.004463,0.105442
B_impress_1000,178046512_1,832,0.004518,0.004463,0.105442
B_impress_1000,178046512_1,833,0.004518,0.004463,0.105441
B_impress_1000,178046512_1,834,0.004518,0.004463,0.105441
B_impress_1000,178046512_1,835,0.004518,0.004463,0.105440
B_impress_1000,178046512_1,836,0.004518,0.004463,0.105439
B_impress_1000,178046512_1,837,0.004518,0.004463,0.105439
B_impress_1000,178046512_1,838,0.004518,0.004463,0.105438
B_impress_1000,178046512_1,839,0.004518,0.004463,0.105438
B_impress_1000,178046512_1,840,0.004518,0.004463,0.105437
B_impress_1000,178046512_1,841,0.004518,0.004463,0.105437
B_impress_1000,178046512_1,842,0.004518,0.004463,0.105436
B_impress_1000,178046512_1,843,0.004518,0.004463,0.105436
B_impress_1000,178046512_1,844,0.004518,0.004463,0.105436
B_impress_1000,178046512_1,845,0.004518,0.004463,0.105436
B_impress_1000,178046512_1,846,0.004518,0.004463,0.105435
B_impress_1000,178046512_1,847,0.004518,0.004463,0.105435
B_impress_1000,178046512_1,848,0.004518,0.004463,0.105435
B_impress_1000,178046512_1,849,0.004518,0.004463,0.105434
B_impress_1000,178046512_1,850,0.004518,0.004463,0.105434
B_impress_1000,178046512_1,851,0.004518,0.004463,0.105434
B_impress_1000,178046512_1,852,0.004518,0.004463,0.105434
B_impress_1000,178046512_1,853,0.004518,0.004463,0.105433
B_impress_1000,178046512_1,854,0.004518,0.004463,0.105433
B_impress_1000,178046512_1,855,0.004518,0.004463,0.105433
B_impress_1000,178046512_1,856,0.004518,0.004463,0.105433
B_impress_1000,178046512_1,857,0.004518,0.004463,0.105432
B_impress_1000,178046512_1,858,0.004518,0.004463,0.105432
B_impress_1000,178046512_1,859,0.004518,0.004463,0.105432
B_impress_1000,178046512_1,860,0.004518,0.004463,0.105432
B_impress_1000,178046512_1,861,0.004518,0.004463,0.105431
B_impress_1000,178046512_1,862,0.004518,0.004463,0.105431
B_impress_1000,178046512_1,863,0.004518,0.004463,0.105431
B_impress_1000,178046512_1,864,0.004518,0.004463,0.105431
B_impress_1000,178046512_1,865,0.004517,0.004463,0.105430
B_impress_1000,178046512_1,866,0.004517,0.004463,0.105430
B_impress_1000,178046512_1,867,0.004517,0.004463,0.105430
B_impress_1000,178046512_1,868,0.004517,0.004463,0.105430
B_impress_1000,178046512_1,869,0.004517,0.004463,0.105429
B_impress_1000,178046512_1,870,0.004517,0.004463,0.105429
B_impress_1000,178046512_1,871,0.004517,0.004463,0.105429
B_impress_1000,178046512_1,872,0.004517,0.004463,0.105429
B_impress_1000,178046512_1,873,0.004517,0.004463,0.105429
B_impress_1000,178046512_1,874,0.004517,0.004463,0.105428
B_impress_1000,178046512_1,875,0.004517,0.004463,0.105428
B_impress_1000,178046512_1,876,0.004517,0.004463,0.105428
B_impress_1000,178046512_1,877,0.004517,0.004463,0.105428
B_impress_1000,178046512_1,878,0.004517,0.004463,0.105428
B_impress_1000,178046512_1,879,0.004517,0.004463,0.105428
B_impress_1000,178046512_1,880,0.004517,0.004463,0.105428
B_impress_1000,178046512_1,881,0.004517,0.004463,0.105427
B_impress_1000,178046512_1,882,0.004517,0.004463,0.105427
B_impress_1000,178046512_1,883,0.004517,0.004463,0.105427
B_impress_1000,178046512_1,884,0.004517,0.004463,0.105427
B_impress_1000,178046512_1,885,0.004517,0.004463,0.105427
B_impress_1000,178046512_1,886,0.004517,0.004463,0.105427
B_impress_1000,178046512_1,887,0.004517,0.004463,0.105427
B_impress_1000,178046512_1,888,0.004517,0.004463,0.105426
B_impress_1000,178046512_1,889,0.004517,0.004463,0.105426
B_impress_1000,178046512_1,890,0.004517,0.004463,0.105426
B_impress_1000,178046512_1,891,0.004517,0.004463,0.105426
B_impress_1000,178046512_1,892,0.004517,0.004463,0.105426
B_impress_1000,178046512_1,893,0.004517,0.004463,0.105426
B_impress_1000,178046512_1,894,0.004517,0.004463,0.105426
B_impress_1000,178046512_1,895,0.004517,0.004463,0.105426
B_impress_1000,178046512_1,896,0.004517,0.004463,0.105426
B_impress_1000,178046512_1,897,0.004517,0.004463,0.105426
B_impress_1000,178046512_1,898,0.004517,0.004463,0.105426
B_impress_1000,178046512_1,899,0.004517,0.004463,0.105425
B_impress_1000,178046512_1,900,0.004517,0.004463,0.105425
B_impress_1000,178046512_1,901,0.004517,0.004463,0.105425
B_impress_1000,178046512_1,902,0.004517,0.004463,0.105425
B_impress_1000,178046512_1,903,0.004517,0.004463,0.105425
B_impress_1000,178046512_1,904,0.004517,0.004463,0.105425
B_impress_1000,178046512_1,905,0.004517,0.004463,0.105425
B_impress_1000,178046512_1,906,0.004517,0.004463,0.105425
B_impress_1000,178046512_1,907,0.004517,0.004463,0.105425
B_impress_1000,178046512_1,908,0.004517,0.004463,0.105425
B_impress_1000,178046512_1,909,0.004517,0.004463,0.105425
B_impress_1000,178046512_1,910,0.004517,0.004463,0.105425
B_impress_1000,178046512_1,911,0.004517,0.004463,0.105425
B_impress_1000,178046512_1,912,0.004517,0.004463,0.105425
B_impress_1000,178046512_1,913,0.004517,0.004463,0.105425
B_impress_1000,178046512_1,914,0.004517,0.004463,0.105425
B_impress_1000,178046512_1,915,0.004517,0.004463,0.105425
B_impress_1000,178046512_1,916,0.004517,0.004463,0.105425
B_impress_1000,178046512_1,917,0.004517,0.004463,0.105424
B_impress_1000,178046512_1,918,0.004517,0.004463,0.105424
B_impress_1000,178046512_1,919,0.004517,0.004463,0.105424
B_impress_1000,178046512_1,920,0.004517,0.004463,0.105424
B_impress_1000,178046512_1,921,0.004517,0.004463,0.105424
B_impress_1000,178046512_1,922,0.004517,0.004463,0.105424
B_impress_1000,178046512_1,923,0.004517,0.004463,0.105424
B_impress_1000,178046512_1,924,0.004517,0.004463,0.105424
B_impress_1000,178046512_1,925,0.004517,0.004463,0.105424
B_impress_1000,178046512_1,926,0.004517,0.004463,0.105424
B_impress_1000,178046512_1,927,0.004517,0.004463,0.105424
B_impress_1000,178046512_1,928,0.004517,0.004463,0.105424
B_impress_1000,178046512_1,929,0.004517,0.004463,0.105424
B_impress_1000,178046512_1,930,0.004517,0.004463,0.105424
B_impress_1000,178046512_1,931,0.004517,0.004463,0.105424
B_impress_1000,178046512_1,932,0.004517,0.004463,0.105424
B_impress_1000,178046512_1,933,0.004517,0.004463,0.105424
B_impress_1000,178046512_1,934,0.004517,0.004463,0.105424
B_impress_1000,178046512_1,935,0.004517,0.004463,0.105424
B_impress_1000,178046512_1,936,0.004517,0.004463,0.105424
B_impress_1000,178046512_1,937,0.004517,0.004463,0.105424
B_impress_1000,178046512_1,938,0.004517,0.004463,0.105424
B_impress_1000,178046512_1,939,0.004517,0.004463,0.105424
B_impress_1000,178046512_1,940,0.004517,0.004463,0.105424
B_impress_1000,178046512_1,941,0.004517,0.004463,0.105424
B_impress_1000,178046512_1,942,0.004517,0.004463,0.105424
B_impress_1000,178046512_1,943,0.004517,0.004463,0.105424
B_impress_1000,178046512_1,944,0.004517,0.004463,0.105424
B_impress_1000,178046512_1,945,0.004517,0.004463,0.105424
B_impress_1000,178046512_1,946,0.004517,0.004463,0.105424
B_impress_1000,178046512_1,947,0.004517,0.004463,0.105424
B_impress_1000,178046512_1,948,0.004517,0.004463,0.105424
B_impress_1000,178046512_1,949,0.004517,0.004463,0.105424
B_impress_1000,178046512_1,950,0.004517,0.004463,0.105424
B_impress_1000,178046512_1,951,0.004517,0.004463,0.105424
B_impress_1000,178046512_1,952,0.004517,0.004463,0.105424
B_impress_1000,178046512_1,953,0.004517,0.004463,0.105424
B_impress_1000,178046512_1,954,0.004517,0.004463,0.105424
B_impress_1000,178046512_1,955,0.004517,0.004463,0.105424
B_impress_1000,178046512_1,956,0.004517,0.004463,0.105424
B_impress_1000,178046512_1,957,0.004517,0.004463,0.105424
B_impress_1000,178046512_1,958,0.004517,0.004463,0.105424
B_impress_1000,178046512_1,959,0.004517,0.004463,0.105424
B_impress_1000,178046512_1,960,0.004517,0.004463,0.105424
B_impress_1000,178046512_1,961,0.004517,0.004463,0.105424
B_impress_1000,178046512_1,962,0.004517,0.004463,0.105424
B_impress_1000,178046512_1,963,0.004517,0.004463,0.105424
B_impress_1000,178046512_1,964,0.004517,0.004463,0.105424
B_impress_1000,178046512_1,965,0.004517,0.004463,0.105424
B_impress_1000,178046512_1,966,0.004517,0.004463,0.105424
B_impress_1000,178046512_1,967,0.004517,0.004463,0.105424
B_impress_1000,178046512_1,968,0.004517,0.004463,0.105424
B_impress_1000,178046512_1,969,0.004517,0.004463,0.105424
B_impress_1000,178046512_1,970,0.004517,0.004463,0.105424
B_impress_1000,178046512_1,971,0.004517,0.004463,0.105424
B_impress_1000,178046512_1,972,0.004517,0.004463,0.105424
B_impress_1000,178046512_1,973,0.004517,0.004463,0.105424
B_impress_1000,178046512_1,974,0.004517,0.004463,0.105424
B_impress_1000,178046512_1,975,0.004517,0.004463,0.105424
B_impress_1000,178046512_1,976,0.004517,0.004463,0.105424
B_impress_1000,178046512_1,977,0.004517,0.004463,0.105424
B_impress_1000,178046512_1,978,0.004517,0.004463,0.105424
B_impress_1000,178046512_1,979,0.004517,0.004463,0.105424
B_impress_1000,178046512_1,980,0.004517,0.004463,0.105424
B_impress_1000,178046512_1,981,0.004517,0.004463,0.105424
B_impress_1000,178046512_1,982,0.004517,0.004463,0.105424
B_impress_1000,178046512_1,983,0.004517,0.004463,0.105424
B_impress_1000,178046512_1,984,0.004517,0.004463,0.105424
B_impress_1000,178046512_1,985,0.004517,0.004463,0.105424
B_impress_1000,178046512_1,986,0.004517,0.004463,0.105424
B_impress_1000,178046512_1,987,0.004517,0.004463,0.105424
B_impress_1000,178046512_1,988,0.004517,0.004463,0.105424
B_impress_1000,178046512_1,989,0.004517,0.004463,0.105424
B_impress_1000,178046512_1,990,0.004517,0.004463,0.105424
B_impress_1000,178046512_1,991,0.004517,0.004463,0.105424
B_impress_1000,178046512_1,992,0.004517,0.004463,0.105424
B_impress_1000,178046512_1,993,0.004517,0.004463,0.105424
B_impress_1000,178046512_1,994,0.004517,0.004463,0.105424
B_impress_1000,178046512_1,995,0.004517,0.004463,0.105424
B_impress_1000,178046512_1,996,0.004517,0.004463,0.105424
B_impress_1000,178046512_1,997,0.004517,0.004463,0.105424
B_impress_1000,178046512_1,998,0.004517,0.004463,0.105424
B_impress_1000,178046512_1,999,0.004517,0.004463,0.105424
B_impress_1000,178046512_1,1000,0.004517,0.004463,0.105424
B_impress_1000,181707205_1,1,0.008185,0.006397,0.278732
B_impress_1000,181707205_1,2,0.007724,0.006149,0.257503
B_impress_1000,181707205_1,3,0.007565,0.006123,0.244282
B_impress_1000,181707205_1,4,0.007451,0.006104,0.234767
B_impress_1000,181707205_1,5,0.007350,0.006084,0.226600
B_impress_1000,181707205_1,6,0.007273,0.006073,0.220033
B_impress_1000,181707205_1,7,0.007186,0.006046,0.213928
B_impress_1000,181707205_1,8,0.007125,0.006035,0.209057
B_impress_1000,181707205_1,9,0.007066,0.006020,0.204631
B_impress_1000,181707205_1,10,0.007012,0.006004,0.200731
B_impress_1000,181707205_1,11,0.006968,0.005997,0.197128
B_impress_1000,181707205_1,12,0.006922,0.005985,0.193698
B_impress_1000,181707205_1,13,0.006879,0.005974,0.190484
B_impress_1000,181707205_1,14,0.006846,0.005966,0.187932
B_impress_1000,181707205_1,15,0.006806,0.005951,0.185514
B_impress_1000,181707205_1,16,0.006768,0.005936,0.183226
B_impress_1000,181707205_1,17,0.006735,0.005924,0.181054
B_impress_1000,181707205_1,18,0.006694,0.005905,0.178935
B_impress_1000,181707205_1,19,0.006663,0.005894,0.176886
B_impress_1000,181707205_1,20,0.006625,0.005875,0.175034
B_impress_1000,181707205_1,21,0.006592,0.005859,0.173229
B_impress_1000,181707205_1,22,0.006559,0.005844,0.171462
B_impress_1000,181707205_1,23,0.006526,0.005829,0.169761
B_impress_1000,181707205_1,24,0.006498,0.005817,0.168095
B_impress_1000,181707205_1,25,0.006467,0.005802,0.166477
B_impress_1000,181707205_1,26,0.006440,0.005791,0.164922
B_impress_1000,181707205_1,27,0.006406,0.005772,0.163424
B_impress_1000,181707205_1,28,0.006376,0.005756,0.161982
B_impress_1000,181707205_1,29,0.006355,0.005749,0.160597
B_impress_1000,181707205_1,30,0.006326,0.005733,0.159262
B_impress_1000,181707205_1,31,0.006306,0.005726,0.157972
B_impress_1000,181707205_1,32,0.006282,0.005714,0.156725
B_impress_1000,181707205_1,33,0.006258,0.005703,0.155513
B_impress_1000,181707205_1,34,0.006235,0.005692,0.154340
B_impress_1000,181707205_1,35,0.006212,0.005680,0.153203
B_impress_1000,181707205_1,36,0.006193,0.005669,0.152414
B_impress_1000,181707205_1,37,0.006174,0.005657,0.151645
B_impress_1000,181707205_1,38,0.006155,0.005646,0.150896
B_impress_1000,181707205_1,39,0.006140,0.005638,0.150164
B_impress_1000,181707205_1,40,0.006121,0.005627,0.149445
B_impress_1000,181707205_1,41,0.006103,0.005615,0.148742
B_impress_1000,181707205_1,42,0.006088,0.005608,0.148052
B_impress_1000,181707205_1,43,0.006070,0.005596,0.147378
B_impress_1000,181707205_1,44,0.006052,0.005585,0.146716
B_impress_1000,181707205_1,45,0.006030,0.005569,0.146069
B_impress_1000,181707205_1,46,0.006016,0.005562,0.145436
B_impress_1000,181707205_1,47,0.006002,0.005554,0.144820
B_impress_1000,181707205_1,48,0.005985,0.005543,0.144218
B_impress_1000,181707205_1,49,0.005968,0.005531,0.143629
B_impress_1000,181707205_1,50,0.005950,0.005520,0.143051
B_impress_1000,181707205_1,51,0.005933,0.005508,0.142486
B_impress_1000,181707205_1,52,0.005924,0.005505,0.141932
B_impress_1000,181707205_1,53,0.005907,0.005493,0.141386
B_impress_1000,181707205_1,54,0.005894,0.005486,0.140852
B_impress_1000,181707205_1,55,0.005877,0.005474,0.140330
B_impress_1000,181707205_1,56,0.005861,0.005463,0.139819
B_impress_1000,181707205_1,57,0.005844,0.005451,0.139319
B_impress_1000,181707205_1,58,0.005832,0.005444,0.138829
B_impress_1000,181707205_1,59,0.005823,0.005440,0.138350
B_impress_1000,181707205_1,60,0.005807,0.005428,0.137880
B_impress_1000,181707205_1,61,0.005791,0.005417,0.137418
B_impress_1000,181707205_1,62,0.005779,0.005409,0.136965
B_impress_1000,181707205_1,63,0.005767,0.005402,0.136520
B_impress_1000,181707205_1,64,0.005755,0.005394,0.136083
B_impress_1000,181707205_1,65,0.005743,0.005386,0.135655
B_impress_1000,181707205_1,66,0.005731,0.005379,0.135235
B_impress_1000,181707205_1,67,0.005715,0.005367,0.134821
B_impress_1000,181707205_1,68,0.005708,0.005363,0.134413
B_impress_1000,181707205_1,69,0.005692,0.005352,0.134012
B_impress_1000,181707205_1,70,0.005684,0.005348,0.133617
B_impress_1000,181707205_1,71,0.005669,0.005337,0.133227
B_impress_1000,181707205_1,72,0.005654,0.005325,0.132842
B_impress_1000,181707205_1,73,0.005646,0.005322,0.132463
B_impress_1000,181707205_1,74,0.005639,0.005318,0.132091
B_impress_1000,181707205_1,75,0.005623,0.005306,0.131725
B_impress_1000,181707205_1,76,0.005612,0.005299,0.131364
B_impress_1000,181707205_1,77,0.005601,0.005291,0.131008
B_impress_1000,181707205_1,78,0.005586,0.005280,0.130657
B_impress_1000,181707205_1,79,0.005575,0.005272,0.130311
B_impress_1000,181707205_1,80,0.005564,0.005264,0.129970
B_impress_1000,181707205_1,81,0.005553,0.005257,0.129634
B_impress_1000,181707205_1,82,0.005542,0.005249,0.129303
B_impress_1000,181707205_1,83,0.005527,0.005238,0.128978
B_impress_1000,181707205_1,84,0.005517,0.005230,0.128658
B_impress_1000,181707205_1,85,0.005506,0.005222,0.128343
B_impress_1000,181707205_1,86,0.005491,0.005211,0.128033
B_impress_1000,181707205_1,87,0.005481,0.005203,0.127727
B_impress_1000,181707205_1,88,0.005470,0.005196,0.127426
B_impress_1000,181707205_1,89,0.005459,0.005188,0.127128
B_impress_1000,181707205_1,90,0.005445,0.005177,0.126834
B_impress_1000,181707205_1,91,0.005438,0.005173,0.126545
B_impress_1000,181707205_1,92,0.005424,0.005161,0.126260
B_impress_1000,181707205_1,93,0.005413,0.005154,0.125979
B_impress_1000,181707205_1,94,0.005407,0.005150,0.125702
B_impress_1000,181707205_1,95,0.005393,0.005138,0.125429
B_impress_1000,181707205_1,96,0.005382,0.005131,0.125160
B_impress_1000,181707205_1,97,0.005368,0.005119,0.124895
B_impress_1000,181707205_1,98,0.005362,0.005116,0.124632
B_impress_1000,181707205_1,99,0.005355,0.005112,0.124373
B_impress_1000,181707205_1,100,0.005345,0.005104,0.124118
B_impress_1000,181707205_1,101,0.005331,0.005093,0.123866
B_impress_1000,181707205_1,102,0.005321,0.005085,0.123617
B_impress_1000,181707205_1,103,0.005315,0.005081,0.123371
B_impress_1000,181707205_1,104,0.005305,0.005074,0.123129
B_impress_1000,181707205_1,105,0.005295,0.005066,0.122890
B_impress_1000,181707205_1,106,0.005285,0.005058,0.122653
B_impress_1000,181707205_1,107,0.005271,0.005047,0.122419
B_impress_1000,181707205_1,108,0.005261,0.005039,0.122188
B_impress_1000,181707205_1,109,0.005251,0.005032,0.121960
B_impress_1000,181707205_1,110,0.005241,0.005024,0.121736
B_impress_1000,181707205_1,111,0.005231,0.005016,0.121514
B_impress_1000,181707205_1,112,0.005222,0.005009,0.121295
B_impress_1000,181707205_1,113,0.005212,0.005001,0.121079
B_impress_1000,181707205_1,114,0.005206,0.004997,0.120866
B_impress_1000,181707205_1,115,0.005192,0.004986,0.120654
B_impress_1000,181707205_1,116,0.005186,0.004982,0.120445
B_impress_1000,181707205_1,117,0.005177,0.004974,0.120238
B_impress_1000,181707205_1,118,0.005171,0.004971,0.120034
B_impress_1000,181707205_1,119,0.005161,0.004963,0.119832
B_impress_1000,181707205_1,120,0.005152,0.004955,0.119632
B_impress_1000,181707205_1,121,0.005146,0.004951,0.119435
B_impress_1000,181707205_1,122,0.005140,0.004948,0.119239
B_impress_1000,181707205_1,123,0.005130,0.004940,0.119046
B_impress_1000,181707205_1,124,0.005121,0.004932,0.118855
B_impress_1000,181707205_1,125,0.005111,0.004925,0.118666
B_impress_1000,181707205_1,126,0.005102,0.004917,0.118479
B_impress_1000,181707205_1,127,0.005096,0.004913,0.118294
B_impress_1000,181707205_1,128,0.005087,0.004906,0.118112
B_impress_1000,181707205_1,129,0.005081,0.004902,0.117932
B_impress_1000,181707205_1,130,0.005076,0.004898,0.117754
B_impress_1000,181707205_1,131,0.005066,0.004890,0.117577
B_impress_1000,181707205_1,132,0.005057,0.004883,0.117402
B_impress_1000,181707205_1,133,0.005051,0.004879,0.117230
B_impress_1000,181707205_1,134,0.005042,0.004871,0.117059
B_impress_1000,181707205_1,135,0.005036,0.004868,0.116890
B_impress_1000,181707205_1,136,0.005027,0.004860,0.116723
B_impress_1000,181707205_1,137,0.005022,0.004856,0.116558
B_impress_1000,181707205_1,138,0.005012,0.004848,0.116395
B_impress_1000,181707205_1,139,0.005007,0.004845,0.116233
B_impress_1000,181707205_1,140,0.004998,0.004837,0.116073
B_impress_1000,181707205_1,141,0.004992,0.004833,0.115914
B_impress_1000,181707205_1,142,0.004987,0.004829,0.115757
B_impress_1000,181707205_1,143,0.004978,0.004822,0.115601
B_impress_1000,181707205_1,144,0.004969,0.004814,0.115448
B_impress_1000,181707205_1,145,0.004967,0.004814,0.115296
B_impress_1000,181707205_1,146,0.004958,0.004807,0.115145
B_impress_1000,181707205_1,147,0.004949,0.004799,0.114996
B_impress_1000,181707205_1,148,0.004944,0.004795,0.114849
B_impress_1000,181707205_1,149,0.004938,0.004791,0.114704
B_impress_1000,181707205_1,150,0.004933,0.004787,0.114560
B_impress_1000,181707205_1,151,0.004928,0.004784,0.114417
B_impress_1000,181707205_1,152,0.004919,0.004776,0.114276
B_impress_1000,181707205_1,153,0.004914,0.004772,0.114137
B_impress_1000,181707205_1,154,0.004905,0.004765,0.113999
B_impress_1000,181707205_1,155,0.004899,0.004761,0.113862
B_impress_1000,181707205_1,156,0.004890,0.004753,0.113728
B_impress_1000,181707205_1,157,0.004885,0.004749,0.113594
B_impress_1000,181707205_1,158,0.004880,0.004745,0.113462
B_impress_1000,181707205_1,159,0.004875,0.004742,0.113331
B_impress_1000,181707205_1,160,0.004870,0.004738,0.113202
B_impress_1000,181707205_1,161,0.004861,0.004730,0.113074
B_impress_1000,181707205_1,162,0.004856,0.004726,0.112948
B_impress_1000,181707205_1,163,0.004851,0.004723,0.112822
B_impress_1000,181707205_1,164,0.004846,0.004719,0.112698
B_impress_1000,181707205_1,165,0.004837,0.004711,0.112575
B_impress_1000,181707205_1,166,0.004836,0.004711,0.112453
B_impress_1000,181707205_1,167,0.004827,0.004704,0.112333
B_impress_1000,181707205_1,168,0.004822,0.004700,0.112213
B_impress_1000,181707205_1,169,0.004813,0.004692,0.112095
B_impress_1000,181707205_1,170,0.004804,0.004684,0.111977
B_impress_1000,181707205_1,171,0.004803,0.004684,0.111860
B_impress_1000,181707205_1,172,0.004794,0.004677,0.111745
B_impress_1000,181707205_1,173,0.004789,0.004673,0.111631
B_impress_1000,181707205_1,174,0.004784,0.004669,0.111517
B_impress_1000,181707205_1,175,0.004779,0.004665,0.111405
B_impress_1000,181707205_1,176,0.004771,0.004658,0.111294
B_impress_1000,181707205_1,177,0.004762,0.004650,0.111184
B_impress_1000,181707205_1,178,0.004761,0.004650,0.111075
B_impress_1000,181707205_1,179,0.004752,0.004642,0.110968
B_impress_1000,181707205_1,180,0.004747,0.004639,0.110861
B_impress_1000,181707205_1,181,0.004742,0.004635,0.110755
B_impress_1000,181707205_1,182,0.004738,0.004631,0.110650
B_impress_1000,181707205_1,183,0.004729,0.004623,0.110546
B_impress_1000,181707205_1,184,0.004728,0.004623,0.110443
B_impress_1000,181707205_1,185,0.004719,0.004616,0.110342
B_impress_1000,181707205_1,186,0.004714,0.004612,0.110241
B_impress_1000,181707205_1,187,0.004710,0.004608,0.110140
B_impress_1000,181707205_1,188,0.004705,0.004604,0.110040
B_impress_1000,181707205_1,189,0.004696,0.004597,0.109941
B_impress_1000,181707205_1,190,0.004695,0.004597,0.109843
B_impress_1000,181707205_1,191,0.004690,0.004593,0.109746
B_impress_1000,181707205_1,192,0.004686,0.004589,0.109649
B_impress_1000,181707205_1,193,0.004681,0.004585,0.109553
B_impress_1000,181707205_1,194,0.004676,0.004581,0.109458
B_impress_1000,181707205_1,195,0.004671,0.004578,0.109369
B_impress_1000,181707205_1,196,0.004667,0.004574,0.109280
B_impress_1000,181707205_1,197,0.004662,0.004570,0.109192
B_impress_1000,181707205_1,198,0.004657,0.004566,0.109104
B_impress_1000,181707205_1,199,0.004653,0.004562,0.109017
B_impress_1000,181707205_1,200,0.004644,0.004555,0.108931
B_impress_1000,181707205_1,201,0.004639,0.004551,0.108845
B_impress_1000,181707205_1,202,0.004639,0.004551,0.108760
B_impress_1000,181707205_1,203,0.004634,0.004547,0.108676
B_impress_1000,181707205_1,204,0.004629,0.004543,0.108592
B_impress_1000,181707205_1,205,0.004621,0.004536,0.108509
B_impress_1000,181707205_1,206,0.004616,0.004532,0.108427
B_impress_1000,181707205_1,207,0.004615,0.004532,0.108345
B_impress_1000,181707205_1,208,0.004611,0.004528,0.108264
B_impress_1000,181707205_1,209,0.004606,0.004524,0.108184
B_impress_1000,181707205_1,210,0.004601,0.004520,0.108104
B_impress_1000,181707205_1,211,0.004597,0.004517,0.108026
B_impress_1000,181707205_1,212,0.004592,0.004513,0.107948
B_impress_1000,181707205_1,213,0.004588,0.004509,0.107871
B_impress_1000,181707205_1,214,0.004583,0.004505,0.107794
B_impress_1000,181707205_1,215,0.004579,0.004501,0.107718
B_impress_1000,181707205_1,216,0.004574,0.004498,0.107643
B_impress_1000,181707205_1,217,0.004569,0.004494,0.107568
B_impress_1000,181707205_1,218,0.004565,0.004490,0.107494
B_impress_1000,181707205_1,219,0.004560,0.004486,0.107420
B_impress_1000,181707205_1,220,0.004556,0.004482,0.107347
B_impress_1000,181707205_1,221,0.004551,0.004478,0.107275
B_impress_1000,181707205_1,222,0.004550,0.004478,0.107203
B_impress_1000,181707205_1,223,0.004546,0.004475,0.107132
B_impress_1000,181707205_1,224,0.004541,0.004471,0.107061
B_impress_1000,181707205_1,225,0.004537,0.004467,0.106991
B_impress_1000,181707205_1,226,0.004532,0.004463,0.106921
B_impress_1000,181707205_1,227,0.004528,0.004459,0.106852
B_impress_1000,181707205_1,228,0.004523,0.004456,0.106784
B_impress_1000,181707205_1,229,0.004519,0.004452,0.106716
B_impress_1000,181707205_1,230,0.004514,0.004448,0.106648
B_impress_1000,181707205_1,231,0.004514,0.004448,0.106581
B_impress_1000,181707205_1,232,0.004509,0.004444,0.106515
B_impress_1000,181707205_1,233,0.004509,0.004444,0.106449
B_impress_1000,181707205_1,234,0.004500,0.004436,0.106384
B_impress_1000,181707205_1,235,0.004500,0.004436,0.106319
B_impress_1000,181707205_1,236,0.004495,0.004433,0.106255
B_impress_1000,181707205_1,237,0.004491,0.004429,0.106192
B_impress_1000,181707205_1,238,0.004486,0.004425,0.106129
B_impress_1000,181707205_1,239,0.004482,0.004421,0.106067
B_impress_1000,181707205_1,240,0.004481,0.004421,0.106004
B_impress_1000,181707205_1,241,0.004477,0.004417,0.105943
B_impress_1000,181707205_1,242,0.004472,0.004414,0.105882
B_impress_1000,181707205_1,243,0.004468,0.004410,0.105821
B_impress_1000,181707205_1,244,0.004464,0.004406,0.105761
B_impress_1000,181707205_1,245,0.004459,0.004402,0.105701
B_impress_1000,181707205_1,246,0.004455,0.004398,0.105642
B_impress_1000,181707205_1,247,0.004450,0.004395,0.105583
B_impress_1000,181707205_1,248,0.004450,0.004395,0.105525
B_impress_1000,181707205_1,249,0.004445,0.004391,0.105467
B_impress_1000,181707205_1,250,0.004441,0.004387,0.105410
B_impress_1000,181707205_1,251,0.004437,0.004383,0.105353
B_impress_1000,181707205_1,252,0.004436,0.004383,0.105297
B_impress_1000,181707205_1,253,0.004432,0.004379,0.105242
B_impress_1000,181707205_1,254,0.004427,0.004375,0.105187
B_impress_1000,181707205_1,255,0.004427,0.004375,0.105133
B_impress_1000,181707205_1,256,0.004422,0.004372,0.105079
B_impress_1000,181707205_1,257,0.004418,0.004368,0.105025
B_impress_1000,181707205_1,258,0.004418,0.004368,0.104971
B_impress_1000,181707205_1,259,0.004413,0.004364,0.104918
B_impress_1000,181707205_1,260,0.004413,0.004364,0.104866
B_impress_1000,181707205_1,261,0.004408,0.004360,0.104814
B_impress_1000,181707205_1,262,0.004404,0.004356,0.104762
B_impress_1000,181707205_1,263,0.004400,0.004353,0.104711
B_impress_1000,181707205_1,264,0.004399,0.004353,0.104660
B_impress_1000,181707205_1,265,0.004395,0.004349,0.104609
B_impress_1000,181707205_1,266,0.004394,0.004349,0.104559
B_impress_1000,181707205_1,267,0.004390,0.004345,0.104509
B_impress_1000,181707205_1,268,0.004390,0.004345,0.104459
B_impress_1000,181707205_1,269,0.004385,0.004341,0.104410
B_impress_1000,181707205_1,270,0.004381,0.004337,0.104361
B_impress_1000,181707205_1,271,0.004380,0.004337,0.104313
B_impress_1000,181707205_1,272,0.004376,0.004333,0.104265
B_impress_1000,181707205_1,273,0.004372,0.004330,0.104217
B_impress_1000,181707205_1,274,0.004371,0.004330,0.104169
B_impress_1000,181707205_1,275,0.004367,0.004326,0.104122
B_impress_1000,181707205_1,276,0.004363,0.004322,0.104075
B_impress_1000,181707205_1,277,0.004359,0.004318,0.104028
B_impress_1000,181707205_1,278,0.004354,0.004314,0.103982
B_impress_1000,181707205_1,279,0.004354,0.004314,0.103936
B_impress_1000,181707205_1,280,0.004350,0.004311,0.103890
B_impress_1000,181707205_1,281,0.004345,0.004307,0.103850
B_impress_1000,181707205_1,282,0.004341,0.004303,0.103816
B_impress_1000,181707205_1,283,0.004341,0.004303,0.103781
B_impress_1000,181707205_1,284,0.004337,0.004299,0.103746
B_impress_1000,181707205_1,285,0.004336,0.004299,0.103712
B_impress_1000,181707205_1,286,0.004332,0.004295,0.103678
B_impress_1000,181707205_1,287,0.004328,0.004292,0.103645
B_impress_1000,181707205_1,288,0.004324,0.004288,0.103611
B_impress_1000,181707205_1,289,0.004324,0.004288,0.103578
B_impress_1000,181707205_1,290,0.004319,0.004284,0.103545
B_impress_1000,181707205_1,291,0.004315,0.004280,0.103512
B_impress_1000,181707205_1,292,0.004315,0.004280,0.103480
B_impress_1000,181707205_1,293,0.004311,0.004276,0.103447
B_impress_1000,181707205_1,294,0.004310,0.004276,0.103415
B_impress_1000,181707205_1,295,0.004306,0.004272,0.103383
B_impress_1000,181707205_1,296,0.004306,0.004272,0.103352
B_impress_1000,181707205_1,297,0.004302,0.004269,0.103320
B_impress_1000,181707205_1,298,0.004298,0.004265,0.103289
B_impress_1000,181707205_1,299,0.004297,0.004265,0.103258
B_impress_1000,181707205_1,300,0.004293,0.004261,0.103227
B_impress_1000,181707205_1,301,0.004289,0.004257,0.103197
B_impress_1000,181707205_1,302,0.004289,0.004257,0.103166
B_impress_1000,181707205_1,303,0.004289,0.004257,0.103136
B_impress_1000,181707205_1,304,0.004284,0.004253,0.103106
B_impress_1000,181707205_1,305,0.004284,0.004253,0.103076
B_impress_1000,181707205_1,306,0.004280,0.004250,0.103046
B_impress_1000,181707205_1,307,0.004280,0.004250,0.103016
B_impress_1000,181707205_1,308,0.004276,0.004246,0.102987
B_impress_1000,181707205_1,309,0.004272,0.004242,0.102958
B_impress_1000,181707205_1,310,0.004271,0.004242,0.102929
B_impress_1000,181707205_1,311,0.004267,0.004238,0.102900
B_impress_1000,181707205_1,312,0.004267,0.004238,0.102871
B_impress_1000,181707205_1,313,0.004267,0.004238,0.102843
B_impress_1000,181707205_1,314,0.004262,0.004234,0.102815
B_impress_1000,181707205_1,315,0.004262,0.004234,0.102787
B_impress_1000,181707205_1,316,0.004258,0.004230,0.102759
B_impress_1000,181707205_1,317,0.004254,0.004227,0.102731
B_impress_1000,181707205_1,318,0.004258,0.004230,0.102704
B_impress_1000,181707205_1,319,0.004253,0.004227,0.102677
B_impress_1000,181707205_1,320,0.004253,0.004227,0.102650
B_impress_1000,181707205_1,321,0.004249,0.004223,0.102623
B_impress_1000,181707205_1,322,0.004249,0.004223,0.102598
B_impress_1000,181707205_1,323,0.004245,0.004219,0.102573
B_impress_1000,181707205_1,324,0.004245,0.004219,0.102548
B_impress_1000,181707205_1,325,0.004240,0.004215,0.102523
B_impress_1000,181707205_1,326,0.004240,0.004215,0.102498
B_impress_1000,181707205_1,327,0.004240,0.004215,0.102474
B_impress_1000,181707205_1,328,0.004236,0.004211,0.102450
B_impress_1000,181707205_1,329,0.004236,0.004211,0.102425
B_impress_1000,181707205_1,330,0.004232,0.004208,0.102401
B_impress_1000,181707205_1,331,0.004231,0.004208,0.102377
B_impress_1000,181707205_1,332,0.004231,0.004208,0.102353
B_impress_1000,181707205_1,333,0.004227,0.004204,0.102330
B_impress_1000,181707205_1,334,0.004227,0.004204,0.102307
B_impress_1000,181707205_1,335,0.004223,0.004200,0.102283
B_impress_1000,181707205_1,336,0.004223,0.004200,0.102260
B_impress_1000,181707205_1,337,0.004219,0.004196,0.102237
B_impress_1000,181707205_1,338,0.004218,0.004196,0.102214
B_impress_1000,181707205_1,339,0.004218,0.004196,0.102192
B_impress_1000,181707205_1,340,0.004218,0.004196,0.102169
B_impress_1000,181707205_1,341,0.004218,0.004196,0.102147
B_impress_1000,181707205_1,342,0.004214,0.004192,0.102125
B_impress_1000,181707205_1,343,0.004213,0.004192,0.102103
B_impress_1000,181707205_1,344,0.004209,0.004189,0.102082
B_impress_1000,181707205_1,345,0.004209,0.004189,0.102060
B_impress_1000,181707205_1,346,0.004209,0.004189,0.102038
B_impress_1000,181707205_1,347,0.004205,0.004185,0.102017
B_impress_1000,181707205_1,348,0.004205,0.004185,0.101996
B_impress_1000,181707205_1,349,0.004201,0.004181,0.101975
B_impress_1000,181707205_1,350,0.004200,0.004181,0.101953
B_impress_1000,181707205_1,351,0.004200,0.004181,0.101932
B_impress_1000,181707205_1,352,0.004196,0.004177,0.101912
B_impress_1000,181707205_1,353,0.004192,0.004173,0.101891
B_impress_1000,181707205_1,354,0.004196,0.004177,0.101871
B_impress_1000,181707205_1,355,0.004188,0.004169,0.101850
B_impress_1000,181707205_1,356,0.004188,0.004169,0.101830
B_impress_1000,181707205_1,357,0.004188,0.004169,0.101810
B_impress_1000,181707205_1,358,0.004187,0.004169,0.101790
B_impress_1000,181707205_1,359,0.004187,0.004169,0.101770
B_impress_1000,181707205_1,360,0.004183,0.004166,0.101750
B_impress_1000,181707205_1,361,0.004183,0.004166,0.101731
B_impress_1000,181707205_1,362,0.004179,0.004162,0.101711
B_impress_1000,181707205_1,363,0.004179,0.004162,0.101692
B_impress_1000,181707205_1,364,0.004179,0.004162,0.101672
B_impress_1000,181707205_1,365,0.004175,0.004158,0.101653
B_impress_1000,181707205_1,366,0.004174,0.004158,0.101634
B_impress_1000,181707205_1,367,0.004170,0.004154,0.101615
B_impress_1000,181707205_1,368,0.004170,0.004154,0.101595
B_impress_1000,181707205_1,369,0.004166,0.004150,0.101576
B_impress_1000,181707205_1,370,0.004166,0.004150,0.101558
B_impress_1000,181707205_1,371,0.004166,0.004150,0.101539
B_impress_1000,181707205_1,372,0.004166,0.004150,0.101520
B_impress_1000,181707205_1,373,0.004162,0.004147,0.101502
B_impress_1000,181707205_1,374,0.004161,0.004147,0.101483
B_impress_1000,181707205_1,375,0.004161,0.004147,0.101465
B_impress_1000,181707205_1,376,0.004157,0.004143,0.101447
B_impress_1000,181707205_1,377,0.004157,0.004143,0.101428
B_impress_1000,181707205_1,378,0.004153,0.004139,0.101410
B_impress_1000,181707205_1,379,0.004153,0.004139,0.101392
B_impress_1000,181707205_1,380,0.004153,0.004139,0.101374
B_impress_1000,181707205_1,381,0.004149,0.004135,0.101356
B_impress_1000,181707205_1,382,0.004149,0.004135,0.101338
B_impress_1000,181707205_1,383,0.004145,0.004131,0.101329
B_impress_1000,181707205_1,384,0.004145,0.004131,0.101320
B_impress_1000,181707205_1,385,0.004144,0.004131,0.101311
B_impress_1000,181707205_1,386,0.004141,0.004128,0.101301
B_impress_1000,181707205_1,387,0.004140,0.004128,0.101293
B_impress_1000,181707205_1,388,0.004140,0.004128,0.101284
B_impress_1000,181707205_1,389,0.004136,0.004124,0.101275
B_impress_1000,181707205_1,390,0.004136,0.004124,0.101267
B_impress_1000,181707205_1,391,0.004136,0.004124,0.101258
B_impress_1000,181707205_1,392,0.004136,0.004124,0.101250
B_impress_1000,181707205_1,393,0.004136,0.004124,0.101241
B_impress_1000,181707205_1,394,0.004136,0.004124,0.101233
B_impress_1000,181707205_1,395,0.004132,0.004120,0.101225
B_impress_1000,181707205_1,396,0.004132,0.004120,0.101217
B_impress_1000,181707205_1,397,0.004132,0.004120,0.101209
B_impress_1000,181707205_1,398,0.004128,0.004116,0.101201
B_impress_1000,181707205_1,399,0.004128,0.004116,0.101194
B_impress_1000,181707205_1,400,0.004128,0.004116,0.101186
B_impress_1000,181707205_1,401,0.004128,0.004116,0.101178
B_impress_1000,181707205_1,402,0.004124,0.004112,0.101171
B_impress_1000,181707205_1,403,0.004128,0.004116,0.101163
B_impress_1000,181707205_1,404,0.004124,0.004112,0.101155
B_impress_1000,181707205_1,405,0.004124,0.004112,0.101148
B_impress_1000,181707205_1,406,0.004124,0.004112,0.101141
B_impress_1000,181707205_1,407,0.004120,0.004108,0.101134
B_impress_1000,181707205_1,408,0.004120,0.004108,0.101126
B_impress_1000,181707205_1,409,0.004120,0.004108,0.101119
B_impress_1000,181707205_1,410,0.004120,0.004108,0.101112
B_impress_1000,181707205_1,411,0.004119,0.004108,0.101106
B_impress_1000,181707205_1,412,0.004116,0.004105,0.101099
B_impress_1000,181707205_1,413,0.004116,0.004105,0.101092
B_impress_1000,181707205_1,414,0.004115,0.004105,0.101086
B_impress_1000,181707205_1,415,0.004115,0.004105,0.101080
B_impress_1000,181707205_1,416,0.004112,0.004101,0.101073
B_impress_1000,181707205_1,417,0.004111,0.004101,0.101067
B_impress_1000,181707205_1,418,0.004111,0.004101,0.101061
B_impress_1000,181707205_1,419,0.004111,0.004101,0.101055
B_impress_1000,181707205_1,420,0.004111,0.004101,0.101049
B_impress_1000,181707205_1,421,0.004111,0.004101,0.101043
B_impress_1000,181707205_1,422,0.004107,0.004097,0.101037
B_impress_1000,181707205_1,423,0.004107,0.004097,0.101031
B_impress_1000,181707205_1,424,0.004107,0.004097,0.101025
B_impress_1000,181707205_1,425,0.004107,0.004097,0.101020
B_impress_1000,181707205_1,426,0.004107,0.004097,0.101014
B_impress_1000,181707205_1,427,0.004107,0.004097,0.101008
B_impress_1000,181707205_1,428,0.004103,0.004093,0.101002
B_impress_1000,181707205_1,429,0.004103,0.004093,0.100997
B_impress_1000,181707205_1,430,0.004099,0.004089,0.100991
B_impress_1000,181707205_1,431,0.004103,0.004093,0.100986
B_impress_1000,181707205_1,432,0.004099,0.004089,0.100980
B_impress_1000,181707205_1,433,0.004099,0.004089,0.100975
B_impress_1000,181707205_1,434,0.004099,0.004089,0.100970
B_impress_1000,181707205_1,435,0.004099,0.004089,0.100964
B_impress_1000,181707205_1,436,0.004099,0.004089,0.100959
B_impress_1000,181707205_1,437,0.004095,0.004086,0.100954
B_impress_1000,181707205_1,438,0.004095,0.004086,0.100948
B_impress_1000,181707205_1,439,0.004095,0.004086,0.100943
B_impress_1000,181707205_1,440,0.004095,0.004086,0.100938
B_impress_1000,181707205_1,441,0.004095,0.004086,0.100933
B_impress_1000,181707205_1,442,0.004095,0.004086,0.100928
B_impress_1000,181707205_1,443,0.004091,0.004082,0.100923
B_impress_1000,181707205_1,444,0.004091,0.004082,0.100918
B_impress_1000,181707205_1,445,0.004091,0.004082,0.100913
B_impress_1000,181707205_1,446,0.004091,0.004082,0.100909
B_impress_1000,181707205_1,447,0.004091,0.004082,0.100904
B_impress_1000,181707205_1,448,0.004087,0.004078,0.100899
B_impress_1000,181707205_1,449,0.004087,0.004078,0.100895
B_impress_1000,181707205_1,450,0.004087,0.004078,0.100890
B_impress_1000,181707205_1,451,0.004087,0.004078,0.100886
B_impress_1000,181707205_1,452,0.004087,0.004078,0.100881
B_impress_1000,181707205_1,453,0.004083,0.004074,0.100877
B_impress_1000,181707205_1,454,0.004083,0.004074,0.100872
B_impress_1000,181707205_1,455,0.004083,0.004074,0.100868
B_impress_1000,181707205_1,456,0.004083,0.004074,0.100864
B_impress_1000,181707205_1,457,0.004083,0.004074,0.100859
B_impress_1000,181707205_1,458,0.004079,0.004070,0.100855
B_impress_1000,181707205_1,459,0.004079,0.004070,0.100851
B_impress_1000,181707205_1,460,0.004079,0.004070,0.100847
B_impress_1000,181707205_1,461,0.004079,0.004070,0.100842
B_impress_1000,181707205_1,462,0.004079,0.004070,0.100838
B_impress_1000,181707205_1,463,0.004079,0.004070,0.100834
B_impress_1000,181707205_1,464,0.004079,0.004070,0.100830
B_impress_1000,181707205_1,465,0.004075,0.004066,0.100826
B_impress_1000,181707205_1,466,0.004075,0.004066,0.100822
B_impress_1000,181707205_1,467,0.004075,0.004066,0.100818
B_impress_1000,181707205_1,468,0.004075,0.004066,0.100814
B_impress_1000,181707205_1,469,0.004075,0.004066,0.100810
B_impress_1000,181707205_1,470,0.004075,0.004066,0.100806
B_impress_1000,181707205_1,471,0.004074,0.004066,0.100802
B_impress_1000,181707205_1,472,0.004074,0.004066,0.100798
B_impress_1000,181707205_1,473,0.004074,0.004066,0.100795
B_impress_1000,181707205_1,474,0.004071,0.004063,0.100791
B_impress_1000,181707205_1,475,0.004071,0.004063,0.100787
B_impress_1000,181707205_1,476,0.004070,0.004063,0.100783
B_impress_1000,181707205_1,477,0.004070,0.004063,0.100780
B_impress_1000,181707205_1,478,0.004067,0.004059,0.100776
B_impress_1000,181707205_1,479,0.004067,0.004059,0.100772
B_impress_1000,181707205_1,480,0.004067,0.004059,0.100769
B_impress_1000,181707205_1,481,0.004066,0.004059,0.100765
B_impress_1000,181707205_1,482,0.004066,0.004059,0.100761
B_impress_1000,181707205_1,483,0.004063,0.004055,0.100758
B_impress_1000,181707205_1,484,0.004066,0.004059,0.100754
B_impress_1000,181707205_1,485,0.004066,0.004059,0.100751
B_impress_1000,181707205_1,486,0.004062,0.004055,0.100747
B_impress_1000,181707205_1,487,0.004062,0.004055,0.100744
B_impress_1000,181707205_1,488,0.004062,0.004055,0.100740
B_impress_1000,181707205_1,489,0.004062,0.004055,0.100737
B_impress_1000,181707205_1,490,0.004062,0.004055,0.100733
B_impress_1000,181707205_1,491,0.004059,0.004051,0.100730
B_impress_1000,181707205_1,492,0.004058,0.004051,0.100726
B_impress_1000,181707205_1,493,0.004058,0.004051,0.100723
B_impress_1000,181707205_1,494,0.004058,0.004051,0.100720
B_impress_1000,181707205_1,495,0.004058,0.004051,0.100718
B_impress_1000,181707205_1,496,0.004058,0.004051,0.100715
B_impress_1000,181707205_1,497,0.004058,0.004051,0.100713
B_impress_1000,181707205_1,498,0.004058,0.004051,0.100711
B_impress_1000,181707205_1,499,0.004054,0.004047,0.100709
B_impress_1000,181707205_1,500,0.004054,0.004047,0.100707
B_impress_1000,181707205_1,501,0.004054,0.004047,0.100706
B_impress_1000,181707205_1,502,0.004054,0.004047,0.100704
B_impress_1000,181707205_1,503,0.004054,0.004047,0.100702
B_impress_1000,181707205_1,504,0.004054,0.004047,0.100700
B_impress_1000,181707205_1,505,0.004054,0.004047,0.100698
B_impress_1000,181707205_1,506,0.004054,0.004047,0.100696
B_impress_1000,181707205_1,507,0.004054,0.004047,0.100695
B_impress_1000,181707205_1,508,0.004054,0.004047,0.100693
B_impress_1000,181707205_1,509,0.004054,0.004047,0.100691
B_impress_1000,181707205_1,510,0.004050,0.004044,0.100690
B_impress_1000,181707205_1,511,0.004050,0.004044,0.100688
B_impress_1000,181707205_1,512,0.004050,0.004044,0.100687
B_impress_1000,181707205_1,513,0.004050,0.004044,0.100685
B_impress_1000,181707205_1,514,0.004050,0.004044,0.100684
B_impress_1000,181707205_1,515,0.004050,0.004044,0.100682
B_impress_1000,181707205_1,516,0.004050,0.004044,0.100681
B_impress_1000,181707205_1,517,0.004047,0.004040,0.100679
B_impress_1000,181707205_1,518,0.004047,0.004040,0.100678
B_impress_1000,181707205_1,519,0.004050,0.004044,0.100677
B_impress_1000,181707205_1,520,0.004047,0.004040,0.100675
B_impress_1000,181707205_1,521,0.004047,0.004040,0.100674
B_impress_1000,181707205_1,522,0.004050,0.004044,0.100672
B_impress_1000,181707205_1,523,0.004046,0.004040,0.100671
B_impress_1000,181707205_1,524,0.004046,0.004040,0.100670
B_impress_1000,181707205_1,525,0.004046,0.004040,0.100669
B_impress_1000,181707205_1,526,0.004046,0.004040,0.100667
B_impress_1000,181707205_1,527,0.004046,0.004040,0.100666
B_impress_1000,181707205_1,528,0.004043,0.004036,0.100665
B_impress_1000,181707205_1,529,0.004043,0.004036,0.100664
B_impress_1000,181707205_1,530,0.004046,0.004040,0.100663
B_impress_1000,181707205_1,531,0.004046,0.004040,0.100661
B_impress_1000,181707205_1,532,0.004046,0.004040,0.100660
B_impress_1000,181707205_1,533,0.004043,0.004036,0.100659
B_impress_1000,181707205_1,534,0.004043,0.004036,0.100658
B_impress_1000,181707205_1,535,0.004043,0.004036,0.100657
B_impress_1000,181707205_1,536,0.004043,0.004036,0.100655
B_impress_1000,181707205_1,537,0.004039,0.004032,0.100654
B_impress_1000,181707205_1,538,0.004042,0.004036,0.100653
B_impress_1000,181707205_1,539,0.004042,0.004036,0.100652
B_impress_1000,181707205_1,540,0.004042,0.004036,0.100651
B_impress_1000,181707205_1,541,0.004039,0.004032,0.100650
B_impress_1000,181707205_1,542,0.004039,0.004032,0.100649
B_impress_1000,181707205_1,543,0.004039,0.004032,0.100648
B_impress_1000,181707205_1,544,0.004039,0.004032,0.100647
B_impress_1000,181707205_1,545,0.004039,0.004032,0.100645
B_impress_1000,181707205_1,546,0.004039,0.004032,0.100644
B_impress_1000,181707205_1,547,0.004039,0.004032,0.100643
B_impress_1000,181707205_1,548,0.004039,0.004032,0.100642
B_impress_1000,181707205_1,549,0.004039,0.004032,0.100641
B_impress_1000,181707205_1,550,0.004039,0.004032,0.100640
B_impress_1000,181707205_1,551,0.004039,0.004032,0.100639
B_impress_1000,181707205_1,552,0.004039,0.004032,0.100638
B_impress_1000,181707205_1,553,0.004039,0.004032,0.100637
B_impress_1000,181707205_1,554,0.004039,0.004032,0.100637
B_impress_1000,181707205_1,555,0.004038,0.004032,0.100636
B_impress_1000,181707205_1,556,0.004035,0.004028,0.100635
B_impress_1000,181707205_1,557,0.004035,0.004028,0.100634
B_impress_1000,181707205_1,558,0.004035,0.004028,0.100633
B_impress_1000,181707205_1,559,0.004035,0.004028,0.100632
B_impress_1000,181707205_1,560,0.004035,0.004028,0.100631
B_impress_1000,181707205_1,561,0.004035,0.004028,0.100631
B_impress_1000,181707205_1,562,0.004035,0.004028,0.100630
B_impress_1000,181707205_1,563,0.004035,0.004028,0.100629
B_impress_1000,181707205_1,564,0.004035,0.004028,0.100628
B_impress_1000,181707205_1,565,0.004035,0.004028,0.100627
B_impress_1000,181707205_1,566,0.004035,0.004028,0.100627
B_impress_1000,181707205_1,567,0.004035,0.004028,0.100626
B_impress_1000,181707205_1,568,0.004035,0.004028,0.100625
B_impress_1000,181707205_1,569,0.004035,0.004028,0.100625
B_impress_1000,181707205_1,570,0.004031,0.004025,0.100624
B_impress_1000,181707205_1,571,0.004031,0.004025,0.100623
B_impress_1000,181707205_1,572,0.004035,0.004028,0.100623
B_impress_1000,181707205_1,573,0.004035,0.004028,0.100622
B_impress_1000,181707205_1,574,0.004031,0.004025,0.100621
B_impress_1000,181707205_1,575,0.004035,0.004028,0.100621
B_impress_1000,181707205_1,576,0.004035,0.004028,0.100620
B_impress_1000,181707205_1,577,0.004035,0.004028,0.100620
B_impress_1000,181707205_1,578,0.004031,0.004025,0.100619
B_impress_1000,181707205_1,579,0.004031,0.004025,0.100619
B_impress_1000,181707205_1,580,0.004035,0.004028,0.100618
B_impress_1000,181707205_1,581,0.004031,0.004025,0.100618
B_impress_1000,181707205_1,582,0.004031,0.004025,0.100617
B_impress_1000,181707205_1,583,0.004031,0.004025,0.100617
B_impress_1000,181707205_1,584,0.004031,0.004025,0.100616
B_impress_1000,181707205_1,585,0.004034,0.004028,0.100616
B_impress_1000,181707205_1,586,0.004031,0.004025,0.100615
B_impress_1000,181707205_1,587,0.004031,0.004025,0.100615
B_impress_1000,181707205_1,588,0.004031,0.004025,0.100614
B_impress_1000,181707205_1,589,0.004027,0.004021,0.100614
B_impress_1000,181707205_1,590,0.004031,0.004025,0.100613
B_impress_1000,181707205_1,591,0.004031,0.004025,0.100613
B_impress_1000,181707205_1,592,0.004027,0.004021,0.100613
B_impress_1000,181707205_1,593,0.004031,0.004025,0.100612
B_impress_1000,181707205_1,594,0.004031,0.004025,0.100612
B_impress_1000,181707205_1,595,0.004027,0.004021,0.100612
B_impress_1000,181707205_1,596,0.004027,0.004021,0.100611
B_impress_1000,181707205_1,597,0.004027,0.004021,0.100611
B_impress_1000,181707205_1,598,0.004027,0.004021,0.100611
B_impress_1000,181707205_1,599,0.004027,0.004021,0.100610
B_impress_1000,181707205_1,600,0.004027,0.004021,0.100610
B_impress_1000,181707205_1,601,0.004027,0.004021,0.100610
B_impress_1000,181707205_1,602,0.004027,0.004021,0.100609
B_impress_1000,181707205_1,603,0.004027,0.004021,0.100609
B_impress_1000,181707205_1,604,0.004027,0.004021,0.100609
B_impress_1000,181707205_1,605,0.004027,0.004021,0.100608
B_impress_1000,181707205_1,606,0.004027,0.004021,0.100608
B_impress_1000,181707205_1,607,0.004027,0.004021,0.100608
B_impress_1000,181707205_1,608,0.004027,0.004021,0.100608
B_impress_1000,181707205_1,609,0.004027,0.004021,0.100608
B_impress_1000,181707205_1,610,0.004027,0.004021,0.100608
B_impress_1000,181707205_1,611,0.004027,0.004021,0.100608
B_impress_1000,181707205_1,612,0.004027,0.004021,0.100607
B_impress_1000,181707205_1,613,0.004027,0.004021,0.100607
B_impress_1000,181707205_1,614,0.004027,0.004021,0.100607
B_impress_1000,181707205_1,615,0.004027,0.004021,0.100607
B_impress_1000,181707205_1,616,0.004027,0.004021,0.100607
B_impress_1000,181707205_1,617,0.004027,0.004021,0.100607
B_impress_1000,181707205_1,618,0.004027,0.004021,0.100607
B_impress_1000,181707205_1,619,0.004027,0.004021,0.100607
B_impress_1000,181707205_1,620,0.004023,0.004017,0.100607
B_impress_1000,181707205_1,621,0.004023,0.004017,0.100607
B_impress_1000,181707205_1,622,0.004023,0.004017,0.100607
B_impress_1000,181707205_1,623,0.004027,0.004021,0.100607
B_impress_1000,181707205_1,624,0.004023,0.004017,0.100607
B_impress_1000,181707205_1,625,0.004023,0.004017,0.100607
B_impress_1000,181707205_1,626,0.004023,0.004017,0.100607
B_impress_1000,181707205_1,627,0.004023,0.004017,0.100607
B_impress_1000,181707205_1,628,0.004027,0.004021,0.100607
B_impress_1000,181707205_1,629,0.004023,0.004017,0.100607
B_impress_1000,181707205_1,630,0.004023,0.004017,0.100607
B_impress_1000,181707205_1,631,0.004023,0.004017,0.100607
B_impress_1000,181707205_1,632,0.004023,0.004017,0.100606
B_impress_1000,181707205_1,633,0.004023,0.004017,0.100606
B_impress_1000,181707205_1,634,0.004023,0.004017,0.100606
B_impress_1000,181707205_1,635,0.004023,0.004017,0.100606
B_impress_1000,181707205_1,636,0.004023,0.004017,0.100606
B_impress_1000,181707205_1,637,0.004023,0.004017,0.100607
B_impress_1000,181707205_1,638,0.004023,0.004017,0.100607
B_impress_1000,181707205_1,639,0.004023,0.004017,0.100607
B_impress_1000,181707205_1,640,0.004023,0.004017,0.100607
B_impress_1000,181707205_1,641,0.004023,0.004017,0.100607
B_impress_1000,181707205_1,642,0.004023,0.004017,0.100607
B_impress_1000,181707205_1,643,0.004023,0.004017,0.100607
B_impress_1000,181707205_1,644,0.004023,0.004017,0.100607
B_impress_1000,181707205_1,645,0.004023,0.004017,0.100607
B_impress_1000,181707205_1,646,0.004023,0.004017,0.100607
B_impress_1000,181707205_1,647,0.004019,0.004013,0.100607
B_impress_1000,181707205_1,648,0.004023,0.004017,0.100607
B_impress_1000,181707205_1,649,0.004019,0.004013,0.100607
B_impress_1000,181707205_1,650,0.004023,0.004017,0.100607
B_impress_1000,181707205_1,651,0.004023,0.004017,0.100607
B_impress_1000,181707205_1,652,0.004023,0.004017,0.100607
B_impress_1000,181707205_1,653,0.004023,0.004017,0.100607
B_impress_1000,181707205_1,654,0.004019,0.004013,0.100608
B_impress_1000,181707205_1,655,0.004023,0.004017,0.100608
B_impress_1000,181707205_1,656,0.004023,0.004017,0.100608
B_impress_1000,181707205_1,657,0.004019,0.004013,0.100608
B_impress_1000,181707205_1,658,0.004023,0.004017,0.100608
B_impress_1000,181707205_1,659,0.004023,0.004017,0.100608
B_impress_1000,181707205_1,660,0.004019,0.004013,0.100608
B_impress_1000,181707205_1,661,0.004019,0.004013,0.100608
B_impress_1000,181707205_1,662,0.004019,0.004013,0.100609
B_impress_1000,181707205_1,663,0.004023,0.004017,0.100609
B_impress_1000,181707205_1,664,0.004019,0.004013,0.100609
B_impress_1000,181707205_1,665,0.004023,0.004017,0.100609
B_impress_1000,181707205_1,666,0.004019,0.004013,0.100609
B_impress_1000,181707205_1,667,0.004019,0.004013,0.100609
B_impress_1000,181707205_1,668,0.004019,0.004013,0.100609
B_impress_1000,181707205_1,669,0.004019,0.004013,0.100609
B_impress_1000,181707205_1,670,0.004019,0.004013,0.100609
B_impress_1000,181707205_1,671,0.004019,0.004013,0.100609
B_impress_1000,181707205_1,672,0.004019,0.004013,0.100609
B_impress_1000,181707205_1,673,0.004019,0.004013,0.100609
B_impress_1000,181707205_1,674,0.004019,0.004013,0.100609
B_impress_1000,181707205_1,675,0.004019,0.004013,0.100609
B_impress_1000,181707205_1,676,0.004019,0.004013,0.100609
B_impress_1000,181707205_1,677,0.004019,0.004013,0.100609
B_impress_1000,181707205_1,678,0.004019,0.004013,0.100609
B_impress_1000,181707205_1,679,0.004019,0.004013,0.100609
B_impress_1000,181707205_1,680,0.004019,0.004013,0.100609
B_impress_1000,181707205_1,681,0.004019,0.004013,0.100609
B_impress_1000,181707205_1,682,0.004019,0.004013,0.100609
B_impress_1000,181707205_1,683,0.004019,0.004013,0.100609
B_impress_1000,181707205_1,684,0.004019,0.004013,0.100609
B_impress_1000,181707205_1,685,0.004019,0.004013,0.100609
B_impress_1000,181707205_1,686,0.004019,0.004013,0.100609
B_impress_1000,181707205_1,687,0.004019,0.004013,0.100609
B_impress_1000,181707205_1,688,0.004019,0.004013,0.100609
B_impress_1000,181707205_1,689,0.004019,0.004013,0.100609
B_impress_1000,181707205_1,690,0.004019,0.004013,0.100609
B_impress_1000,181707205_1,691,0.004019,0.004013,0.100609
B_impress_1000,181707205_1,692,0.004019,0.004013,0.100609
B_impress_1000,181707205_1,693,0.004019,0.004013,0.100609
B_impress_1000,181707205_1,694,0.004019,0.004013,0.100609
B_impress_1000,181707205_1,695,0.004019,0.004013,0.100609
B_impress_1000,181707205_1,696,0.004019,0.004013,0.100609
B_impress_1000,181707205_1,697,0.004019,0.004013,0.100609
B_impress_1000,181707205_1,698,0.004019,0.004013,0.100609
B_impress_1000,181707205_1,699,0.004019,0.004013,0.100609
B_impress_1000,181707205_1,700,0.004019,0.004013,0.100609
B_impress_1000,181707205_1,701,0.004019,0.004013,0.100609
B_impress_1000,181707205_1,702,0.004019,0.004013,0.100609
B_impress_1000,181707205_1,703,0.004019,0.004013,0.100609
B_impress_1000,181707205_1,704,0.004019,0.004013,0.100609
B_impress_1000,181707205_1,705,0.004019,0.004013,0.100609
B_impress_1000,181707205_1,706,0.004019,0.004013,0.100609
B_impress_1000,181707205_1,707,0.004019,0.004013,0.100609
B_impress_1000,181707205_1,708,0.004019,0.004013,0.100610
B_impress_1000,181707205_1,709,0.004019,0.004013,0.100610
B_impress_1000,181707205_1,710,0.004019,0.004013,0.100610
B_impress_1000,181707205_1,711,0.004019,0.004013,0.100610
B_impress_1000,181707205_1,712,0.004019,0.004013,0.100610
B_impress_1000,181707205_1,713,0.004019,0.004013,0.100610
B_impress_1000,181707205_1,714,0.004019,0.004013,0.100610
B_impress_1000,181707205_1,715,0.004019,0.004013,0.100610
B_impress_1000,181707205_1,716,0.004019,0.004013,0.100610
B_impress_1000,181707205_1,717,0.004019,0.004013,0.100610
B_impress_1000,181707205_1,718,0.004019,0.004013,0.100610
B_impress_1000,181707205_1,719,0.004019,0.004013,0.100610
B_impress_1000,181707205_1,720,0.004019,0.004013,0.100610
B_impress_1000,181707205_1,721,0.004019,0.004013,0.100610
B_impress_1000,181707205_1,722,0.004015,0.004009,0.100610
B_impress_1000,181707205_1,723,0.004019,0.004013,0.100610
B_impress_1000,181707205_1,724,0.004019,0.004013,0.100610
B_impress_1000,181707205_1,725,0.004019,0.004013,0.100610
B_impress_1000,181707205_1,726,0.004019,0.004013,0.100610
B_impress_1000,181707205_1,727,0.004019,0.004013,0.100610
B_impress_1000,181707205_1,728,0.004019,0.004013,0.100610
B_impress_1000,181707205_1,729,0.004019,0.004013,0.100610
B_impress_1000,181707205_1,730,0.004019,0.004013,0.100610
B_impress_1000,181707205_1,731,0.004019,0.004013,0.100611
B_impress_1000,181707205_1,732,0.004019,0.004013,0.100611
B_impress_1000,181707205_1,733,0.004019,0.004013,0.100611
B_impress_1000,181707205_1,734,0.004019,0.004013,0.100611
B_impress_1000,181707205_1,735,0.004015,0.004009,0.100611
B_impress_1000,181707205_1,736,0.004019,0.004013,0.100611
B_impress_1000,181707205_1,737,0.004019,0.004013,0.100611
B_impress_1000,181707205_1,738,0.004019,0.004013,0.100611
B_impress_1000,181707205_1,739,0.004015,0.004009,0.100611
B_impress_1000,181707205_1,740,0.004019,0.004013,0.100611
B_impress_1000,181707205_1,741,0.004015,0.004009,0.100611
B_impress_1000,181707205_1,742,0.004019,0.004013,0.100611
B_impress_1000,181707205_1,743,0.004019,0.004013,0.100611
B_impress_1000,181707205_1,744,0.004019,0.004013,0.100612
B_impress_1000,181707205_1,745,0.004019,0.004013,0.100612
B_impress_1000,181707205_1,746,0.004019,0.004013,0.100612
B_impress_1000,181707205_1,747,0.004019,0.004013,0.100612
B_impress_1000,181707205_1,748,0.004015,0.004009,0.100612
B_impress_1000,181707205_1,749,0.004015,0.004009,0.100612
B_impress_1000,181707205_1,750,0.004015,0.004009,0.100612
B_impress_1000,181707205_1,751,0.004015,0.004009,0.100612
B_impress_1000,181707205_1,752,0.004019,0.004013,0.100612
B_impress_1000,181707205_1,753,0.004015,0.004009,0.100612
B_impress_1000,181707205_1,754,0.004019,0.004013,0.100612
B_impress_1000,181707205_1,755,0.004015,0.004009,0.100613
B_impress_1000,181707205_1,756,0.004019,0.004013,0.100613
B_impress_1000,181707205_1,757,0.004015,0.004009,0.100613
B_impress_1000,181707205_1,758,0.004015,0.004009,0.100613
B_impress_1000,181707205_1,759,0.004015,0.004009,0.100613
B_impress_1000,181707205_1,760,0.004015,0.004009,0.100613
B_impress_1000,181707205_1,761,0.004015,0.004009,0.100613
B_impress_1000,181707205_1,762,0.004015,0.004009,0.100613
B_impress_1000,181707205_1,763,0.004015,0.004009,0.100613
B_impress_1000,181707205_1,764,0.004015,0.004009,0.100613
B_impress_1000,181707205_1,765,0.004015,0.004009,0.100613
B_impress_1000,181707205_1,766,0.004019,0.004013,0.100613
B_impress_1000,181707205_1,767,0.004019,0.004013,0.100614
B_impress_1000,181707205_1,768,0.004015,0.004009,0.100614
B_impress_1000,181707205_1,769,0.004019,0.004013,0.100614
B_impress_1000,181707205_1,770,0.004015,0.004009,0.100614
B_impress_1000,181707205_1,771,0.004015,0.004009,0.100614
B_impress_1000,181707205_1,772,0.004015,0.004009,0.100614
B_impress_1000,181707205_1,773,0.004015,0.004009,0.100614
B_impress_1000,181707205_1,774,0.004019,0.004013,0.100614
B_impress_1000,181707205_1,775,0.004015,0.004009,0.100614
B_impress_1000,181707205_1,776,0.004019,0.004013,0.100614
B_impress_1000,181707205_1,777,0.004015,0.004009,0.100614
B_impress_1000,181707205_1,778,0.004015,0.004009,0.100614
B_impress_1000,181707205_1,779,0.004015,0.004009,0.100614
B_impress_1000,181707205_1,780,0.004019,0.004013,0.100614
B_impress_1000,181707205_1,781,0.004015,0.004009,0.100614
B_impress_1000,181707205_1,782,0.004019,0.004013,0.100614
B_impress_1000,181707205_1,783,0.004015,0.004009,0.100614
B_impress_1000,181707205_1,784,0.004015,0.004009,0.100615
B_impress_1000,181707205_1,785,0.004015,0.004009,0.100615
B_impress_1000,181707205_1,786,0.004015,0.004009,0.100615
B_impress_1000,181707205_1,787,0.004015,0.004009,0.100615
B_impress_1000,181707205_1,788,0.004019,0.004013,0.100615
B_impress_1000,181707205_1,789,0.004015,0.004009,0.100615
B_impress_1000,181707205_1,790,0.004015,0.004009,0.100615
B_impress_1000,181707205_1,791,0.004015,0.004009,0.100615
B_impress_1000,181707205_1,792,0.004015,0.004009,0.100615
B_impress_1000,181707205_1,793,0.004015,0.004009,0.100615
B_impress_1000,181707205_1,794,0.004015,0.004009,0.100615
B_impress_1000,181707205_1,795,0.004019,0.004013,0.100615
B_impress_1000,181707205_1,796,0.004015,0.004009,0.100615
B_impress_1000,181707205_1,797,0.004015,0.004009,0.100615
B_impress_1000,181707205_1,798,0.004015,0.004009,0.100615
B_impress_1000,181707205_1,799,0.004015,0.004009,0.100615
B_impress_1000,181707205_1,800,0.004015,0.004009,0.100615
B_impress_1000,181707205_1,801,0.004015,0.004009,0.100615
B_impress_1000,181707205_1,802,0.004015,0.004009,0.100615
B_impress_1000,181707205_1,803,0.004015,0.004009,0.100616
B_impress_1000,181707205_1,804,0.004015,0.004009,0.100616
B_impress_1000,181707205_1,805,0.004015,0.004009,0.100616
B_impress_1000,181707205_1,806,0.004015,0.004009,0.100616
B_impress_1000,181707205_1,807,0.004015,0.004009,0.100616
B_impress_1000,181707205_1,808,0.004015,0.004009,0.100616
B_impress_1000,181707205_1,809,0.004015,0.004009,0.100616
B_impress_1000,181707205_1,810,0.004015,0.004009,0.100616
B_impress_1000,181707205_1,811,0.004015,0.004009,0.100616
B_impress_1000,181707205_1,812,0.004015,0.004009,0.100616
B_impress_1000,181707205_1,813,0.004015,0.004009,0.100616
B_impress_1000,181707205_1,814,0.004015,0.004009,0.100616
B_impress_1000,181707205_1,815,0.004015,0.004009,0.100616
B_impress_1000,181707205_1,816,0.004015,0.004009,0.100616
B_impress_1000,181707205_1,817,0.004015,0.004009,0.100616
B_impress_1000,181707205_1,818,0.004015,0.004009,0.100616
B_impress_1000,181707205_1,819,0.004015,0.004009,0.100616
B_impress_1000,181707205_1,820,0.004015,0.004009,0.100616
B_impress_1000,181707205_1,821,0.004015,0.004009,0.100616
B_impress_1000,181707205_1,822,0.004015,0.004009,0.100616
B_impress_1000,181707205_1,823,0.004015,0.004009,0.100616
B_impress_1000,181707205_1,824,0.004015,0.004009,0.100616
B_impress_1000,181707205_1,825,0.004015,0.004009,0.100617
B_impress_1000,181707205_1,826,0.004015,0.004009,0.100617
B_impress_1000,181707205_1,827,0.004015,0.004009,0.100617
B_impress_1000,181707205_1,828,0.004015,0.004009,0.100617
B_impress_1000,181707205_1,829,0.004015,0.004009,0.100617
B_impress_1000,181707205_1,830,0.004015,0.004009,0.100617
B_impress_1000,181707205_1,831,0.004015,0.004009,0.100617
B_impress_1000,181707205_1,832,0.004015,0.004009,0.100617
B_impress_1000,181707205_1,833,0.004015,0.004009,0.100617
B_impress_1000,181707205_1,834,0.004015,0.004009,0.100617
B_impress_1000,181707205_1,835,0.004015,0.004009,0.100617
B_impress_1000,181707205_1,836,0.004015,0.004009,0.100617
B_impress_1000,181707205_1,837,0.004015,0.004009,0.100617
B_impress_1000,181707205_1,838,0.004015,0.004009,0.100617
B_impress_1000,181707205_1,839,0.004015,0.004009,0.100617
B_impress_1000,181707205_1,840,0.004015,0.004009,0.100617
B_impress_1000,181707205_1,841,0.004015,0.004009,0.100617
B_impress_1000,181707205_1,842,0.004015,0.004009,0.100617
B_impress_1000,181707205_1,843,0.004015,0.004009,0.100617
B_impress_1000,181707205_1,844,0.004015,0.004009,0.100617
B_impress_1000,181707205_1,845,0.004015,0.004009,0.100617
B_impress_1000,181707205_1,846,0.004015,0.004009,0.100617
B_impress_1000,181707205_1,847,0.004015,0.004009,0.100617
B_impress_1000,181707205_1,848,0.004015,0.004009,0.100617
B_impress_1000,181707205_1,849,0.004015,0.004009,0.100617
B_impress_1000,181707205_1,850,0.004015,0.004009,0.100617
B_impress_1000,181707205_1,851,0.004015,0.004009,0.100617
B_impress_1000,181707205_1,852,0.004015,0.004009,0.100617
B_impress_1000,181707205_1,853,0.004015,0.004009,0.100617
B_impress_1000,181707205_1,854,0.004015,0.004009,0.100617
B_impress_1000,181707205_1,855,0.004015,0.004009,0.100617
B_impress_1000,181707205_1,856,0.004015,0.004009,0.100617
B_impress_1000,181707205_1,857,0.004015,0.004009,0.100618
B_impress_1000,181707205_1,858,0.004015,0.004009,0.100618
B_impress_1000,181707205_1,859,0.004015,0.004009,0.100618
B_impress_1000,181707205_1,860,0.004015,0.004009,0.100618
B_impress_1000,181707205_1,861,0.004015,0.004009,0.100618
B_impress_1000,181707205_1,862,0.004015,0.004009,0.100618
B_impress_1000,181707205_1,863,0.004019,0.004013,0.100618
B_impress_1000,181707205_1,864,0.004015,0.004009,0.100618
B_impress_1000,181707205_1,865,0.004015,0.004009,0.100618
B_impress_1000,181707205_1,866,0.004015,0.004009,0.100618
B_impress_1000,181707205_1,867,0.004015,0.004009,0.100618
B_impress_1000,181707205_1,868,0.004015,0.004009,0.100618
B_impress_1000,181707205_1,869,0.004015,0.004009,0.100618
B_impress_1000,181707205_1,870,0.004015,0.004009,0.100618
B_impress_1000,181707205_1,871,0.004015,0.004009,0.100618
B_impress_1000,181707205_1,872,0.004015,0.004009,0.100618
B_impress_1000,181707205_1,873,0.004015,0.004009,0.100618
B_impress_1000,181707205_1,874,0.004015,0.004009,0.100618
B_impress_1000,181707205_1,875,0.004015,0.004009,0.100618
B_impress_1000,181707205_1,876,0.004015,0.004009,0.100618
B_impress_1000,181707205_1,877,0.004015,0.004009,0.100618
B_impress_1000,181707205_1,878,0.004015,0.004009,0.100618
B_impress_1000,181707205_1,879,0.004015,0.004009,0.100618
B_impress_1000,181707205_1,880,0.004015,0.004009,0.100618
B_impress_1000,181707205_1,881,0.004015,0.004009,0.100618
B_impress_1000,181707205_1,882,0.004015,0.004009,0.100618
B_impress_1000,181707205_1,883,0.004015,0.004009,0.100618
B_impress_1000,181707205_1,884,0.004015,0.004009,0.100618
B_impress_1000,181707205_1,885,0.004015,0.004009,0.100618
B_impress_1000,181707205_1,886,0.004015,0.004009,0.100618
B_impress_1000,181707205_1,887,0.004015,0.004009,0.100618
B_impress_1000,181707205_1,888,0.004015,0.004009,0.100618
B_impress_1000,181707205_1,889,0.004015,0.004009,0.100618
B_impress_1000,181707205_1,890,0.004015,0.004009,0.100618
B_impress_1000,181707205_1,891,0.004015,0.004009,0.100618
B_impress_1000,181707205_1,892,0.004015,0.004009,0.100618
B_impress_1000,181707205_1,893,0.004015,0.004009,0.100618
B_impress_1000,181707205_1,894,0.004015,0.004009,0.100618
B_impress_1000,181707205_1,895,0.004015,0.004009,0.100618
B_impress_1000,181707205_1,896,0.004015,0.004009,0.100618
B_impress_1000,181707205_1,897,0.004012,0.004005,0.100618
B_impress_1000,181707205_1,898,0.004015,0.004009,0.100618
B_impress_1000,181707205_1,899,0.004015,0.004009,0.100618
B_impress_1000,181707205_1,900,0.004015,0.004009,0.100618
B_impress_1000,181707205_1,901,0.004012,0.004005,0.100618
B_impress_1000,181707205_1,902,0.004015,0.004009,0.100618
B_impress_1000,181707205_1,903,0.004015,0.004009,0.100618
B_impress_1000,181707205_1,904,0.004015,0.004009,0.100618
B_impress_1000,181707205_1,905,0.004012,0.004005,0.100618
B_impress_1000,181707205_1,906,0.004015,0.004009,0.100618
B_impress_1000,181707205_1,907,0.004015,0.004009,0.100618
B_impress_1000,181707205_1,908,0.004015,0.004009,0.100618
B_impress_1000,181707205_1,909,0.004015,0.004009,0.100618
B_impress_1000,181707205_1,910,0.004015,0.004009,0.100618
B_impress_1000,181707205_1,911,0.004012,0.004005,0.100618
B_impress_1000,181707205_1,912,0.004015,0.004009,0.100618
B_impress_1000,181707205_1,913,0.004012,0.004005,0.100618
B_impress_1000,181707205_1,914,0.004015,0.004009,0.100618
B_impress_1000,181707205_1,915,0.004015,0.004009,0.100618
B_impress_1000,181707205_1,916,0.004015,0.004009,0.100618
B_impress_1000,181707205_1,917,0.004015,0.004009,0.100618
B_impress_1000,181707205_1,918,0.004015,0.004009,0.100618
B_impress_1000,181707205_1,919,0.004012,0.004005,0.100618
B_impress_1000,181707205_1,920,0.004015,0.004009,0.100618
B_impress_1000,181707205_1,921,0.004015,0.004009,0.100618
B_impress_1000,181707205_1,922,0.004015,0.004009,0.100618
B_impress_1000,181707205_1,923,0.004015,0.004009,0.100618
B_impress_1000,181707205_1,924,0.004015,0.004009,0.100618
B_impress_1000,181707205_1,925,0.004015,0.004009,0.100618
B_impress_1000,181707205_1,926,0.004015,0.004009,0.100618
B_impress_1000,181707205_1,927,0.004015,0.004009,0.100618
B_impress_1000,181707205_1,928,0.004015,0.004009,0.100618
B_impress_1000,181707205_1,929,0.004012,0.004005,0.100618
B_impress_1000,181707205_1,930,0.004015,0.004009,0.100618
B_impress_1000,181707205_1,931,0.004015,0.004009,0.100618
B_impress_1000,181707205_1,932,0.004015,0.004009,0.100618
B_impress_1000,181707205_1,933,0.004015,0.004009,0.100618
B_impress_1000,181707205_1,934,0.004015,0.004009,0.100618
B_impress_1000,181707205_1,935,0.004015,0.004009,0.100618
B_impress_1000,181707205_1,936,0.004015,0.004009,0.100618
B_impress_1000,181707205_1,937,0.004012,0.004005,0.100618
B_impress_1000,181707205_1,938,0.004015,0.004009,0.100618
B_impress_1000,181707205_1,939,0.004015,0.004009,0.100618
B_impress_1000,181707205_1,940,0.004015,0.004009,0.100618
B_impress_1000,181707205_1,941,0.004015,0.004009,0.100618
B_impress_1000,181707205_1,942,0.004015,0.004009,0.100618
B_impress_1000,181707205_1,943,0.004015,0.004009,0.100618
B_impress_1000,181707205_1,944,0.004015,0.004009,0.100618
B_impress_1000,181707205_1,945,0.004015,0.004009,0.100618
B_impress_1000,181707205_1,946,0.004012,0.004005,0.100618
B_impress_1000,181707205_1,947,0.004015,0.004009,0.100618
B_impress_1000,181707205_1,948,0.004012,0.004005,0.100618
B_impress_1000,181707205_1,949,0.004015,0.004009,0.100618
B_impress_1000,181707205_1,950,0.004015,0.004009,0.100618
B_impress_1000,181707205_1,951,0.004015,0.004009,0.100618
B_impress_1000,181707205_1,952,0.004015,0.004009,0.100618
B_impress_1000,181707205_1,953,0.004015,0.004009,0.100618
B_impress_1000,181707205_1,954,0.004015,0.004009,0.100618
B_impress_1000,181707205_1,955,0.004015,0.004009,0.100618
B_impress_1000,181707205_1,956,0.004015,0.004009,0.100618
B_impress_1000,181707205_1,957,0.004015,0.004009,0.100618
B_impress_1000,181707205_1,958,0.004015,0.004009,0.100618
B_impress_1000,181707205_1,959,0.004015,0.004009,0.100618
B_impress_1000,181707205_1,960,0.004015,0.004009,0.100618
B_impress_1000,181707205_1,961,0.004015,0.004009,0.100618
B_impress_1000,181707205_1,962,0.004015,0.004009,0.100618
B_impress_1000,181707205_1,963,0.004015,0.004009,0.100618
B_impress_1000,181707205_1,964,0.004012,0.004005,0.100618
B_impress_1000,181707205_1,965,0.004015,0.004009,0.100618
B_impress_1000,181707205_1,966,0.004015,0.004009,0.100618
B_impress_1000,181707205_1,967,0.004015,0.004009,0.100618
B_impress_1000,181707205_1,968,0.004015,0.004009,0.100618
B_impress_1000,181707205_1,969,0.004015,0.004009,0.100618
B_impress_1000,181707205_1,970,0.004015,0.004009,0.100618
B_impress_1000,181707205_1,971,0.004015,0.004009,0.100618
B_impress_1000,181707205_1,972,0.004015,0.004009,0.100618
B_impress_1000,181707205_1,973,0.004015,0.004009,0.100618
B_impress_1000,181707205_1,974,0.004015,0.004009,0.100618
B_impress_1000,181707205_1,975,0.004015,0.004009,0.100618
B_impress_1000,181707205_1,976,0.004015,0.004009,0.100618
B_impress_1000,181707205_1,977,0.004015,0.004009,0.100618
B_impress_1000,181707205_1,978,0.004015,0.004009,0.100618
B_impress_1000,181707205_1,979,0.004015,0.004009,0.100618
B_impress_1000,181707205_1,980,0.004015,0.004009,0.100618
B_impress_1000,181707205_1,981,0.004015,0.004009,0.100618
B_impress_1000,181707205_1,982,0.004015,0.004009,0.100618
B_impress_1000,181707205_1,983,0.004015,0.004009,0.100618
B_impress_1000,181707205_1,984,0.004015,0.004009,0.100618
B_impress_1000,181707205_1,985,0.004015,0.004009,0.100618
B_impress_1000,181707205_1,986,0.004015,0.004009,0.100618
B_impress_1000,181707205_1,987,0.004015,0.004009,0.100618
B_impress_1000,181707205_1,988,0.004015,0.004009,0.100618
B_impress_1000,181707205_1,989,0.004015,0.004009,0.100618
B_impress_1000,181707205_1,990,0.004015,0.004009,0.100618
B_impress_1000,181707205_1,991,0.004015,0.004009,0.100618
B_impress_1000,181707205_1,992,0.004015,0.004009,0.100618
B_impress_1000,181707205_1,993,0.004015,0.004009,0.100618
B_impress_1000,181707205_1,994,0.004015,0.004009,0.100618
B_impress_1000,181707205_1,995,0.004015,0.004009,0.100618
B_impress_1000,181707205_1,996,0.004015,0.004009,0.100618
B_impress_1000,181707205_1,997,0.004015,0.004009,0.100618
B_impress_1000,181707205_1,998,0.004015,0.004009,0.100618
B_impress_1000,181707205_1,999,0.004015,0.004009,0.100618
B_impress_1000,181707205_1,1000,0.004015,0.004009,0.100618
B_impress_1000,1961032923_1,1,0.008251,0.005848,0.340338
B_impress_1000,1961032923_1,2,0.008038,0.005798,0.323995
B_impress_1000,1961032923_1,3,0.007889,0.005772,0.311750
B_impress_1000,1961032923_1,4,0.007790,0.005760,0.302972
B_impress_1000,1961032923_1,5,0.007697,0.005745,0.295230
B_impress_1000,1961032923_1,6,0.007610,0.005722,0.288775
B_impress_1000,1961032923_1,7,0.007534,0.005707,0.282673
B_impress_1000,1961032923_1,8,0.007470,0.005692,0.277887
B_impress_1000,1961032923_1,9,0.007411,0.005676,0.273425
B_impress_1000,1961032923_1,10,0.007356,0.005661,0.269463
B_impress_1000,1961032923_1,11,0.007299,0.005642,0.265718
B_impress_1000,1961032923_1,12,0.007251,0.005630,0.262082
B_impress_1000,1961032923_1,13,0.007197,0.005611,0.258578
B_impress_1000,1961032923_1,14,0.007157,0.005600,0.255725
B_impress_1000,1961032923_1,15,0.007110,0.005581,0.252923
B_impress_1000,1961032923_1,16,0.007068,0.005566,0.250250
B_impress_1000,1961032923_1,17,0.007032,0.005554,0.247741
B_impress_1000,1961032923_1,18,0.006988,0.005535,0.245318
B_impress_1000,1961032923_1,19,0.006950,0.005520,0.242998
B_impress_1000,1961032923_1,20,0.006914,0.005505,0.240923
B_impress_1000,1961032923_1,21,0.006886,0.005497,0.238927
B_impress_1000,1961032923_1,22,0.006848,0.005478,0.236999
B_impress_1000,1961032923_1,23,0.006814,0.005463,0.235149
B_impress_1000,1961032923_1,24,0.006777,0.005444,0.233351
B_impress_1000,1961032923_1,25,0.006741,0.005424,0.231601
B_impress_1000,1961032923_1,26,0.006704,0.005405,0.229899
B_impress_1000,1961032923_1,27,0.006673,0.005390,0.228247
B_impress_1000,1961032923_1,28,0.006645,0.005379,0.226634
B_impress_1000,1961032923_1,29,0.006610,0.005360,0.225062
B_impress_1000,1961032923_1,30,0.006576,0.005341,0.223527
B_impress_1000,1961032923_1,31,0.006546,0.005325,0.222032
B_impress_1000,1961032923_1,32,0.006512,0.005306,0.220578
B_impress_1000,1961032923_1,33,0.006483,0.005291,0.219162
B_impress_1000,1961032923_1,34,0.006454,0.005276,0.217783
B_impress_1000,1961032923_1,35,0.006425,0.005260,0.216435
B_impress_1000,1961032923_1,36,0.006408,0.005253,0.215506
B_impress_1000,1961032923_1,37,0.006391,0.005245,0.214600
B_impress_1000,1961032923_1,38,0.006371,0.005234,0.213709
B_impress_1000,1961032923_1,39,0.006355,0.005226,0.212837
B_impress_1000,1961032923_1,40,0.006335,0.005215,0.211983
B_impress_1000,1961032923_1,41,0.006315,0.005203,0.211148
B_impress_1000,1961032923_1,42,0.006291,0.005188,0.210326
B_impress_1000,1961032923_1,43,0.006276,0.005180,0.209519
B_impress_1000,1961032923_1,44,0.006260,0.005173,0.208728
B_impress_1000,1961032923_1,45,0.006241,0.005161,0.207951
B_impress_1000,1961032923_1,46,0.006226,0.005154,0.207188
B_impress_1000,1961032923_1,47,0.006207,0.005142,0.206440
B_impress_1000,1961032923_1,48,0.006192,0.005135,0.205704
B_impress_1000,1961032923_1,49,0.006173,0.005123,0.204982
B_impress_1000,1961032923_1,50,0.006158,0.005116,0.204273
B_impress_1000,1961032923_1,51,0.006144,0.005108,0.203577
B_impress_1000,1961032923_1,52,0.006125,0.005096,0.202894
B_impress_1000,1961032923_1,53,0.006107,0.005085,0.202226
B_impress_1000,1961032923_1,54,0.006089,0.005074,0.201567
B_impress_1000,1961032923_1,55,0.006083,0.005074,0.200922
B_impress_1000,1961032923_1,56,0.006065,0.005062,0.200287
B_impress_1000,1961032923_1,57,0.006047,0.005051,0.199664
B_impress_1000,1961032923_1,58,0.006034,0.005043,0.199051
B_impress_1000,1961032923_1,59,0.006016,0.005032,0.198449
B_impress_1000,1961032923_1,60,0.006003,0.005024,0.197855
B_impress_1000,1961032923_1,61,0.005985,0.005013,0.197271
B_impress_1000,1961032923_1,62,0.005972,0.005005,0.196698
B_impress_1000,1961032923_1,63,0.005955,0.004993,0.196134
B_impress_1000,1961032923_1,64,0.005942,0.004986,0.195579
B_impress_1000,1961032923_1,65,0.005929,0.004978,0.195034
B_impress_1000,1961032923_1,66,0.005912,0.004967,0.194497
B_impress_1000,1961032923_1,67,0.005899,0.004959,0.193969
B_impress_1000,1961032923_1,68,0.005886,0.004951,0.193449
B_impress_1000,1961032923_1,69,0.005869,0.004940,0.192937
B_impress_1000,1961032923_1,70,0.005857,0.004932,0.192432
B_impress_1000,1961032923_1,71,0.005840,0.004921,0.191933
B_impress_1000,1961032923_1,72,0.005828,0.004913,0.191442
B_impress_1000,1961032923_1,73,0.005815,0.004906,0.190958
B_impress_1000,1961032923_1,74,0.005799,0.004894,0.190481
B_impress_1000,1961032923_1,75,0.005787,0.004887,0.190010
B_impress_1000,1961032923_1,76,0.005771,0.004875,0.189546
B_impress_1000,1961032923_1,77,0.005762,0.004871,0.189088
B_impress_1000,1961032923_1,78,0.005750,0.004864,0.188635
B_impress_1000,1961032923_1,79,0.005734,0.004852,0.188189
B_impress_1000,1961032923_1,80,0.005722,0.004845,0.187749
B_impress_1000,1961032923_1,81,0.005710,0.004837,0.187314
B_impress_1000,1961032923_1,82,0.005698,0.004829,0.186886
B_impress_1000,1961032923_1,83,0.005686,0.004822,0.186464
B_impress_1000,1961032923_1,84,0.005675,0.004814,0.186048
B_impress_1000,1961032923_1,85,0.005663,0.004807,0.185638
B_impress_1000,1961032923_1,86,0.005651,0.004799,0.185233
B_impress_1000,1961032923_1,87,0.005636,0.004787,0.184834
B_impress_1000,1961032923_1,88,0.005628,0.004784,0.184439
B_impress_1000,1961032923_1,89,0.005617,0.004776,0.184050
B_impress_1000,1961032923_1,90,0.005605,0.004768,0.183665
B_impress_1000,1961032923_1,91,0.005594,0.004761,0.183286
B_impress_1000,1961032923_1,92,0.005582,0.004753,0.182911
B_impress_1000,1961032923_1,93,0.005571,0.004745,0.182540
B_impress_1000,1961032923_1,94,0.005560,0.004738,0.182174
B_impress_1000,1961032923_1,95,0.005548,0.004730,0.181812
B_impress_1000,1961032923_1,96,0.005541,0.004726,0.181455
B_impress_1000,1961032923_1,97,0.005530,0.004719,0.181103
B_impress_1000,1961032923_1,98,0.005519,0.004711,0.180755
B_impress_1000,1961032923_1,99,0.005511,0.004707,0.180411
B_impress_1000,1961032923_1,100,0.005500,0.004700,0.180070
B_impress_1000,1961032923_1,101,0.005489,0.004692,0.179734
B_impress_1000,1961032923_1,102,0.005478,0.004684,0.179401
B_impress_1000,1961032923_1,103,0.005471,0.004681,0.179072
B_impress_1000,1961032923_1,104,0.005457,0.004669,0.178747
B_impress_1000,1961032923_1,105,0.005453,0.004669,0.178425
B_impress_1000,1961032923_1,106,0.005443,0.004662,0.178108
B_impress_1000,1961032923_1,107,0.005432,0.004654,0.177794
B_impress_1000,1961032923_1,108,0.005421,0.004646,0.177484
B_impress_1000,1961032923_1,109,0.005414,0.004642,0.177178
B_impress_1000,1961032923_1,110,0.005407,0.004639,0.176875
B_impress_1000,1961032923_1,111,0.005397,0.004631,0.176576
B_impress_1000,1961032923_1,112,0.005386,0.004623,0.176281
B_impress_1000,1961032923_1,113,0.005379,0.004620,0.175989
B_impress_1000,1961032923_1,114,0.005365,0.004608,0.175700
B_impress_1000,1961032923_1,115,0.005362,0.004608,0.175415
B_impress_1000,1961032923_1,116,0.005352,0.004601,0.175132
B_impress_1000,1961032923_1,117,0.005341,0.004593,0.174853
B_impress_1000,1961032923_1,118,0.005335,0.004589,0.174577
B_impress_1000,1961032923_1,119,0.005328,0.004585,0.174304
B_impress_1000,1961032923_1,120,0.005318,0.004578,0.174033
B_impress_1000,1961032923_1,121,0.005308,0.004570,0.173766
B_impress_1000,1961032923_1,122,0.005297,0.004562,0.173502
B_impress_1000,1961032923_1,123,0.005287,0.004555,0.173240
B_impress_1000,1961032923_1,124,0.005285,0.004555,0.172981
B_impress_1000,1961032923_1,125,0.005278,0.004551,0.172725
B_impress_1000,1961032923_1,126,0.005268,0.004543,0.172471
B_impress_1000,1961032923_1,127,0.005258,0.004536,0.172221
B_impress_1000,1961032923_1,128,0.005252,0.004532,0.171972
B_impress_1000,1961032923_1,129,0.005241,0.004524,0.171726
B_impress_1000,1961032923_1,130,0.005235,0.004520,0.171482
B_impress_1000,1961032923_1,131,0.005229,0.004517,0.171240
B_impress_1000,1961032923_1,132,0.005219,0.004509,0.171001
B_impress_1000,1961032923_1,133,0.005209,0.004501,0.170764
B_impress_1000,1961032923_1,134,0.005203,0.004498,0.170530
B_impress_1000,1961032923_1,135,0.005193,0.004490,0.170299
B_impress_1000,1961032923_1,136,0.005187,0.004486,0.170069
B_impress_1000,1961032923_1,137,0.005177,0.004478,0.169842
B_impress_1000,1961032923_1,138,0.005171,0.004475,0.169616
B_impress_1000,1961032923_1,139,0.005161,0.004467,0.169393
B_impress_1000,1961032923_1,140,0.005151,0.004459,0.169172
B_impress_1000,1961032923_1,141,0.005145,0.004456,0.168953
B_impress_1000,1961032923_1,142,0.005139,0.004452,0.168737
B_impress_1000,1961032923_1,143,0.005133,0.004448,0.168523
B_impress_1000,1961032923_1,144,0.005123,0.004440,0.168312
B_impress_1000,1961032923_1,145,0.005118,0.004436,0.168102
B_impress_1000,1961032923_1,146,0.005108,0.004429,0.167895
B_impress_1000,1961032923_1,147,0.005102,0.004425,0.167690
B_impress_1000,1961032923_1,148,0.005092,0.004417,0.167487
B_impress_1000,1961032923_1,149,0.005086,0.004414,0.167286
B_impress_1000,1961032923_1,150,0.005081,0.004410,0.167087
B_impress_1000,1961032923_1,151,0.005075,0.004406,0.166890
B_impress_1000,1961032923_1,152,0.005065,0.004398,0.166695
B_impress_1000,1961032923_1,153,0.005060,0.004395,0.166502
B_impress_1000,1961032923_1,154,0.005054,0.004391,0.166310
B_impress_1000,1961032923_1,155,0.005044,0.004383,0.166120
B_impress_1000,1961032923_1,156,0.005042,0.004383,0.165933
B_impress_1000,1961032923_1,157,0.005037,0.004379,0.165747
B_impress_1000,1961032923_1,158,0.005027,0.004372,0.165563
B_impress_1000,1961032923_1,159,0.005022,0.004368,0.165380
B_impress_1000,1961032923_1,160,0.005016,0.004364,0.165199
B_impress_1000,1961032923_1,161,0.005010,0.004360,0.165020
B_impress_1000,1961032923_1,162,0.005005,0.004356,0.164843
B_impress_1000,1961032923_1,163,0.004992,0.004345,0.164667
B_impress_1000,1961032923_1,164,0.004990,0.004345,0.164493
B_impress_1000,1961032923_1,165,0.004981,0.004337,0.164320
B_impress_1000,1961032923_1,166,0.004979,0.004337,0.164150
B_impress_1000,1961032923_1,167,0.004969,0.004330,0.163981
B_impress_1000,1961032923_1,168,0.004964,0.004326,0.163814
B_impress_1000,1961032923_1,169,0.004962,0.004326,0.163648
B_impress_1000,1961032923_1,170,0.004953,0.004318,0.163484
B_impress_1000,1961032923_1,171,0.004948,0.004314,0.163321
B_impress_1000,1961032923_1,172,0.004942,0.004311,0.163159
B_impress_1000,1961032923_1,173,0.004937,0.004307,0.163000
B_impress_1000,1961032923_1,174,0.004931,0.004303,0.162842
B_impress_1000,1961032923_1,175,0.004926,0.004299,0.162686
B_impress_1000,1961032923_1,176,0.004921,0.004295,0.162531
B_impress_1000,1961032923_1,177,0.004915,0.004292,0.162377
B_impress_1000,1961032923_1,178,0.004910,0.004288,0.162226
B_impress_1000,1961032923_1,179,0.004905,0.004284,0.162075
B_impress_1000,1961032923_1,180,0.004896,0.004276,0.161926
B_impress_1000,1961032923_1,181,0.004894,0.004276,0.161779
B_impress_1000,1961032923_1,182,0.004885,0.004269,0.161634
B_impress_1000,1961032923_1,183,0.004880,0.004265,0.161490
B_impress_1000,1961032923_1,184,0.004878,0.004265,0.161347
B_impress_1000,1961032923_1,185,0.004869,0.004257,0.161206
B_impress_1000,1961032923_1,186,0.004864,0.004253,0.161066
B_impress_1000,1961032923_1,187,0.004863,0.004253,0.160928
B_impress_1000,1961032923_1,188,0.004857,0.004250,0.160790
B_impress_1000,1961032923_1,189,0.004852,0.004246,0.160654
B_impress_1000,1961032923_1,190,0.004847,0.004242,0.160519
B_impress_1000,1961032923_1,191,0.004842,0.004238,0.160385
B_impress_1000,1961032923_1,192,0.004837,0.004234,0.160253
B_impress_1000,1961032923_1,193,0.004832,0.004230,0.160122
B_impress_1000,1961032923_1,194,0.004827,0.004227,0.159992
B_impress_1000,1961032923_1,195,0.004822,0.004223,0.159872
B_impress_1000,1961032923_1,196,0.004817,0.004219,0.159753
B_impress_1000,1961032923_1,197,0.004812,0.004215,0.159635
B_impress_1000,1961032923_1,198,0.004810,0.004215,0.159517
B_impress_1000,1961032923_1,199,0.004802,0.004208,0.159401
B_impress_1000,1961032923_1,200,0.004800,0.004208,0.159285
B_impress_1000,1961032923_1,201,0.004796,0.004204,0.159171
B_impress_1000,1961032923_1,202,0.004791,0.004200,0.159057
B_impress_1000,1961032923_1,203,0.004786,0.004196,0.158945
B_impress_1000,1961032923_1,204,0.004781,0.004192,0.158833
B_impress_1000,1961032923_1,205,0.004776,0.004189,0.158722
B_impress_1000,1961032923_1,206,0.004771,0.004185,0.158612
B_impress_1000,1961032923_1,207,0.004766,0.004181,0.158503
B_impress_1000,1961032923_1,208,0.004761,0.004177,0.158394
B_impress_1000,1961032923_1,209,0.004756,0.004173,0.158287
B_impress_1000,1961032923_1,210,0.004751,0.004169,0.158181
B_impress_1000,1961032923_1,211,0.004746,0.004166,0.158075
B_impress_1000,1961032923_1,212,0.004745,0.004166,0.157971
B_impress_1000,1961032923_1,213,0.004737,0.004158,0.157866
B_impress_1000,1961032923_1,214,0.004736,0.004158,0.157763
B_impress_1000,1961032923_1,215,0.004731,0.004154,0.157660
B_impress_1000,1961032923_1,216,0.004726,0.004150,0.157559
B_impress_1000,1961032923_1,217,0.004721,0.004147,0.157458
B_impress_1000,1961032923_1,218,0.004716,0.004143,0.157358
B_impress_1000,1961032923_1,219,0.004712,0.004139,0.157259
B_impress_1000,1961032923_1,220,0.004707,0.004135,0.157161
B_impress_1000,1961032923_1,221,0.004706,0.004135,0.157063
B_impress_1000,1961032923_1,222,0.004701,0.004131,0.156967
B_impress_1000,1961032923_1,223,0.004696,0.004128,0.156871
B_impress_1000,1961032923_1,224,0.004691,0.004124,0.156776
B_impress_1000,1961032923_1,225,0.004687,0.004120,0.156682
B_impress_1000,1961032923_1,226,0.004682,0.004116,0.156588
B_impress_1000,1961032923_1,227,0.004681,0.004116,0.156495
B_impress_1000,1961032923_1,228,0.004676,0.004112,0.156403
B_impress_1000,1961032923_1,229,0.004672,0.004108,0.156311
B_impress_1000,1961032923_1,230,0.004667,0.004105,0.156221
B_impress_1000,1961032923_1,231,0.004666,0.004105,0.156131
B_impress_1000,1961032923_1,232,0.004661,0.004101,0.156041
B_impress_1000,1961032923_1,233,0.004657,0.004097,0.155953
B_impress_1000,1961032923_1,234,0.004652,0.004093,0.155865
B_impress_1000,1961032923_1,235,0.004647,0.004089,0.155778
B_impress_1000,1961032923_1,236,0.004642,0.004086,0.155691
B_impress_1000,1961032923_1,237,0.004642,0.004086,0.155605
B_impress_1000,1961032923_1,238,0.004637,0.004082,0.155520
B_impress_1000,1961032923_1,239,0.004632,0.004078,0.155435
B_impress_1000,1961032923_1,240,0.004628,0.004074,0.155351
B_impress_1000,1961032923_1,241,0.004623,0.004070,0.155268
B_impress_1000,1961032923_1,242,0.004618,0.004066,0.155185
B_impress_1000,1961032923_1,243,0.004614,0.004063,0.155104
B_impress_1000,1961032923_1,244,0.004613,0.004063,0.155022
B_impress_1000,1961032923_1,245,0.004608,0.004059,0.154942
B_impress_1000,1961032923_1,246,0.004604,0.004055,0.154862
B_impress_1000,1961032923_1,247,0.004599,0.004051,0.154783
B_impress_1000,1961032923_1,248,0.004594,0.004047,0.154705
B_impress_1000,1961032923_1,249,0.004594,0.004047,0.154627
B_impress_1000,1961032923_1,250,0.004589,0.004044,0.154550
B_impress_1000,1961032923_1,251,0.004584,0.004040,0.154473
B_impress_1000,1961032923_1,252,0.004584,0.004040,0.154398
B_impress_1000,1961032923_1,253,0.004579,0.004036,0.154323
B_impress_1000,1961032923_1,254,0.004575,0.004032,0.154249
B_impress_1000,1961032923_1,255,0.004574,0.004032,0.154175
B_impress_1000,1961032923_1,256,0.004569,0.004028,0.154102
B_impress_1000,1961032923_1,257,0.004565,0.004025,0.154029
B_impress_1000,1961032923_1,258,0.004564,0.004025,0.153956
B_impress_1000,1961032923_1,259,0.004560,0.004021,0.153884
B_impress_1000,1961032923_1,260,0.004555,0.004017,0.153813
B_impress_1000,1961032923_1,261,0.004550,0.004013,0.153742
B_impress_1000,1961032923_1,262,0.004550,0.004013,0.153671
B_impress_1000,1961032923_1,263,0.004545,0.004009,0.153601
B_impress_1000,1961032923_1,264,0.004541,0.004005,0.153531
B_impress_1000,1961032923_1,265,0.004540,0.004005,0.153462
B_impress_1000,1961032923_1,266,0.004536,0.004002,0.153393
B_impress_1000,1961032923_1,267,0.004531,0.003998,0.153325
B_impress_1000,1961032923_1,268,0.004530,0.003998,0.153257
B_impress_1000,1961032923_1,269,0.004526,0.003994,0.153190
B_impress_1000,1961032923_1,270,0.004525,0.003994,0.153123
B_impress_1000,1961032923_1,271,0.004521,0.003990,0.153057
B_impress_1000,1961032923_1,272,0.004516,0.003986,0.152991
B_impress_1000,1961032923_1,273,0.004516,0.003986,0.152926
B_impress_1000,1961032923_1,274,0.004511,0.003983,0.152861
B_impress_1000,1961032923_1,275,0.004511,0.003983,0.152797
B_impress_1000,1961032923_1,276,0.004506,0.003979,0.152733
B_impress_1000,1961032923_1,277,0.004505,0.003979,0.152670
B_impress_1000,1961032923_1,278,0.004501,0.003975,0.152607
B_impress_1000,1961032923_1,279,0.004497,0.003971,0.152544
B_impress_1000,1961032923_1,280,0.004496,0.003971,0.152482
B_impress_1000,1961032923_1,281,0.004492,0.003967,0.152429
B_impress_1000,1961032923_1,282,0.004491,0.003967,0.152385
B_impress_1000,1961032923_1,283,0.004487,0.003963,0.152342
B_impress_1000,1961032923_1,284,0.004486,0.003963,0.152299
B_impress_1000,1961032923_1,285,0.004486,0.003963,0.152257
B_impress_1000,1961032923_1,286,0.004482,0.003960,0.152214
B_impress_1000,1961032923_1,287,0.004478,0.003956,0.152173
B_impress_1000,1961032923_1,288,0.004477,0.003956,0.152131
B_impress_1000,1961032923_1,289,0.004477,0.003956,0.152090
B_impress_1000,1961032923_1,290,0.004473,0.003952,0.152050
B_impress_1000,1961032923_1,291,0.004472,0.003952,0.152009
B_impress_1000,1961032923_1,292,0.004472,0.003952,0.151969
B_impress_1000,1961032923_1,293,0.004468,0.003948,0.151929
B_impress_1000,1961032923_1,294,0.004467,0.003948,0.151889
B_impress_1000,1961032923_1,295,0.004463,0.003944,0.151850
B_impress_1000,1961032923_1,296,0.004463,0.003944,0.151811
B_impress_1000,1961032923_1,297,0.004458,0.003941,0.151773
B_impress_1000,1961032923_1,298,0.004454,0.003937,0.151734
B_impress_1000,1961032923_1,299,0.004454,0.003937,0.151696
B_impress_1000,1961032923_1,300,0.004453,0.003937,0.151659
B_impress_1000,1961032923_1,301,0.004449,0.003933,0.151621
B_impress_1000,1961032923_1,302,0.004449,0.003933,0.151584
B_impress_1000,1961032923_1,303,0.004448,0.003933,0.151547
B_impress_1000,1961032923_1,304,0.004444,0.003929,0.151511
B_impress_1000,1961032923_1,305,0.004444,0.003929,0.151475
B_impress_1000,1961032923_1,306,0.004440,0.003925,0.151439
B_impress_1000,1961032923_1,307,0.004439,0.003925,0.151403
B_impress_1000,1961032923_1,308,0.004435,0.003922,0.151367
B_impress_1000,1961032923_1,309,0.004435,0.003922,0.151332
B_impress_1000,1961032923_1,310,0.004434,0.003922,0.151297
B_impress_1000,1961032923_1,311,0.004430,0.003918,0.151262
B_impress_1000,1961032923_1,312,0.004434,0.003922,0.151228
B_impress_1000,1961032923_1,313,0.004430,0.003918,0.151194
B_impress_1000,1961032923_1,314,0.004425,0.003914,0.151160
B_impress_1000,1961032923_1,315,0.004425,0.003914,0.151126
B_impress_1000,1961032923_1,316,0.004425,0.003914,0.151093
B_impress_1000,1961032923_1,317,0.004421,0.003910,0.151059
B_impress_1000,1961032923_1,318,0.004420,0.003910,0.151026
B_impress_1000,1961032923_1,319,0.004416,0.003906,0.150993
B_impress_1000,1961032923_1,320,0.004416,0.003906,0.150960
B_impress_1000,1961032923_1,321,0.004414,0.003904,0.150928
B_impress_1000,1961032923_1,322,0.004413,0.003904,0.150897
B_impress_1000,1961032923_1,323,0.004409,0.003901,0.150865
B_impress_1000,1961032923_1,324,0.004407,0.003899,0.150834
B_impress_1000,1961032923_1,325,0.004407,0.003899,0.150804
B_impress_1000,1961032923_1,326,0.004406,0.003899,0.150773
B_impress_1000,1961032923_1,327,0.004402,0.003895,0.150742
B_impress_1000,1961032923_1,328,0.004402,0.003895,0.150712
B_impress_1000,1961032923_1,329,0.004400,0.003893,0.150682
B_impress_1000,1961032923_1,330,0.004399,0.003893,0.150652
B_impress_1000,1961032923_1,331,0.004397,0.003891,0.150623
B_impress_1000,1961032923_1,332,0.004395,0.003889,0.150593
B_impress_1000,1961032923_1,333,0.004393,0.003887,0.150564
B_impress_1000,1961032923_1,334,0.004394,0.003889,0.150535
B_impress_1000,1961032923_1,335,0.004390,0.003885,0.150507
B_impress_1000,1961032923_1,336,0.004390,0.003885,0.150478
B_impress_1000,1961032923_1,337,0.004390,0.003885,0.150450
B_impress_1000,1961032923_1,338,0.004386,0.003881,0.150421
B_impress_1000,1961032923_1,339,0.004387,0.003883,0.150394
B_impress_1000,1961032923_1,340,0.004385,0.003881,0.150366
B_impress_1000,1961032923_1,341,0.004383,0.003880,0.150339
B_impress_1000,1961032923_1,342,0.004381,0.003878,0.150311
B_impress_1000,1961032923_1,343,0.004382,0.003880,0.150284
B_impress_1000,1961032923_1,344,0.004378,0.003876,0.150257
B_impress_1000,1961032923_1,345,0.004378,0.003876,0.150230
B_impress_1000,1961032923_1,346,0.004374,0.003872,0.150204
B_impress_1000,1961032923_1,347,0.004376,0.003874,0.150177
B_impress_1000,1961032923_1,348,0.004373,0.003872,0.150151
B_impress_1000,1961032923_1,349,0.004371,0.003870,0.150125
B_impress_1000,1961032923_1,350,0.004371,0.003870,0.150099
B_impress_1000,1961032923_1,351,0.004369,0.003868,0.150073
B_impress_1000,1961032923_1,352,0.004369,0.003868,0.150047
B_impress_1000,1961032923_1,353,0.004366,0.003866,0.150021
B_impress_1000,1961032923_1,354,0.004364,0.003864,0.149996
B_impress_1000,1961032923_1,355,0.004364,0.003864,0.149970
B_impress_1000,1961032923_1,356,0.004362,0.003862,0.149945
B_impress_1000,1961032923_1,357,0.004362,0.003862,0.149920
B_impress_1000,1961032923_1,358,0.004359,0.003860,0.149895
B_impress_1000,1961032923_1,359,0.004359,0.003860,0.149870
B_impress_1000,1961032923_1,360,0.004359,0.003860,0.149845
B_impress_1000,1961032923_1,361,0.004357,0.003859,0.149821
B_impress_1000,1961032923_1,362,0.004355,0.003857,0.149796
B_impress_1000,1961032923_1,363,0.004354,0.003857,0.149772
B_impress_1000,1961032923_1,364,0.004352,0.003855,0.149747
B_impress_1000,1961032923_1,365,0.004350,0.003853,0.149723
B_impress_1000,1961032923_1,366,0.004348,0.003851,0.149699
B_impress_1000,1961032923_1,367,0.004348,0.003851,0.149675
B_impress_1000,1961032923_1,368,0.004346,0.003849,0.149651
B_impress_1000,1961032923_1,369,0.004345,0.003849,0.149628
B_impress_1000,1961032923_1,370,0.004345,0.003849,0.149604
B_impress_1000,1961032923_1,371,0.004341,0.003845,0.149580
B_impress_1000,1961032923_1,372,0.004341,0.003845,0.149557
B_impress_1000,1961032923_1,373,0.004341,0.003845,0.149534
B_impress_1000,1961032923_1,374,0.004338,0.003843,0.149510
B_impress_1000,1961032923_1,375,0.004336,0.003841,0.149487
B_impress_1000,1961032923_1,376,0.004336,0.003841,0.149464
B_impress_1000,1961032923_1,377,0.004332,0.003838,0.149442
B_impress_1000,1961032923_1,378,0.004336,0.003841,0.149419
B_impress_1000,1961032923_1,379,0.004332,0.003838,0.149396
B_impress_1000,1961032923_1,380,0.004331,0.003838,0.149373
B_impress_1000,1961032923_1,381,0.004329,0.003836,0.149351
B_impress_1000,1961032923_1,382,0.004329,0.003836,0.149329
B_impress_1000,1961032923_1,383,0.004329,0.003836,0.149319
B_impress_1000,1961032923_1,384,0.004327,0.003834,0.149310
B_impress_1000,1961032923_1,385,0.004327,0.003834,0.149300
B_impress_1000,1961032923_1,386,0.004327,0.003834,0.149291
B_impress_1000,1961032923_1,387,0.004325,0.003832,0.149282
B_impress_1000,1961032923_1,388,0.004323,0.003830,0.149273
B_impress_1000,1961032923_1,389,0.004324,0.003832,0.149264
B_impress_1000,1961032923_1,390,0.004321,0.003828,0.149255
B_impress_1000,1961032923_1,391,0.004322,0.003830,0.149246
B_impress_1000,1961032923_1,392,0.004322,0.003830,0.149238
B_impress_1000,1961032923_1,393,0.004320,0.003828,0.149229
B_impress_1000,1961032923_1,394,0.004320,0.003828,0.149221
B_impress_1000,1961032923_1,395,0.004320,0.003828,0.149212
B_impress_1000,1961032923_1,396,0.004316,0.003824,0.149204
B_impress_1000,1961032923_1,397,0.004320,0.003828,0.149196
B_impress_1000,1961032923_1,398,0.004316,0.003824,0.149188
B_impress_1000,1961032923_1,399,0.004316,0.003824,0.149180
B_impress_1000,1961032923_1,400,0.004314,0.003822,0.149172
B_impress_1000,1961032923_1,401,0.004316,0.003824,0.149164
B_impress_1000,1961032923_1,402,0.004314,0.003822,0.149157
B_impress_1000,1961032923_1,403,0.004314,0.003822,0.149149
B_impress_1000,1961032923_1,404,0.004312,0.003820,0.149142
B_impress_1000,1961032923_1,405,0.004312,0.003820,0.149134
B_impress_1000,1961032923_1,406,0.004310,0.003819,0.149127
B_impress_1000,1961032923_1,407,0.004310,0.003819,0.149119
B_impress_1000,1961032923_1,408,0.004310,0.003819,0.149112
B_impress_1000,1961032923_1,409,0.004310,0.003819,0.149105
B_impress_1000,1961032923_1,410,0.004309,0.003819,0.149098
B_impress_1000,1961032923_1,411,0.004308,0.003817,0.149091
B_impress_1000,1961032923_1,412,0.004307,0.003817,0.149084
B_impress_1000,1961032923_1,413,0.004309,0.003819,0.149077
B_impress_1000,1961032923_1,414,0.004307,0.003817,0.149071
B_impress_1000,1961032923_1,415,0.004305,0.003815,0.149064
B_impress_1000,1961032923_1,416,0.004307,0.003817,0.149058
B_impress_1000,1961032923_1,417,0.004305,0.003815,0.149051
B_impress_1000,1961032923_1,418,0.004305,0.003815,0.149045
B_impress_1000,1961032923_1,419,0.004305,0.003815,0.149038
B_impress_1000,1961032923_1,420,0.004305,0.003815,0.149032
B_impress_1000,1961032923_1,421,0.004305,0.003815,0.149026
B_impress_1000,1961032923_1,422,0.004303,0.003813,0.149020
B_impress_1000,1961032923_1,423,0.004303,0.003813,0.149013
B_impress_1000,1961032923_1,424,0.004301,0.003811,0.149007
B_impress_1000,1961032923_1,425,0.004301,0.003811,0.149001
B_impress_1000,1961032923_1,426,0.004303,0.003813,0.148996
B_impress_1000,1961032923_1,427,0.004301,0.003811,0.148990
B_impress_1000,1961032923_1,428,0.004299,0.003809,0.148984
B_impress_1000,1961032923_1,429,0.004299,0.003809,0.148978
B_impress_1000,1961032923_1,430,0.004299,0.003809,0.148973
B_impress_1000,1961032923_1,431,0.004297,0.003807,0.148967
B_impress_1000,1961032923_1,432,0.004297,0.003807,0.148961
B_impress_1000,1961032923_1,433,0.004297,0.003807,0.148956
B_impress_1000,1961032923_1,434,0.004297,0.003807,0.148950
B_impress_1000,1961032923_1,435,0.004297,0.003807,0.148945
B_impress_1000,1961032923_1,436,0.004295,0.003805,0.148940
B_impress_1000,1961032923_1,437,0.004295,0.003805,0.148935
B_impress_1000,1961032923_1,438,0.004294,0.003805,0.148929
B_impress_1000,1961032923_1,439,0.004294,0.003805,0.148924
B_impress_1000,1961032923_1,440,0.004291,0.003801,0.148919
B_impress_1000,1961032923_1,441,0.004292,0.003803,0.148914
B_impress_1000,1961032923_1,442,0.004290,0.003801,0.148909
B_impress_1000,1961032923_1,443,0.004290,0.003801,0.148904
B_impress_1000,1961032923_1,444,0.004290,0.003801,0.148900
B_impress_1000,1961032923_1,445,0.004290,0.003801,0.148895
B_impress_1000,1961032923_1,446,0.004288,0.003799,0.148890
B_impress_1000,1961032923_1,447,0.004288,0.003799,0.148885
B_impress_1000,1961032923_1,448,0.004288,0.003799,0.148881
B_impress_1000,1961032923_1,449,0.004288,0.003799,0.148876
B_impress_1000,1961032923_1,450,0.004284,0.003796,0.148872
B_impress_1000,1961032923_1,451,0.004286,0.003798,0.148867
B_impress_1000,1961032923_1,452,0.004286,0.003798,0.148862
B_impress_1000,1961032923_1,453,0.004286,0.003798,0.148858
B_impress_1000,1961032923_1,454,0.004286,0.003798,0.148853
B_impress_1000,1961032923_1,455,0.004282,0.003794,0.148849
B_impress_1000,1961032923_1,456,0.004284,0.003796,0.148845
B_impress_1000,1961032923_1,457,0.004282,0.003794,0.148840
B_impress_1000,1961032923_1,458,0.004282,0.003794,0.148836
B_impress_1000,1961032923_1,459,0.004282,0.003794,0.148832
B_impress_1000,1961032923_1,460,0.004284,0.003796,0.148827
B_impress_1000,1961032923_1,461,0.004280,0.003792,0.148823
B_impress_1000,1961032923_1,462,0.004282,0.003794,0.148819
B_impress_1000,1961032923_1,463,0.004282,0.003794,0.148815
B_impress_1000,1961032923_1,464,0.004280,0.003792,0.148811
B_impress_1000,1961032923_1,465,0.004278,0.003790,0.148807
B_impress_1000,1961032923_1,466,0.004280,0.003792,0.148803
B_impress_1000,1961032923_1,467,0.004276,0.003788,0.148799
B_impress_1000,1961032923_1,468,0.004280,0.003792,0.148795
B_impress_1000,1961032923_1,469,0.004280,0.003792,0.148791
B_impress_1000,1961032923_1,470,0.004276,0.003788,0.148787
B_impress_1000,1961032923_1,471,0.004276,0.003788,0.148784
B_impress_1000,1961032923_1,472,0.004278,0.003790,0.148780
B_impress_1000,1961032923_1,473,0.004276,0.003788,0.148776
B_impress_1000,1961032923_1,474,0.004278,0.003790,0.148772
B_impress_1000,1961032923_1,475,0.004276,0.003788,0.148769
B_impress_1000,1961032923_1,476,0.004274,0.003786,0.148765
B_impress_1000,1961032923_1,477,0.004272,0.003784,0.148761
B_impress_1000,1961032923_1,478,0.004272,0.003784,0.148758
B_impress_1000,1961032923_1,479,0.004274,0.003786,0.148754
B_impress_1000,1961032923_1,480,0.004272,0.003784,0.148751
B_impress_1000,1961032923_1,481,0.004270,0.003782,0.148747
B_impress_1000,1961032923_1,482,0.004272,0.003784,0.148744
B_impress_1000,1961032923_1,483,0.004272,0.003784,0.148740
B_impress_1000,1961032923_1,484,0.004268,0.003780,0.148737
B_impress_1000,1961032923_1,485,0.004270,0.003782,0.148733
B_impress_1000,1961032923_1,486,0.004268,0.003780,0.148730
B_impress_1000,1961032923_1,487,0.004270,0.003782,0.148727
B_impress_1000,1961032923_1,488,0.004268,0.003780,0.148723
B_impress_1000,1961032923_1,489,0.004268,0.003780,0.148720
B_impress_1000,1961032923_1,490,0.004268,0.003780,0.148716
B_impress_1000,1961032923_1,491,0.004269,0.003782,0.148713
B_impress_1000,1961032923_1,492,0.004267,0.003780,0.148710
B_impress_1000,1961032923_1,493,0.004266,0.003778,0.148706
B_impress_1000,1961032923_1,494,0.004265,0.003778,0.148703
B_impress_1000,1961032923_1,495,0.004265,0.003778,0.148702
B_impress_1000,1961032923_1,496,0.004265,0.003778,0.148700
B_impress_1000,1961032923_1,497,0.004265,0.003778,0.148698
B_impress_1000,1961032923_1,498,0.004265,0.003778,0.148697
B_impress_1000,1961032923_1,499,0.004265,0.003778,0.148695
B_impress_1000,1961032923_1,500,0.004263,0.003777,0.148694
B_impress_1000,1961032923_1,501,0.004265,0.003778,0.148693
B_impress_1000,1961032923_1,502,0.004263,0.003777,0.148691
B_impress_1000,1961032923_1,503,0.004265,0.003778,0.148690
B_impress_1000,1961032923_1,504,0.004265,0.003778,0.148688
B_impress_1000,1961032923_1,505,0.004263,0.003777,0.148687
B_impress_1000,1961032923_1,506,0.004265,0.003778,0.148686
B_impress_1000,1961032923_1,507,0.004265,0.003778,0.148684
B_impress_1000,1961032923_1,508,0.004263,0.003777,0.148683
B_impress_1000,1961032923_1,509,0.004263,0.003777,0.148682
B_impress_1000,1961032923_1,510,0.004263,0.003777,0.148680
B_impress_1000,1961032923_1,511,0.004263,0.003777,0.148679
B_impress_1000,1961032923_1,512,0.004263,0.003777,0.148678
B_impress_1000,1961032923_1,513,0.004263,0.003777,0.148677
B_impress_1000,1961032923_1,514,0.004263,0.003777,0.148676
B_impress_1000,1961032923_1,515,0.004263,0.003777,0.148674
B_impress_1000,1961032923_1,516,0.004261,0.003775,0.148673
B_impress_1000,1961032923_1,517,0.004263,0.003777,0.148672
B_impress_1000,1961032923_1,518,0.004261,0.003775,0.148671
B_impress_1000,1961032923_1,519,0.004261,0.003775,0.148670
B_impress_1000,1961032923_1,520,0.004263,0.003777,0.148669
B_impress_1000,1961032923_1,521,0.004259,0.003773,0.148668
B_impress_1000,1961032923_1,522,0.004263,0.003777,0.148667
B_impress_1000,1961032923_1,523,0.004259,0.003773,0.148665
B_impress_1000,1961032923_1,524,0.004263,0.003777,0.148664
B_impress_1000,1961032923_1,525,0.004261,0.003775,0.148663
B_impress_1000,1961032923_1,526,0.004261,0.003775,0.148662
B_impress_1000,1961032923_1,527,0.004261,0.003775,0.148661
B_impress_1000,1961032923_1,528,0.004261,0.003775,0.148660
B_impress_1000,1961032923_1,529,0.004261,0.003775,0.148660
B_impress_1000,1961032923_1,530,0.004259,0.003773,0.148659
B_impress_1000,1961032923_1,531,0.004259,0.003773,0.148658
B_impress_1000,1961032923_1,532,0.004259,0.003773,0.148657
B_impress_1000,1961032923_1,533,0.004259,0.003773,0.148656
B_impress_1000,1961032923_1,534,0.004259,0.003773,0.148655
B_impress_1000,1961032923_1,535,0.004259,0.003773,0.148654
B_impress_1000,1961032923_1,536,0.004259,0.003773,0.148653
B_impress_1000,1961032923_1,537,0.004257,0.003771,0.148653
B_impress_1000,1961032923_1,538,0.004259,0.003773,0.148652
B_impress_1000,1961032923_1,539,0.004261,0.003775,0.148651
B_impress_1000,1961032923_1,540,0.004261,0.003775,0.148650
B_impress_1000,1961032923_1,541,0.004259,0.003773,0.148650
B_impress_1000,1961032923_1,542,0.004259,0.003773,0.148649
B_impress_1000,1961032923_1,543,0.004257,0.003771,0.148648
B_impress_1000,1961032923_1,544,0.004257,0.003771,0.148647
B_impress_1000,1961032923_1,545,0.004257,0.003771,0.148647
B_impress_1000,1961032923_1,546,0.004259,0.003773,0.148646
B_impress_1000,1961032923_1,547,0.004257,0.003771,0.148645
B_impress_1000,1961032923_1,548,0.004257,0.003771,0.148645
B_impress_1000,1961032923_1,549,0.004257,0.003771,0.148644
B_impress_1000,1961032923_1,550,0.004257,0.003771,0.148643
B_impress_1000,1961032923_1,551,0.004257,0.003771,0.148643
B_impress_1000,1961032923_1,552,0.004257,0.003771,0.148642
B_impress_1000,1961032923_1,553,0.004255,0.003769,0.148641
B_impress_1000,1961032923_1,554,0.004257,0.003771,0.148641
B_impress_1000,1961032923_1,555,0.004257,0.003771,0.148640
B_impress_1000,1961032923_1,556,0.004255,0.003769,0.148640
B_impress_1000,1961032923_1,557,0.004255,0.003769,0.148639
B_impress_1000,1961032923_1,558,0.004255,0.003769,0.148638
B_impress_1000,1961032923_1,559,0.004255,0.003769,0.148638
B_impress_1000,1961032923_1,560,0.004255,0.003769,0.148637
B_impress_1000,1961032923_1,561,0.004255,0.003769,0.148637
B_impress_1000,1961032923_1,562,0.004255,0.003769,0.148636
B_impress_1000,1961032923_1,563,0.004255,0.003769,0.148636
B_impress_1000,1961032923_1,564,0.004253,0.003767,0.148635
B_impress_1000,1961032923_1,565,0.004253,0.003767,0.148634
B_impress_1000,1961032923_1,566,0.004255,0.003769,0.148634
B_impress_1000,1961032923_1,567,0.004255,0.003769,0.148633
B_impress_1000,1961032923_1,568,0.004255,0.003769,0.148633
B_impress_1000,1961032923_1,569,0.004253,0.003767,0.148632
B_impress_1000,1961032923_1,570,0.004253,0.003767,0.148632
B_impress_1000,1961032923_1,571,0.004253,0.003767,0.148631
B_impress_1000,1961032923_1,572,0.004255,0.003769,0.148631
B_impress_1000,1961032923_1,573,0.004253,0.003767,0.148630
B_impress_1000,1961032923_1,574,0.004253,0.003767,0.148630
B_impress_1000,1961032923_1,575,0.004253,0.003767,0.148629
B_impress_1000,1961032923_1,576,0.004253,0.003767,0.148629
B_impress_1000,1961032923_1,577,0.004255,0.003769,0.148628
B_impress_1000,1961032923_1,578,0.004253,0.003767,0.148628
B_impress_1000,1961032923_1,579,0.004253,0.003767,0.148627
B_impress_1000,1961032923_1,580,0.004253,0.003767,0.148627
B_impress_1000,1961032923_1,581,0.004253,0.003767,0.148627
B_impress_1000,1961032923_1,582,0.004253,0.003767,0.148626
B_impress_1000,1961032923_1,583,0.004253,0.003767,0.148626
B_impress_1000,1961032923_1,584,0.004253,0.003767,0.148625
B_impress_1000,1961032923_1,585,0.004253,0.003767,0.148625
B_impress_1000,1961032923_1,586,0.004251,0.003765,0.148625
B_impress_1000,1961032923_1,587,0.004251,0.003765,0.148624
B_impress_1000,1961032923_1,588,0.004251,0.003765,0.148624
B_impress_1000,1961032923_1,589,0.004251,0.003765,0.148623
B_impress_1000,1961032923_1,590,0.004251,0.003765,0.148623
B_impress_1000,1961032923_1,591,0.004251,0.003765,0.148622
B_impress_1000,1961032923_1,592,0.004251,0.003765,0.148622
B_impress_1000,1961032923_1,593,0.004251,0.003765,0.148622
B_impress_1000,1961032923_1,594,0.004251,0.003765,0.148621
B_impress_1000,1961032923_1,595,0.004249,0.003763,0.148621
B_impress_1000,1961032923_1,596,0.004251,0.003765,0.148621
B_impress_1000,1961032923_1,597,0.004249,0.003763,0.148620
B_impress_1000,1961032923_1,598,0.004249,0.003763,0.148620
B_impress_1000,1961032923_1,599,0.004249,0.003763,0.148620
B_impress_1000,1961032923_1,600,0.004251,0.003765,0.148619
B_impress_1000,1961032923_1,601,0.004251,0.003765,0.148619
B_impress_1000,1961032923_1,602,0.004249,0.003763,0.148619
B_impress_1000,1961032923_1,603,0.004251,0.003765,0.148618
B_impress_1000,1961032923_1,604,0.004249,0.003763,0.148618
B_impress_1000,1961032923_1,605,0.004251,0.003765,0.148618
B_impress_1000,1961032923_1,606,0.004249,0.003763,0.148618
B_impress_1000,1961032923_1,607,0.004249,0.003763,0.148617
B_impress_1000,1961032923_1,608,0.004249,0.003763,0.148617
B_impress_1000,1961032923_1,609,0.004249,0.003763,0.148617
B_impress_1000,1961032923_1,610,0.004249,0.003763,0.148617
B_impress_1000,1961032923_1,611,0.004249,0.003763,0.148617
B_impress_1000,1961032923_1,612,0.004249,0.003763,0.148617
B_impress_1000,1961032923_1,613,0.004249,0.003763,0.148617
B_impress_1000,1961032923_1,614,0.004249,0.003763,0.148616
B_impress_1000,1961032923_1,615,0.004249,0.003763,0.148616
B_impress_1000,1961032923_1,616,0.004247,0.003761,0.148616
B_impress_1000,1961032923_1,617,0.004249,0.003763,0.148616
B_impress_1000,1961032923_1,618,0.004247,0.003761,0.148616
B_impress_1000,1961032923_1,619,0.004249,0.003763,0.148616
B_impress_1000,1961032923_1,620,0.004247,0.003761,0.148616
B_impress_1000,1961032923_1,621,0.004249,0.003763,0.148616
B_impress_1000,1961032923_1,622,0.004249,0.003763,0.148615
B_impress_1000,1961032923_1,623,0.004249,0.003763,0.148615
B_impress_1000,1961032923_1,624,0.004247,0.003761,0.148615
B_impress_1000,1961032923_1,625,0.004247,0.003761,0.148615
B_impress_1000,1961032923_1,626,0.004247,0.003761,0.148615
B_impress_1000,1961032923_1,627,0.004249,0.003763,0.148615
B_impress_1000,1961032923_1,628,0.004247,0.003761,0.148615
B_impress_1000,1961032923_1,629,0.004247,0.003761,0.148615
B_impress_1000,1961032923_1,630,0.004247,0.003761,0.148615
B_impress_1000,1961032923_1,631,0.004247,0.003761,0.148615
B_impress_1000,1961032923_1,632,0.004249,0.003763,0.148615
B_impress_1000,1961032923_1,633,0.004249,0.003763,0.148615
B_impress_1000,1961032923_1,634,0.004249,0.003763,0.148615
B_impress_1000,1961032923_1,635,0.004247,0.003761,0.148615
B_impress_1000,1961032923_1,636,0.004249,0.003763,0.148615
B_impress_1000,1961032923_1,637,0.004249,0.003763,0.148615
B_impress_1000,1961032923_1,638,0.004247,0.003761,0.148615
B_impress_1000,1961032923_1,639,0.004247,0.003761,0.148614
B_impress_1000,1961032923_1,640,0.004247,0.003761,0.148614
B_impress_1000,1961032923_1,641,0.004249,0.003763,0.148614
B_impress_1000,1961032923_1,642,0.004247,0.003761,0.148614
B_impress_1000,1961032923_1,643,0.004247,0.003761,0.148614
B_impress_1000,1961032923_1,644,0.004247,0.003761,0.148614
B_impress_1000,1961032923_1,645,0.004247,0.003761,0.148614
B_impress_1000,1961032923_1,646,0.004249,0.003763,0.148614
B_impress_1000,1961032923_1,647,0.004247,0.003761,0.148614
B_impress_1000,1961032923_1,648,0.004247,0.003761,0.148614
B_impress_1000,1961032923_1,649,0.004247,0.003761,0.148614
B_impress_1000,1961032923_1,650,0.004247,0.003761,0.148614
B_impress_1000,1961032923_1,651,0.004246,0.003759,0.148614
B_impress_1000,1961032923_1,652,0.004247,0.003761,0.148614
B_impress_1000,1961032923_1,653,0.004247,0.003761,0.148615
B_impress_1000,1961032923_1,654,0.004247,0.003761,0.148615
B_impress_1000,1961032923_1,655,0.004247,0.003761,0.148615
B_impress_1000,1961032923_1,656,0.004247,0.003761,0.148615
B_impress_1000,1961032923_1,657,0.004246,0.003759,0.148615
B_impress_1000,1961032923_1,658,0.004247,0.003761,0.148615
B_impress_1000,1961032923_1,659,0.004247,0.003761,0.148615
B_impress_1000,1961032923_1,660,0.004246,0.003759,0.148615
B_impress_1000,1961032923_1,661,0.004246,0.003759,0.148615
B_impress_1000,1961032923_1,662,0.004246,0.003759,0.148615
B_impress_1000,1961032923_1,663,0.004246,0.003759,0.148615
B_impress_1000,1961032923_1,664,0.004246,0.003759,0.148615
B_impress_1000,1961032923_1,665,0.004246,0.003759,0.148615
B_impress_1000,1961032923_1,666,0.004247,0.003761,0.148615
B_impress_1000,1961032923_1,667,0.004246,0.003759,0.148615
B_impress_1000,1961032923_1,668,0.004246,0.003759,0.148615
B_impress_1000,1961032923_1,669,0.004247,0.003761,0.148615
B_impress_1000,1961032923_1,670,0.004246,0.003759,0.148615
B_impress_1000,1961032923_1,671,0.004246,0.003759,0.148615
B_impress_1000,1961032923_1,672,0.004246,0.003759,0.148615
B_impress_1000,1961032923_1,673,0.004246,0.003759,0.148614
B_impress_1000,1961032923_1,674,0.004246,0.003759,0.148614
B_impress_1000,1961032923_1,675,0.004246,0.003759,0.148614
B_impress_1000,1961032923_1,676,0.004246,0.003759,0.148614
B_impress_1000,1961032923_1,677,0.004246,0.003759,0.148614
B_impress_1000,1961032923_1,678,0.004247,0.003761,0.148614
B_impress_1000,1961032923_1,679,0.004246,0.003759,0.148614
B_impress_1000,1961032923_1,680,0.004246,0.003759,0.148614
B_impress_1000,1961032923_1,681,0.004246,0.003759,0.148614
B_impress_1000,1961032923_1,682,0.004246,0.003759,0.148614
B_impress_1000,1961032923_1,683,0.004246,0.003759,0.148614
B_impress_1000,1961032923_1,684,0.004246,0.003759,0.148614
B_impress_1000,1961032923_1,685,0.004246,0.003759,0.148614
B_impress_1000,1961032923_1,686,0.004246,0.003759,0.148614
B_impress_1000,1961032923_1,687,0.004246,0.003759,0.148614
B_impress_1000,1961032923_1,688,0.004246,0.003759,0.148614
B_impress_1000,1961032923_1,689,0.004246,0.003759,0.148614
B_impress_1000,1961032923_1,690,0.004246,0.003759,0.148614
B_impress_1000,1961032923_1,691,0.004246,0.003759,0.148614
B_impress_1000,1961032923_1,692,0.004246,0.003759,0.148614
B_impress_1000,1961032923_1,693,0.004246,0.003759,0.148614
B_impress_1000,1961032923_1,694,0.004246,0.003759,0.148614
B_impress_1000,1961032923_1,695,0.004246,0.003759,0.148614
B_impress_1000,1961032923_1,696,0.004246,0.003759,0.148614
B_impress_1000,1961032923_1,697,0.004246,0.003759,0.148613
B_impress_1000,1961032923_1,698,0.004246,0.003759,0.148613
B_impress_1000,1961032923_1,699,0.004246,0.003759,0.148613
B_impress_1000,1961032923_1,700,0.004246,0.003759,0.148613
B_impress_1000,1961032923_1,701,0.004246,0.003759,0.148613
B_impress_1000,1961032923_1,702,0.004246,0.003759,0.148613
B_impress_1000,1961032923_1,703,0.004246,0.003759,0.148613
B_impress_1000,1961032923_1,704,0.004246,0.003759,0.148613
B_impress_1000,1961032923_1,705,0.004246,0.003759,0.148613
B_impress_1000,1961032923_1,706,0.004246,0.003759,0.148613
B_impress_1000,1961032923_1,707,0.004246,0.003759,0.148613
B_impress_1000,1961032923_1,708,0.004246,0.003759,0.148613
B_impress_1000,1961032923_1,709,0.004246,0.003759,0.148613
B_impress_1000,1961032923_1,710,0.004246,0.003759,0.148613
B_impress_1000,1961032923_1,711,0.004246,0.003759,0.148613
B_impress_1000,1961032923_1,712,0.004246,0.003759,0.148613
B_impress_1000,1961032923_1,713,0.004246,0.003759,0.148613
B_impress_1000,1961032923_1,714,0.004246,0.003759,0.148613
B_impress_1000,1961032923_1,715,0.004244,0.003757,0.148613
B_impress_1000,1961032923_1,716,0.004244,0.003757,0.148613
B_impress_1000,1961032923_1,717,0.004244,0.003757,0.148613
B_impress_1000,1961032923_1,718,0.004246,0.003759,0.148613
B_impress_1000,1961032923_1,719,0.004244,0.003757,0.148613
B_impress_1000,1961032923_1,720,0.004246,0.003759,0.148613
B_impress_1000,1961032923_1,721,0.004246,0.003759,0.148613
B_impress_1000,1961032923_1,722,0.004244,0.003757,0.148613
B_impress_1000,1961032923_1,723,0.004246,0.003759,0.148613
B_impress_1000,1961032923_1,724,0.004246,0.003759,0.148613
B_impress_1000,1961032923_1,725,0.004246,0.003759,0.148613
B_impress_1000,1961032923_1,726,0.004246,0.003759,0.148613
B_impress_1000,1961032923_1,727,0.004244,0.003757,0.148613
B_impress_1000,1961032923_1,728,0.004246,0.003759,0.148613
B_impress_1000,1961032923_1,729,0.004246,0.003759,0.148613
B_impress_1000,1961032923_1,730,0.004246,0.003759,0.148614
B_impress_1000,1961032923_1,731,0.004246,0.003759,0.148614
B_impress_1000,1961032923_1,732,0.004246,0.003759,0.148614
B_impress_1000,1961032923_1,733,0.004244,0.003757,0.148614
B_impress_1000,1961032923_1,734,0.004244,0.003757,0.148614
B_impress_1000,1961032923_1,735,0.004246,0.003759,0.148614
B_impress_1000,1961032923_1,736,0.004244,0.003757,0.148614
B_impress_1000,1961032923_1,737,0.004244,0.003757,0.148614
B_impress_1000,1961032923_1,738,0.004246,0.003759,0.148614
B_impress_1000,1961032923_1,739,0.004244,0.003757,0.148614
B_impress_1000,1961032923_1,740,0.004244,0.003757,0.148614
B_impress_1000,1961032923_1,741,0.004244,0.003757,0.148614
B_impress_1000,1961032923_1,742,0.004244,0.003757,0.148614
B_impress_1000,1961032923_1,743,0.004246,0.003759,0.148614
B_impress_1000,1961032923_1,744,0.004244,0.003757,0.148614
B_impress_1000,1961032923_1,745,0.004244,0.003757,0.148614
B_impress_1000,1961032923_1,746,0.004246,0.003759,0.148614
B_impress_1000,1961032923_1,747,0.004244,0.003757,0.148614
B_impress_1000,1961032923_1,748,0.004244,0.003757,0.148614
B_impress_1000,1961032923_1,749,0.004246,0.003759,0.148614
B_impress_1000,1961032923_1,750,0.004244,0.003757,0.148614
B_impress_1000,1961032923_1,751,0.004244,0.003757,0.148614
B_impress_1000,1961032923_1,752,0.004244,0.003757,0.148614
B_impress_1000,1961032923_1,753,0.004244,0.003757,0.148614
B_impress_1000,1961032923_1,754,0.004244,0.003757,0.148614
B_impress_1000,1961032923_1,755,0.004244,0.003757,0.148614
B_impress_1000,1961032923_1,756,0.004244,0.003757,0.148614
B_impress_1000,1961032923_1,757,0.004244,0.003757,0.148614
B_impress_1000,1961032923_1,758,0.004244,0.003757,0.148614
B_impress_1000,1961032923_1,759,0.004244,0.003757,0.148614
B_impress_1000,1961032923_1,760,0.004244,0.003757,0.148614
B_impress_1000,1961032923_1,761,0.004244,0.003757,0.148614
B_impress_1000,1961032923_1,762,0.004244,0.003757,0.148614
B_impress_1000,1961032923_1,763,0.004244,0.003757,0.148614
B_impress_1000,1961032923_1,764,0.004244,0.003757,0.148614
B_impress_1000,1961032923_1,765,0.004246,0.003759,0.148614
B_impress_1000,1961032923_1,766,0.004246,0.003759,0.148614
B_impress_1000,1961032923_1,767,0.004244,0.003757,0.148614
B_impress_1000,1961032923_1,768,0.004244,0.003757,0.148614
B_impress_1000,1961032923_1,769,0.004244,0.003757,0.148614
B_impress_1000,1961032923_1,770,0.004244,0.003757,0.148614
B_impress_1000,1961032923_1,771,0.004246,0.003759,0.148614
B_impress_1000,1961032923_1,772,0.004244,0.003757,0.148614
B_impress_1000,1961032923_1,773,0.004244,0.003757,0.148614
B_impress_1000,1961032923_1,774,0.004244,0.003757,0.148614
B_impress_1000,1961032923_1,775,0.004246,0.003759,0.148614
B_impress_1000,1961032923_1,776,0.004246,0.003759,0.148614
B_impress_1000,1961032923_1,777,0.004244,0.003757,0.148614
B_impress_1000,1961032923_1,778,0.004244,0.003757,0.148614
B_impress_1000,1961032923_1,779,0.004246,0.003759,0.148614
B_impress_1000,1961032923_1,780,0.004244,0.003757,0.148614
B_impress_1000,1961032923_1,781,0.004244,0.003757,0.148614
B_impress_1000,1961032923_1,782,0.004246,0.003759,0.148614
B_impress_1000,1961032923_1,783,0.004244,0.003757,0.148614
B_impress_1000,1961032923_1,784,0.004244,0.003757,0.148614
B_impress_1000,1961032923_1,785,0.004244,0.003757,0.148614
B_impress_1000,1961032923_1,786,0.004244,0.003757,0.148614
B_impress_1000,1961032923_1,787,0.004244,0.003757,0.148614
B_impress_1000,1961032923_1,788,0.004244,0.003757,0.148614
B_impress_1000,1961032923_1,789,0.004244,0.003757,0.148614
B_impress_1000,1961032923_1,790,0.004244,0.003757,0.148614
B_impress_1000,1961032923_1,791,0.004244,0.003757,0.148614
B_impress_1000,1961032923_1,792,0.004244,0.003757,0.148614
B_impress_1000,1961032923_1,793,0.004244,0.003757,0.148614
B_impress_1000,1961032923_1,794,0.004244,0.003757,0.148614
B_impress_1000,1961032923_1,795,0.004244,0.003757,0.148614
B_impress_1000,1961032923_1,796,0.004244,0.003757,0.148614
B_impress_1000,1961032923_1,797,0.004244,0.003757,0.148614
B_impress_1000,1961032923_1,798,0.004244,0.003757,0.148614
B_impress_1000,1961032923_1,799,0.004244,0.003757,0.148614
B_impress_1000,1961032923_1,800,0.004244,0.003757,0.148614
B_impress_1000,1961032923_1,801,0.004244,0.003757,0.148614
B_impress_1000,1961032923_1,802,0.004246,0.003759,0.148614
B_impress_1000,1961032923_1,803,0.004244,0.003757,0.148614
B_impress_1000,1961032923_1,804,0.004244,0.003757,0.148614
B_impress_1000,1961032923_1,805,0.004244,0.003757,0.148614
B_impress_1000,1961032923_1,806,0.004246,0.003759,0.148614
B_impress_1000,1961032923_1,807,0.004244,0.003757,0.148614
B_impress_1000,1961032923_1,808,0.004244,0.003757,0.148614
B_impress_1000,1961032923_1,809,0.004244,0.003757,0.148614
B_impress_1000,1961032923_1,810,0.004244,0.003757,0.148614
B_impress_1000,1961032923_1,811,0.004244,0.003757,0.148614
B_impress_1000,1961032923_1,812,0.004244,0.003757,0.148614
B_impress_1000,1961032923_1,813,0.004244,0.003757,0.148614
B_impress_1000,1961032923_1,814,0.004244,0.003757,0.148614
B_impress_1000,1961032923_1,815,0.004244,0.003757,0.148614
B_impress_1000,1961032923_1,816,0.004244,0.003757,0.148614
B_impress_1000,1961032923_1,817,0.004244,0.003757,0.148614
B_impress_1000,1961032923_1,818,0.004244,0.003757,0.148614
B_impress_1000,1961032923_1,819,0.004244,0.003757,0.148614
B_impress_1000,1961032923_1,820,0.004244,0.003757,0.148614
B_impress_1000,1961032923_1,821,0.004244,0.003757,0.148614
B_impress_1000,1961032923_1,822,0.004244,0.003757,0.148615
B_impress_1000,1961032923_1,823,0.004244,0.003757,0.148615
B_impress_1000,1961032923_1,824,0.004244,0.003757,0.148615
B_impress_1000,1961032923_1,825,0.004244,0.003757,0.148615
B_impress_1000,1961032923_1,826,0.004244,0.003757,0.148615
B_impress_1000,1961032923_1,827,0.004244,0.003757,0.148615
B_impress_1000,1961032923_1,828,0.004244,0.003757,0.148615
B_impress_1000,1961032923_1,829,0.004244,0.003757,0.148615
B_impress_1000,1961032923_1,830,0.004244,0.003757,0.148615
B_impress_1000,1961032923_1,831,0.004244,0.003757,0.148615
B_impress_1000,1961032923_1,832,0.004244,0.003757,0.148615
B_impress_1000,1961032923_1,833,0.004244,0.003757,0.148615
B_impress_1000,1961032923_1,834,0.004244,0.003757,0.148615
B_impress_1000,1961032923_1,835,0.004244,0.003757,0.148615
B_impress_1000,1961032923_1,836,0.004244,0.003757,0.148615
B_impress_1000,1961032923_1,837,0.004244,0.003757,0.148615
B_impress_1000,1961032923_1,838,0.004246,0.003759,0.148615
B_impress_1000,1961032923_1,839,0.004244,0.003757,0.148615
B_impress_1000,1961032923_1,840,0.004244,0.003757,0.148615
B_impress_1000,1961032923_1,841,0.004244,0.003757,0.148615
B_impress_1000,1961032923_1,842,0.004244,0.003757,0.148615
B_impress_1000,1961032923_1,843,0.004244,0.003757,0.148615
B_impress_1000,1961032923_1,844,0.004244,0.003757,0.148615
B_impress_1000,1961032923_1,845,0.004244,0.003757,0.148615
B_impress_1000,1961032923_1,846,0.004244,0.003757,0.148615
B_impress_1000,1961032923_1,847,0.004244,0.003757,0.148615
B_impress_1000,1961032923_1,848,0.004244,0.003757,0.148615
B_impress_1000,1961032923_1,849,0.004244,0.003757,0.148615
B_impress_1000,1961032923_1,850,0.004244,0.003757,0.148615
B_impress_1000,1961032923_1,851,0.004244,0.003757,0.148615
B_impress_1000,1961032923_1,852,0.004244,0.003757,0.148615
B_impress_1000,1961032923_1,853,0.004244,0.003757,0.148615
B_impress_1000,1961032923_1,854,0.004244,0.003757,0.148615
B_impress_1000,1961032923_1,855,0.004244,0.003757,0.148615
B_impress_1000,1961032923_1,856,0.004244,0.003757,0.148615
B_impress_1000,1961032923_1,857,0.004244,0.003757,0.148615
B_impress_1000,1961032923_1,858,0.004244,0.003757,0.148615
B_impress_1000,1961032923_1,859,0.004244,0.003757,0.148615
B_impress_1000,1961032923_1,860,0.004244,0.003757,0.148615
B_impress_1000,1961032923_1,861,0.004244,0.003757,0.148615
B_impress_1000,1961032923_1,862,0.004244,0.003757,0.148615
B_impress_1000,1961032923_1,863,0.004244,0.003757,0.148615
B_impress_1000,1961032923_1,864,0.004244,0.003757,0.148615
B_impress_1000,1961032923_1,865,0.004244,0.003757,0.148615
B_impress_1000,1961032923_1,866,0.004244,0.003757,0.148615
B_impress_1000,1961032923_1,867,0.004244,0.003757,0.148615
B_impress_1000,1961032923_1,868,0.004244,0.003757,0.148615
B_impress_1000,1961032923_1,869,0.004244,0.003757,0.148615
B_impress_1000,1961032923_1,870,0.004244,0.003757,0.148615
B_impress_1000,1961032923_1,871,0.004244,0.003757,0.148615
B_impress_1000,1961032923_1,872,0.004244,0.003757,0.148615
B_impress_1000,1961032923_1,873,0.004244,0.003757,0.148615
B_impress_1000,1961032923_1,874,0.004244,0.003757,0.148615
B_impress_1000,1961032923_1,875,0.004244,0.003757,0.148615
B_impress_1000,1961032923_1,876,0.004244,0.003757,0.148615
B_impress_1000,1961032923_1,877,0.004244,0.003757,0.148615
B_impress_1000,1961032923_1,878,0.004244,0.003757,0.148615
B_impress_1000,1961032923_1,879,0.004244,0.003757,0.148615
B_impress_1000,1961032923_1,880,0.004244,0.003757,0.148615
B_impress_1000,1961032923_1,881,0.004244,0.003757,0.148615
B_impress_1000,1961032923_1,882,0.004244,0.003757,0.148615
B_impress_1000,1961032923_1,883,0.004244,0.003757,0.148615
B_impress_1000,1961032923_1,884,0.004244,0.003757,0.148615
B_impress_1000,1961032923_1,885,0.004246,0.003759,0.148615
B_impress_1000,1961032923_1,886,0.004246,0.003759,0.148615
B_impress_1000,1961032923_1,887,0.004244,0.003757,0.148615
B_impress_1000,1961032923_1,888,0.004244,0.003757,0.148615
B_impress_1000,1961032923_1,889,0.004244,0.003757,0.148615
B_impress_1000,1961032923_1,890,0.004244,0.003757,0.148615
B_impress_1000,1961032923_1,891,0.004244,0.003757,0.148615
B_impress_1000,1961032923_1,892,0.004244,0.003757,0.148615
B_impress_1000,1961032923_1,893,0.004244,0.003757,0.148615
B_impress_1000,1961032923_1,894,0.004244,0.003757,0.148615
B_impress_1000,1961032923_1,895,0.004244,0.003757,0.148615
B_impress_1000,1961032923_1,896,0.004244,0.003757,0.148615
B_impress_1000,1961032923_1,897,0.004244,0.003757,0.148615
B_impress_1000,1961032923_1,898,0.004244,0.003757,0.148615
B_impress_1000,1961032923_1,899,0.004244,0.003757,0.148615
B_impress_1000,1961032923_1,900,0.004244,0.003757,0.148615
B_impress_1000,1961032923_1,901,0.004244,0.003757,0.148615
B_impress_1000,1961032923_1,902,0.004242,0.003756,0.148615
B_impress_1000,1961032923_1,903,0.004244,0.003757,0.148615
B_impress_1000,1961032923_1,904,0.004244,0.003757,0.148615
B_impress_1000,1961032923_1,905,0.004244,0.003757,0.148615
B_impress_1000,1961032923_1,906,0.004244,0.003757,0.148615
B_impress_1000,1961032923_1,907,0.004244,0.003757,0.148615
B_impress_1000,1961032923_1,908,0.004244,0.003757,0.148615
B_impress_1000,1961032923_1,909,0.004244,0.003757,0.148615
B_impress_1000,1961032923_1,910,0.004244,0.003757,0.148615
B_impress_1000,1961032923_1,911,0.004244,0.003757,0.148615
B_impress_1000,1961032923_1,912,0.004244,0.003757,0.148615
B_impress_1000,1961032923_1,913,0.004244,0.003757,0.148615
B_impress_1000,1961032923_1,914,0.004244,0.003757,0.148615
B_impress_1000,1961032923_1,915,0.004244,0.003757,0.148615
B_impress_1000,1961032923_1,916,0.004244,0.003757,0.148615
B_impress_1000,1961032923_1,917,0.004244,0.003757,0.148615
B_impress_1000,1961032923_1,918,0.004244,0.003757,0.148615
B_impress_1000,1961032923_1,919,0.004244,0.003757,0.148615
B_impress_1000,1961032923_1,920,0.004244,0.003757,0.148615
B_impress_1000,1961032923_1,921,0.004244,0.003757,0.148615
B_impress_1000,1961032923_1,922,0.004244,0.003757,0.148615
B_impress_1000,1961032923_1,923,0.004244,0.003757,0.148615
B_impress_1000,1961032923_1,924,0.004244,0.003757,0.148615
B_impress_1000,1961032923_1,925,0.004244,0.003757,0.148615
B_impress_1000,1961032923_1,926,0.004246,0.003759,0.148615
B_impress_1000,1961032923_1,927,0.004244,0.003757,0.148615
B_impress_1000,1961032923_1,928,0.004242,0.003756,0.148615
B_impress_1000,1961032923_1,929,0.004244,0.003757,0.148615
B_impress_1000,1961032923_1,930,0.004244,0.003757,0.148615
B_impress_1000,1961032923_1,931,0.004244,0.003757,0.148615
B_impress_1000,1961032923_1,932,0.004244,0.003757,0.148615
B_impress_1000,1961032923_1,933,0.004244,0.003757,0.148615
B_impress_1000,1961032923_1,934,0.004244,0.003757,0.148615
B_impress_1000,1961032923_1,935,0.004244,0.003757,0.148615
B_impress_1000,1961032923_1,936,0.004244,0.003757,0.148615
B_impress_1000,1961032923_1,937,0.004244,0.003757,0.148615
B_impress_1000,1961032923_1,938,0.004244,0.003757,0.148615
B_impress_1000,1961032923_1,939,0.004246,0.003759,0.148615
B_impress_1000,1961032923_1,940,0.004244,0.003757,0.148615
B_impress_1000,1961032923_1,941,0.004246,0.003759,0.148615
B_impress_1000,1961032923_1,942,0.004246,0.003759,0.148615
B_impress_1000,1961032923_1,943,0.004244,0.003757,0.148615
B_impress_1000,1961032923_1,944,0.004244,0.003757,0.148615
B_impress_1000,1961032923_1,945,0.004244,0.003757,0.148615
B_impress_1000,1961032923_1,946,0.004244,0.003757,0.148615
B_impress_1000,1961032923_1,947,0.004244,0.003757,0.148615
B_impress_1000,1961032923_1,948,0.004244,0.003757,0.148615
B_impress_1000,1961032923_1,949,0.004244,0.003757,0.148615
B_impress_1000,1961032923_1,950,0.004244,0.003757,0.148615
B_impress_1000,1961032923_1,951,0.004244,0.003757,0.148615
B_impress_1000,1961032923_1,952,0.004244,0.003757,0.148615
B_impress_1000,1961032923_1,953,0.004246,0.003759,0.148615
B_impress_1000,1961032923_1,954,0.004244,0.003757,0.148615
B_impress_1000,1961032923_1,955,0.004244,0.003757,0.148615
B_impress_1000,1961032923_1,956,0.004244,0.003757,0.148615
B_impress_1000,1961032923_1,957,0.004244,0.003757,0.148615
B_impress_1000,1961032923_1,958,0.004244,0.003757,0.148615
B_impress_1000,1961032923_1,959,0.004244,0.003757,0.148615
B_impress_1000,1961032923_1,960,0.004244,0.003757,0.148615
B_impress_1000,1961032923_1,961,0.004244,0.003757,0.148615
B_impress_1000,1961032923_1,962,0.004244,0.003757,0.148615
B_impress_1000,1961032923_1,963,0.004244,0.003757,0.148615
B_impress_1000,1961032923_1,964,0.004246,0.003759,0.148615
B_impress_1000,1961032923_1,965,0.004244,0.003757,0.148615
B_impress_1000,1961032923_1,966,0.004244,0.003757,0.148615
B_impress_1000,1961032923_1,967,0.004244,0.003757,0.148615
B_impress_1000,1961032923_1,968,0.004244,0.003757,0.148615
B_impress_1000,1961032923_1,969,0.004244,0.003757,0.148615
B_impress_1000,1961032923_1,970,0.004244,0.003757,0.148615
B_impress_1000,1961032923_1,971,0.004244,0.003757,0.148615
B_impress_1000,1961032923_1,972,0.004244,0.003757,0.148615
B_impress_1000,1961032923_1,973,0.004244,0.003757,0.148615
B_impress_1000,1961032923_1,974,0.004244,0.003757,0.148615
B_impress_1000,1961032923_1,975,0.004244,0.003757,0.148615
B_impress_1000,1961032923_1,976,0.004244,0.003757,0.148615
B_impress_1000,1961032923_1,977,0.004244,0.003757,0.148615
B_impress_1000,1961032923_1,978,0.004246,0.003759,0.148615
B_impress_1000,1961032923_1,979,0.004244,0.003757,0.148615
B_impress_1000,1961032923_1,980,0.004244,0.003757,0.148615
B_impress_1000,1961032923_1,981,0.004244,0.003757,0.148615
B_impress_1000,1961032923_1,982,0.004244,0.003757,0.148615
B_impress_1000,1961032923_1,983,0.004244,0.003757,0.148615
B_impress_1000,1961032923_1,984,0.004244,0.003757,0.148615
B_impress_1000,1961032923_1,985,0.004244,0.003757,0.148615
B_impress_1000,1961032923_1,986,0.004244,0.003757,0.148615
B_impress_1000,1961032923_1,987,0.004246,0.003759,0.148615
B_impress_1000,1961032923_1,988,0.004244,0.003757,0.148615
B_impress_1000,1961032923_1,989,0.004244,0.003757,0.148615
B_impress_1000,1961032923_1,990,0.004244,0.003757,0.148615
B_impress_1000,1961032923_1,991,0.004244,0.003757,0.148615
B_impress_1000,1961032923_1,992,0.004244,0.003757,0.148615
B_impress_1000,1961032923_1,993,0.004244,0.003757,0.148615
B_impress_1000,1961032923_1,994,0.004244,0.003757,0.148615
B_impress_1000,1961032923_1,995,0.004244,0.003757,0.148615
B_impress_1000,1961032923_1,996,0.004244,0.003757,0.148615
B_impress_1000,1961032923_1,997,0.004244,0.003757,0.148615
B_impress_1000,1961032923_1,998,0.004244,0.003757,0.148615
B_impress_1000,1961032923_1,999,0.004244,0.003757,0.148615
B_impress_1000,1961032923_1,1000,0.004244,0.003757,0.148615
B_impress_1000,2061993362_1,1,0.008518,0.006756,0.276233
B_impress_1000,2061993362_1,2,0.008055,0.006500,0.255513
B_impress_1000,2061993362_1,3,0.007896,0.006477,0.241852
B_impress_1000,2061993362_1,4,0.007772,0.006451,0.232100
B_impress_1000,2061993362_1,5,0.007672,0.006432,0.224082
B_impress_1000,2061993362_1,6,0.007586,0.006409,0.217709
B_impress_1000,2061993362_1,7,0.007514,0.006393,0.212058
B_impress_1000,2061993362_1,8,0.007463,0.006386,0.207707
B_impress_1000,2061993362_1,9,0.007412,0.006374,0.203780
B_impress_1000,2061993362_1,10,0.007370,0.006367,0.200285
B_impress_1000,2061993362_1,11,0.007318,0.006348,0.197057
B_impress_1000,2061993362_1,12,0.007276,0.006336,0.193950
B_impress_1000,2061993362_1,13,0.007235,0.006325,0.190990
B_impress_1000,2061993362_1,14,0.007194,0.006310,0.188496
B_impress_1000,2061993362_1,15,0.007163,0.006302,0.186081
B_impress_1000,2061993362_1,16,0.007124,0.006287,0.183782
B_impress_1000,2061993362_1,17,0.007088,0.006271,0.181628
B_impress_1000,2061993362_1,18,0.007055,0.006260,0.179546
B_impress_1000,2061993362_1,19,0.007024,0.006248,0.177554
B_impress_1000,2061993362_1,20,0.006995,0.006237,0.175750
B_impress_1000,2061993362_1,21,0.006966,0.006226,0.174055
B_impress_1000,2061993362_1,22,0.006942,0.006218,0.172441
B_impress_1000,2061993362_1,23,0.006916,0.006207,0.170916
B_impress_1000,2061993362_1,24,0.006893,0.006199,0.169451
B_impress_1000,2061993362_1,25,0.006868,0.006187,0.168033
B_impress_1000,2061993362_1,26,0.006843,0.006176,0.166658
B_impress_1000,2061993362_1,27,0.006822,0.006168,0.165316
B_impress_1000,2061993362_1,28,0.006793,0.006153,0.164002
B_impress_1000,2061993362_1,29,0.006765,0.006138,0.162722
B_impress_1000,2061993362_1,30,0.006741,0.006126,0.161473
B_impress_1000,2061993362_1,31,0.006718,0.006115,0.160256
B_impress_1000,2061993362_1,32,0.006694,0.006104,0.159067
B_impress_1000,2061993362_1,33,0.006671,0.006092,0.157911
B_impress_1000,2061993362_1,34,0.006648,0.006081,0.156786
B_impress_1000,2061993362_1,35,0.006622,0.006065,0.155687
B_impress_1000,2061993362_1,36,0.006603,0.006054,0.154909
B_impress_1000,2061993362_1,37,0.006584,0.006042,0.154146
B_impress_1000,2061993362_1,38,0.006573,0.006039,0.153400
B_impress_1000,2061993362_1,39,0.006554,0.006027,0.152670
B_impress_1000,2061993362_1,40,0.006539,0.006020,0.151955
B_impress_1000,2061993362_1,41,0.006521,0.006008,0.151253
B_impress_1000,2061993362_1,42,0.006502,0.005997,0.150564
B_impress_1000,2061993362_1,43,0.006484,0.005985,0.149890
B_impress_1000,2061993362_1,44,0.006466,0.005974,0.149230
B_impress_1000,2061993362_1,45,0.006448,0.005962,0.148584
B_impress_1000,2061993362_1,46,0.006430,0.005951,0.147951
B_impress_1000,2061993362_1,47,0.006413,0.005939,0.147329
B_impress_1000,2061993362_1,48,0.006395,0.005928,0.146718
B_impress_1000,2061993362_1,49,0.006382,0.005920,0.146119
B_impress_1000,2061993362_1,50,0.006368,0.005913,0.145529
B_impress_1000,2061993362_1,51,0.006347,0.005898,0.144949
B_impress_1000,2061993362_1,52,0.006326,0.005882,0.144379
B_impress_1000,2061993362_1,53,0.006317,0.005878,0.143819
B_impress_1000,2061993362_1,54,0.006296,0.005863,0.143268
B_impress_1000,2061993362_1,55,0.006287,0.005859,0.142727
B_impress_1000,2061993362_1,56,0.006270,0.005848,0.142194
B_impress_1000,2061993362_1,57,0.006253,0.005836,0.141669
B_impress_1000,2061993362_1,58,0.006237,0.005825,0.141151
B_impress_1000,2061993362_1,59,0.006228,0.005821,0.140640
B_impress_1000,2061993362_1,60,0.006207,0.005806,0.140137
B_impress_1000,2061993362_1,61,0.006195,0.005798,0.139641
B_impress_1000,2061993362_1,62,0.006175,0.005783,0.139152
B_impress_1000,2061993362_1,63,0.006158,0.005772,0.138670
B_impress_1000,2061993362_1,64,0.006146,0.005764,0.138197
B_impress_1000,2061993362_1,65,0.006130,0.005753,0.137729
B_impress_1000,2061993362_1,66,0.006118,0.005745,0.137267
B_impress_1000,2061993362_1,67,0.006102,0.005733,0.136812
B_impress_1000,2061993362_1,68,0.006086,0.005722,0.136364
B_impress_1000,2061993362_1,69,0.006070,0.005711,0.135923
B_impress_1000,2061993362_1,70,0.006054,0.005699,0.135488
B_impress_1000,2061993362_1,71,0.006035,0.005684,0.135060
B_impress_1000,2061993362_1,72,0.006023,0.005676,0.134639
B_impress_1000,2061993362_1,73,0.006007,0.005665,0.134224
B_impress_1000,2061993362_1,74,0.005992,0.005653,0.133815
B_impress_1000,2061993362_1,75,0.005980,0.005646,0.133411
B_impress_1000,2061993362_1,76,0.005964,0.005634,0.133013
B_impress_1000,2061993362_1,77,0.005949,0.005623,0.132619
B_impress_1000,2061993362_1,78,0.005930,0.005608,0.132230
B_impress_1000,2061993362_1,79,0.005922,0.005604,0.131846
B_impress_1000,2061993362_1,80,0.005907,0.005592,0.131467
B_impress_1000,2061993362_1,81,0.005892,0.005581,0.131094
B_impress_1000,2061993362_1,82,0.005877,0.005569,0.130725
B_impress_1000,2061993362_1,83,0.005865,0.005562,0.130362
B_impress_1000,2061993362_1,84,0.005850,0.005550,0.130003
B_impress_1000,2061993362_1,85,0.005835,0.005539,0.129649
B_impress_1000,2061993362_1,86,0.005828,0.005535,0.129299
B_impress_1000,2061993362_1,87,0.005813,0.005524,0.128954
B_impress_1000,2061993362_1,88,0.005798,0.005512,0.128614
B_impress_1000,2061993362_1,89,0.005784,0.005501,0.128278
B_impress_1000,2061993362_1,90,0.005773,0.005493,0.127946
B_impress_1000,2061993362_1,91,0.005766,0.005489,0.127618
B_impress_1000,2061993362_1,92,0.005747,0.005474,0.127295
B_impress_1000,2061993362_1,93,0.005736,0.005466,0.126975
B_impress_1000,2061993362_1,94,0.005722,0.005455,0.126659
B_impress_1000,2061993362_1,95,0.005711,0.005447,0.126347
B_impress_1000,2061993362_1,96,0.005696,0.005436,0.126038
B_impress_1000,2061993362_1,97,0.005686,0.005428,0.125733
B_impress_1000,2061993362_1,98,0.005671,0.005417,0.125431
B_impress_1000,2061993362_1,99,0.005657,0.005405,0.125133
B_impress_1000,2061993362_1,100,0.005646,0.005398,0.124839
B_impress_1000,2061993362_1,101,0.005632,0.005386,0.124547
B_impress_1000,2061993362_1,102,0.005625,0.005383,0.124257
B_impress_1000,2061993362_1,103,0.005615,0.005375,0.123971
B_impress_1000,2061993362_1,104,0.005604,0.005367,0.123689
B_impress_1000,2061993362_1,105,0.005594,0.005360,0.123409
B_impress_1000,2061993362_1,106,0.005580,0.005348,0.123131
B_impress_1000,2061993362_1,107,0.005569,0.005341,0.122857
B_impress_1000,2061993362_1,108,0.005559,0.005333,0.122584
B_impress_1000,2061993362_1,109,0.005545,0.005322,0.122314
B_impress_1000,2061993362_1,110,0.005534,0.005314,0.122047
B_impress_1000,2061993362_1,111,0.005524,0.005306,0.121782
B_impress_1000,2061993362_1,112,0.005510,0.005295,0.121520
B_impress_1000,2061993362_1,113,0.005500,0.005287,0.121261
B_impress_1000,2061993362_1,114,0.005493,0.005283,0.121004
B_impress_1000,2061993362_1,115,0.005483,0.005276,0.120750
B_impress_1000,2061993362_1,116,0.005473,0.005268,0.120499
B_impress_1000,2061993362_1,117,0.005463,0.005260,0.120251
B_impress_1000,2061993362_1,118,0.005449,0.005249,0.120004
B_impress_1000,2061993362_1,119,0.005439,0.005241,0.119761
B_impress_1000,2061993362_1,120,0.005429,0.005234,0.119519
B_impress_1000,2061993362_1,121,0.005419,0.005226,0.119280
B_impress_1000,2061993362_1,122,0.005405,0.005215,0.119044
B_impress_1000,2061993362_1,123,0.005399,0.005211,0.118811
B_impress_1000,2061993362_1,124,0.005389,0.005203,0.118580
B_impress_1000,2061993362_1,125,0.005379,0.005196,0.118351
B_impress_1000,2061993362_1,126,0.005369,0.005188,0.118125
B_impress_1000,2061993362_1,127,0.005359,0.005180,0.117900
B_impress_1000,2061993362_1,128,0.005350,0.005173,0.117678
B_impress_1000,2061993362_1,129,0.005344,0.005169,0.117459
B_impress_1000,2061993362_1,130,0.005330,0.005157,0.117242
B_impress_1000,2061993362_1,131,0.005324,0.005154,0.117027
B_impress_1000,2061993362_1,132,0.005314,0.005146,0.116814
B_impress_1000,2061993362_1,133,0.005301,0.005135,0.116603
B_impress_1000,2061993362_1,134,0.005295,0.005131,0.116395
B_impress_1000,2061993362_1,135,0.005285,0.005123,0.116188
B_impress_1000,2061993362_1,136,0.005275,0.005116,0.115983
B_impress_1000,2061993362_1,137,0.005262,0.005104,0.115779
B_impress_1000,2061993362_1,138,0.005256,0.005100,0.115577
B_impress_1000,2061993362_1,139,0.005243,0.005089,0.115378
B_impress_1000,2061993362_1,140,0.005233,0.005081,0.115180
B_impress_1000,2061993362_1,141,0.005227,0.005077,0.114984
B_impress_1000,2061993362_1,142,0.005218,0.005070,0.114790
B_impress_1000,2061993362_1,143,0.005212,0.005066,0.114597
B_impress_1000,2061993362_1,144,0.005199,0.005054,0.114406
B_impress_1000,2061993362_1,145,0.005185,0.005043,0.114217
B_impress_1000,2061993362_1,146,0.005176,0.005035,0.114029
B_impress_1000,2061993362_1,147,0.005170,0.005032,0.113843
B_impress_1000,2061993362_1,148,0.005161,0.005024,0.113659
B_impress_1000,2061993362_1,149,0.005151,0.005016,0.113477
B_impress_1000,2061993362_1,150,0.005142,0.005009,0.113296
B_impress_1000,2061993362_1,151,0.005132,0.005001,0.113117
B_impress_1000,2061993362_1,152,0.005123,0.004993,0.112941
B_impress_1000,2061993362_1,153,0.005113,0.004986,0.112765
B_impress_1000,2061993362_1,154,0.005108,0.004982,0.112592
B_impress_1000,2061993362_1,155,0.005099,0.004974,0.112420
B_impress_1000,2061993362_1,156,0.005089,0.004967,0.112249
B_impress_1000,2061993362_1,157,0.005080,0.004959,0.112080
B_impress_1000,2061993362_1,158,0.005071,0.004951,0.111912
B_impress_1000,2061993362_1,159,0.005061,0.004944,0.111746
B_impress_1000,2061993362_1,160,0.005052,0.004936,0.111582
B_impress_1000,2061993362_1,161,0.005043,0.004929,0.111419
B_impress_1000,2061993362_1,162,0.005037,0.004925,0.111257
B_impress_1000,2061993362_1,163,0.005028,0.004917,0.111097
B_impress_1000,2061993362_1,164,0.005015,0.004906,0.110938
B_impress_1000,2061993362_1,165,0.005010,0.004902,0.110781
B_impress_1000,2061993362_1,166,0.005001,0.004894,0.110625
B_impress_1000,2061993362_1,167,0.004995,0.004890,0.110471
B_impress_1000,2061993362_1,168,0.004986,0.004883,0.110318
B_impress_1000,2061993362_1,169,0.004977,0.004875,0.110165
B_impress_1000,2061993362_1,170,0.004968,0.004868,0.110014
B_impress_1000,2061993362_1,171,0.004959,0.004860,0.109864
B_impress_1000,2061993362_1,172,0.004953,0.004856,0.109716
B_impress_1000,2061993362_1,173,0.004944,0.004848,0.109569
B_impress_1000,2061993362_1,174,0.004939,0.004845,0.109423
B_impress_1000,2061993362_1,175,0.004930,0.004837,0.109279
B_impress_1000,2061993362_1,176,0.004921,0.004829,0.109136
B_impress_1000,2061993362_1,177,0.004912,0.004822,0.108995
B_impress_1000,2061993362_1,178,0.004907,0.004818,0.108854
B_impress_1000,2061993362_1,179,0.004897,0.004810,0.108716
B_impress_1000,2061993362_1,180,0.004892,0.004807,0.108578
B_impress_1000,2061993362_1,181,0.004883,0.004799,0.108442
B_impress_1000,2061993362_1,182,0.004874,0.004791,0.108307
B_impress_1000,2061993362_1,183,0.004865,0.004784,0.108174
B_impress_1000,2061993362_1,184,0.004860,0.004780,0.108040
B_impress_1000,2061993362_1,185,0.004851,0.004772,0.107908
B_impress_1000,2061993362_1,186,0.004842,0.004765,0.107777
B_impress_1000,2061993362_1,187,0.004837,0.004761,0.107647
B_impress_1000,2061993362_1,188,0.004828,0.004753,0.107517
B_impress_1000,2061993362_1,189,0.004823,0.004749,0.107389
B_impress_1000,2061993362_1,190,0.004810,0.004738,0.107262
B_impress_1000,2061993362_1,191,0.004805,0.004734,0.107136
B_impress_1000,2061993362_1,192,0.004797,0.004726,0.107011
B_impress_1000,2061993362_1,193,0.004791,0.004723,0.106887
B_impress_1000,2061993362_1,194,0.004783,0.004715,0.106765
B_impress_1000,2061993362_1,195,0.004778,0.004711,0.106648
B_impress_1000,2061993362_1,196,0.004769,0.004704,0.106533
B_impress_1000,2061993362_1,197,0.004764,0.004700,0.106419
B_impress_1000,2061993362_1,198,0.004755,0.004692,0.106306
B_impress_1000,2061993362_1,199,0.004746,0.004684,0.106193
B_impress_1000,2061993362_1,200,0.004741,0.004681,0.106082
B_impress_1000,2061993362_1,201,0.004733,0.004673,0.105972
B_impress_1000,2061993362_1,202,0.004724,0.004665,0.105863
B_impress_1000,2061993362_1,203,0.004719,0.004662,0.105754
B_impress_1000,2061993362_1,204,0.004714,0.004658,0.105647
B_impress_1000,2061993362_1,205,0.004709,0.004654,0.105540
B_impress_1000,2061993362_1,206,0.004701,0.004646,0.105434
B_impress_1000,2061993362_1,207,0.004696,0.004642,0.105329
B_impress_1000,2061993362_1,208,0.004691,0.004639,0.105224
B_impress_1000,2061993362_1,209,0.004678,0.004627,0.105121
B_impress_1000,2061993362_1,210,0.004674,0.004623,0.105019
B_impress_1000,2061993362_1,211,0.004665,0.004616,0.104918
B_impress_1000,2061993362_1,212,0.004656,0.004608,0.104818
B_impress_1000,2061993362_1,213,0.004652,0.004604,0.104719
B_impress_1000,2061993362_1,214,0.004647,0.004601,0.104621
B_impress_1000,2061993362_1,215,0.004638,0.004593,0.104524
B_impress_1000,2061993362_1,216,0.004633,0.004589,0.104428
B_impress_1000,2061993362_1,217,0.004629,0.004585,0.104332
B_impress_1000,2061993362_1,218,0.004624,0.004581,0.104237
B_impress_1000,2061993362_1,219,0.004615,0.004574,0.104143
B_impress_1000,2061993362_1,220,0.004610,0.004570,0.104049
B_impress_1000,2061993362_1,221,0.004606,0.004566,0.103956
B_impress_1000,2061993362_1,222,0.004597,0.004559,0.103864
B_impress_1000,2061993362_1,223,0.004592,0.004555,0.103773
B_impress_1000,2061993362_1,224,0.004588,0.004551,0.103682
B_impress_1000,2061993362_1,225,0.004579,0.004543,0.103593
B_impress_1000,2061993362_1,226,0.004571,0.004536,0.103504
B_impress_1000,2061993362_1,227,0.004566,0.004532,0.103416
B_impress_1000,2061993362_1,228,0.004561,0.004528,0.103329
B_impress_1000,2061993362_1,229,0.004557,0.004524,0.103242
B_impress_1000,2061993362_1,230,0.004548,0.004517,0.103157
B_impress_1000,2061993362_1,231,0.004544,0.004513,0.103071
B_impress_1000,2061993362_1,232,0.004539,0.004509,0.102987
B_impress_1000,2061993362_1,233,0.004534,0.004505,0.102903
B_impress_1000,2061993362_1,234,0.004526,0.004498,0.102820
B_impress_1000,2061993362_1,235,0.004521,0.004494,0.102737
B_impress_1000,2061993362_1,236,0.004513,0.004486,0.102655
B_impress_1000,2061993362_1,237,0.004508,0.004482,0.102574
B_impress_1000,2061993362_1,238,0.004503,0.004478,0.102493
B_impress_1000,2061993362_1,239,0.004499,0.004475,0.102413
B_impress_1000,2061993362_1,240,0.004490,0.004467,0.102334
B_impress_1000,2061993362_1,241,0.004486,0.004463,0.102255
B_impress_1000,2061993362_1,242,0.004477,0.004456,0.102177
B_impress_1000,2061993362_1,243,0.004473,0.004452,0.102100
B_impress_1000,2061993362_1,244,0.004468,0.004448,0.102023
B_impress_1000,2061993362_1,245,0.004464,0.004444,0.101947
B_impress_1000,2061993362_1,246,0.004463,0.004444,0.101872
B_impress_1000,2061993362_1,247,0.004454,0.004436,0.101797
B_impress_1000,2061993362_1,248,0.004450,0.004433,0.101722
B_impress_1000,2061993362_1,249,0.004445,0.004429,0.101648
B_impress_1000,2061993362_1,250,0.004441,0.004425,0.101575
B_impress_1000,2061993362_1,251,0.004429,0.004414,0.101501
B_impress_1000,2061993362_1,252,0.004428,0.004414,0.101430
B_impress_1000,2061993362_1,253,0.004423,0.004410,0.101358
B_impress_1000,2061993362_1,254,0.004419,0.004406,0.101287
B_impress_1000,2061993362_1,255,0.004414,0.004402,0.101217
B_impress_1000,2061993362_1,256,0.004410,0.004398,0.101147
B_impress_1000,2061993362_1,257,0.004405,0.004395,0.101078
B_impress_1000,2061993362_1,258,0.004397,0.004387,0.101009
B_impress_1000,2061993362_1,259,0.004392,0.004383,0.100941
B_impress_1000,2061993362_1,260,0.004388,0.004379,0.100874
B_impress_1000,2061993362_1,261,0.004384,0.004375,0.100807
B_impress_1000,2061993362_1,262,0.004379,0.004372,0.100740
B_impress_1000,2061993362_1,263,0.004375,0.004368,0.100674
B_impress_1000,2061993362_1,264,0.004370,0.004364,0.100609
B_impress_1000,2061993362_1,265,0.004366,0.004360,0.100544
B_impress_1000,2061993362_1,266,0.004361,0.004356,0.100480
B_impress_1000,2061993362_1,267,0.004357,0.004353,0.100417
B_impress_1000,2061993362_1,268,0.004352,0.004349,0.100354
B_impress_1000,2061993362_1,269,0.004348,0.004345,0.100292
B_impress_1000,2061993362_1,270,0.004343,0.004341,0.100230
B_impress_1000,2061993362_1,271,0.004339,0.004337,0.100169
B_impress_1000,2061993362_1,272,0.004338,0.004337,0.100108
B_impress_1000,2061993362_1,273,0.004330,0.004330,0.100048
B_impress_1000,2061993362_1,274,0.004330,0.004330,0.099989
B_impress_1000,2061993362_1,275,0.004326,0.004326,0.099941
B_impress_1000,2061993362_1,276,0.004322,0.004322,0.099900
B_impress_1000,2061993362_1,277,0.004318,0.004318,0.099861
B_impress_1000,2061993362_1,278,0.004314,0.004314,0.099824
B_impress_1000,2061993362_1,279,0.004311,0.004311,0.099788
B_impress_1000,2061993362_1,280,0.004311,0.004311,0.099753
B_impress_1000,2061993362_1,281,0.004307,0.004307,0.099720
B_impress_1000,2061993362_1,282,0.004303,0.004303,0.099690
B_impress_1000,2061993362_1,283,0.004299,0.004299,0.099660
B_impress_1000,2061993362_1,284,0.004295,0.004295,0.099631
B_impress_1000,2061993362_1,285,0.004295,0.004295,0.099603
B_impress_1000,2061993362_1,286,0.004292,0.004292,0.099576
B_impress_1000,2061993362_1,287,0.004288,0.004288,0.099549
B_impress_1000,2061993362_1,288,0.004288,0.004288,0.099524
B_impress_1000,2061993362_1,289,0.004284,0.004284,0.099499
B_impress_1000,2061993362_1,290,0.004276,0.004276,0.099475
B_impress_1000,2061993362_1,291,0.004276,0.004276,0.099452
B_impress_1000,2061993362_1,292,0.004272,0.004272,0.099430
B_impress_1000,2061993362_1,293,0.004269,0.004269,0.099409
B_impress_1000,2061993362_1,294,0.004265,0.004265,0.099389
B_impress_1000,2061993362_1,295,0.004265,0.004265,0.099370
B_impress_1000,2061993362_1,296,0.004261,0.004261,0.099351
B_impress_1000,2061993362_1,297,0.004261,0.004261,0.099334
B_impress_1000,2061993362_1,298,0.004257,0.004257,0.099317
B_impress_1000,2061993362_1,299,0.004253,0.004253,0.099301
B_impress_1000,2061993362_1,300,0.004250,0.004250,0.099286
B_impress_1000,2061993362_1,301,0.004246,0.004246,0.099272
B_impress_1000,2061993362_1,302,0.004242,0.004242,0.099259
B_impress_1000,2061993362_1,303,0.004238,0.004238,0.099247
B_impress_1000,2061993362_1,304,0.004238,0.004238,0.099236
B_impress_1000,2061993362_1,305,0.004234,0.004234,0.099225
B_impress_1000,2061993362_1,306,0.004230,0.004230,0.099216
B_impress_1000,2061993362_1,307,0.004227,0.004227,0.099207
B_impress_1000,2061993362_1,308,0.004223,0.004223,0.099200
B_impress_1000,2061993362_1,309,0.004223,0.004223,0.099193
B_impress_1000,2061993362_1,310,0.004219,0.004219,0.099187
B_impress_1000,2061993362_1,311,0.004215,0.004215,0.099182
B_impress_1000,2061993362_1,312,0.004211,0.004211,0.099178
B_impress_1000,2061993362_1,313,0.004211,0.004211,0.099175
B_impress_1000,2061993362_1,314,0.004208,0.004208,0.099173
B_impress_1000,2061993362_1,315,0.004200,0.004200,0.099172
B_impress_1000,2061993362_1,316,0.004200,0.004200,0.099171
B_impress_1000,2061993362_1,317,0.004196,0.004196,0.099172
B_impress_1000,2061993362_1,318,0.004196,0.004196,0.099173
B_impress_1000,2061993362_1,319,0.004192,0.004192,0.099175
B_impress_1000,2061993362_1,320,0.004189,0.004189,0.099179
B_impress_1000,2061993362_1,321,0.004189,0.004189,0.099182
B_impress_1000,2061993362_1,322,0.004185,0.004185,0.099187
B_impress_1000,2061993362_1,323,0.004181,0.004181,0.099191
B_impress_1000,2061993362_1,324,0.004181,0.004181,0.099197
B_impress_1000,2061993362_1,325,0.004177,0.004177,0.099203
B_impress_1000,2061993362_1,326,0.004177,0.004177,0.099210
B_impress_1000,2061993362_1,327,0.004173,0.004173,0.099218
B_impress_1000,2061993362_1,328,0.004169,0.004169,0.099227
B_impress_1000,2061993362_1,329,0.004169,0.004169,0.099236
B_impress_1000,2061993362_1,330,0.004166,0.004166,0.099246
B_impress_1000,2061993362_1,331,0.004162,0.004162,0.099256
B_impress_1000,2061993362_1,332,0.004162,0.004162,0.099268
B_impress_1000,2061993362_1,333,0.004162,0.004162,0.099280
B_impress_1000,2061993362_1,334,0.004158,0.004158,0.099293
B_impress_1000,2061993362_1,335,0.004154,0.004154,0.099306
B_impress_1000,2061993362_1,336,0.004154,0.004154,0.099321
B_impress_1000,2061993362_1,337,0.004150,0.004150,0.099336
B_impress_1000,2061993362_1,338,0.004147,0.004147,0.099352
B_impress_1000,2061993362_1,339,0.004147,0.004147,0.099369
B_impress_1000,2061993362_1,340,0.004143,0.004143,0.099386
B_impress_1000,2061993362_1,341,0.004143,0.004143,0.099405
B_impress_1000,2061993362_1,342,0.004139,0.004139,0.099424
B_impress_1000,2061993362_1,343,0.004139,0.004139,0.099445
B_impress_1000,2061993362_1,344,0.004135,0.004135,0.099466
B_impress_1000,2061993362_1,345,0.004131,0.004131,0.099487
B_impress_1000,2061993362_1,346,0.004131,0.004131,0.099510
B_impress_1000,2061993362_1,347,0.004128,0.004128,0.099533
B_impress_1000,2061993362_1,348,0.004128,0.004128,0.099557
B_impress_1000,2061993362_1,349,0.004124,0.004124,0.099581
B_impress_1000,2061993362_1,350,0.004124,0.004124,0.099606
B_impress_1000,2061993362_1,351,0.004120,0.004120,0.099632
B_impress_1000,2061993362_1,352,0.004120,0.004120,0.099659
B_impress_1000,2061993362_1,353,0.004116,0.004116,0.099686
B_impress_1000,2061993362_1,354,0.004116,0.004116,0.099714
B_impress_1000,2061993362_1,355,0.004112,0.004112,0.099743
B_impress_1000,2061993362_1,356,0.004112,0.004112,0.099772
B_impress_1000,2061993362_1,357,0.004108,0.004108,0.099803
B_impress_1000,2061993362_1,358,0.004108,0.004108,0.099834
B_impress_1000,2061993362_1,359,0.004105,0.004105,0.099865
B_impress_1000,2061993362_1,360,0.004101,0.004101,0.099898
B_impress_1000,2061993362_1,361,0.004101,0.004101,0.099931
B_impress_1000,2061993362_1,362,0.004101,0.004101,0.099965
B_impress_1000,2061993362_1,363,0.004097,0.004097,0.100000
B_impress_1000,2061993362_1,364,0.004094,0.004093,0.100036
B_impress_1000,2061993362_1,365,0.004093,0.004093,0.099977
B_impress_1000,2061993362_1,366,0.004089,0.004089,0.099930
B_impress_1000,2061993362_1,367,0.004089,0.004089,0.099887
B_impress_1000,2061993362_1,368,0.004086,0.004086,0.099851
B_impress_1000,2061993362_1,369,0.004086,0.004086,0.099820
B_impress_1000,2061993362_1,370,0.004082,0.004082,0.099793
B_impress_1000,2061993362_1,371,0.004082,0.004082,0.099770
B_impress_1000,2061993362_1,372,0.004082,0.004082,0.099752
B_impress_1000,2061993362_1,373,0.004082,0.004082,0.099738
B_impress_1000,2061993362_1,374,0.004078,0.004078,0.099728
B_impress_1000,2061993362_1,375,0.004074,0.004074,0.099723
B_impress_1000,2061993362_1,376,0.004074,0.004074,0.099721
B_impress_1000,2061993362_1,377,0.004070,0.004070,0.099722
B_impress_1000,2061993362_1,378,0.004070,0.004070,0.099727
B_impress_1000,2061993362_1,379,0.004070,0.004070,0.099735
B_impress_1000,2061993362_1,380,0.004066,0.004066,0.099746
B_impress_1000,2061993362_1,381,0.004066,0.004066,0.099761
B_impress_1000,2061993362_1,382,0.004063,0.004063,0.099777
B_impress_1000,2061993362_1,383,0.004063,0.004063,0.099796
B_impress_1000,2061993362_1,384,0.004063,0.004063,0.099815
B_impress_1000,2061993362_1,385,0.004059,0.004059,0.099836
B_impress_1000,2061993362_1,386,0.004059,0.004059,0.099857
B_impress_1000,2061993362_1,387,0.004055,0.004055,0.099880
B_impress_1000,2061993362_1,388,0.004055,0.004055,0.099904
B_impress_1000,2061993362_1,389,0.004055,0.004055,0.099930
B_impress_1000,2061993362_1,390,0.004051,0.004051,0.099957
B_impress_1000,2061993362_1,391,0.004051,0.004051,0.099985
B_impress_1000,2061993362_1,392,0.004048,0.004047,0.100014
B_impress_1000,2061993362_1,393,0.004047,0.004047,0.099972
B_impress_1000,2061993362_1,394,0.004044,0.004044,0.099936
B_impress_1000,2061993362_1,395,0.004044,0.004044,0.099903
B_impress_1000,2061993362_1,396,0.004044,0.004044,0.099872
B_impress_1000,2061993362_1,397,0.004044,0.004044,0.099843
B_impress_1000,2061993362_1,398,0.004040,0.004040,0.099816
B_impress_1000,2061993362_1,399,0.004040,0.004040,0.099790
B_impress_1000,2061993362_1,400,0.004036,0.004036,0.099767
B_impress_1000,2061993362_1,401,0.004032,0.004032,0.099745
B_impress_1000,2061993362_1,402,0.004036,0.004036,0.099725
B_impress_1000,2061993362_1,403,0.004032,0.004032,0.099707
B_impress_1000,2061993362_1,404,0.004028,0.004028,0.099691
B_impress_1000,2061993362_1,405,0.004028,0.004028,0.099677
B_impress_1000,2061993362_1,406,0.004028,0.004028,0.099665
B_impress_1000,2061993362_1,407,0.004028,0.004028,0.099655
B_impress_1000,2061993362_1,408,0.004025,0.004025,0.099646
B_impress_1000,2061993362_1,409,0.004025,0.004025,0.099640
B_impress_1000,2061993362_1,410,0.004021,0.004021,0.099635
B_impress_1000,2061993362_1,411,0.004021,0.004021,0.099631
B_impress_1000,2061993362_1,412,0.004021,0.004021,0.099630
B_impress_1000,2061993362_1,413,0.004017,0.004017,0.099629
B_impress_1000,2061993362_1,414,0.004017,0.004017,0.099631
B_impress_1000,2061993362_1,415,0.004017,0.004017,0.099634
B_impress_1000,2061993362_1,416,0.004017,0.004017,0.099638
B_impress_1000,2061993362_1,417,0.004013,0.004013,0.099645
B_impress_1000,2061993362_1,418,0.004013,0.004013,0.099653
B_impress_1000,2061993362_1,419,0.004009,0.004009,0.099663
B_impress_1000,2061993362_1,420,0.004009,0.004009,0.099675
B_impress_1000,2061993362_1,421,0.004009,0.004009,0.099688
B_impress_1000,2061993362_1,422,0.004009,0.004009,0.099703
B_impress_1000,2061993362_1,423,0.004005,0.004005,0.099719
B_impress_1000,2061993362_1,424,0.004005,0.004005,0.099736
B_impress_1000,2061993362_1,425,0.004005,0.004005,0.099756
B_impress_1000,2061993362_1,426,0.004005,0.004005,0.099776
B_impress_1000,2061993362_1,427,0.004002,0.004002,0.099799
B_impress_1000,2061993362_1,428,0.004002,0.004002,0.099822
B_impress_1000,2061993362_1,429,0.003998,0.003998,0.099845
B_impress_1000,2061993362_1,430,0.003998,0.003998,0.099871
B_impress_1000,2061993362_1,431,0.003998,0.003998,0.099897
B_impress_1000,2061993362_1,432,0.003994,0.003994,0.099925
B_impress_1000,2061993362_1,433,0.003998,0.003998,0.099954
B_impress_1000,2061993362_1,434,0.003994,0.003994,0.099984
B_impress_1000,2061993362_1,435,0.003994,0.003994,0.100016
B_impress_1000,2061993362_1,436,0.003994,0.003994,0.099952
B_impress_1000,2061993362_1,437,0.003990,0.003990,0.099900
B_impress_1000,2061993362_1,438,0.003990,0.003990,0.099854
B_impress_1000,2061993362_1,439,0.003990,0.003990,0.099812
B_impress_1000,2061993362_1,440,0.003990,0.003990,0.099776
B_impress_1000,2061993362_1,441,0.003986,0.003986,0.099743
B_impress_1000,2061993362_1,442,0.003986,0.003986,0.099714
B_impress_1000,2061993362_1,443,0.003983,0.003983,0.099690
B_impress_1000,2061993362_1,444,0.003983,0.003983,0.099669
B_impress_1000,2061993362_1,445,0.003983,0.003983,0.099650
B_impress_1000,2061993362_1,446,0.003979,0.003979,0.099635
B_impress_1000,2061993362_1,447,0.003975,0.003975,0.099623
B_impress_1000,2061993362_1,448,0.003975,0.003975,0.099614
B_impress_1000,2061993362_1,449,0.003975,0.003975,0.099608
B_impress_1000,2061993362_1,450,0.003975,0.003975,0.099605
B_impress_1000,2061993362_1,451,0.003975,0.003975,0.099604
B_impress_1000,2061993362_1,452,0.003971,0.003971,0.099605
B_impress_1000,2061993362_1,453,0.003971,0.003971,0.099609
B_impress_1000,2061993362_1,454,0.003971,0.003971,0.099614
B_impress_1000,2061993362_1,455,0.003971,0.003971,0.099622
B_impress_1000,2061993362_1,456,0.003967,0.003967,0.099631
B_impress_1000,2061993362_1,457,0.003967,0.003967,0.099643
B_impress_1000,2061993362_1,458,0.003963,0.003963,0.099656
B_impress_1000,2061993362_1,459,0.003967,0.003967,0.099671
B_impress_1000,2061993362_1,460,0.003963,0.003963,0.099687
B_impress_1000,2061993362_1,461,0.003963,0.003963,0.099705
B_impress_1000,2061993362_1,462,0.003963,0.003963,0.099723
B_impress_1000,2061993362_1,463,0.003963,0.003963,0.099743
B_impress_1000,2061993362_1,464,0.003963,0.003963,0.099764
B_impress_1000,2061993362_1,465,0.003960,0.003960,0.099786
B_impress_1000,2061993362_1,466,0.003960,0.003960,0.099809
B_impress_1000,2061993362_1,467,0.003960,0.003960,0.099832
B_impress_1000,2061993362_1,468,0.003960,0.003960,0.099857
B_impress_1000,2061993362_1,469,0.003956,0.003956,0.099883
B_impress_1000,2061993362_1,470,0.003956,0.003956,0.099909
B_impress_1000,2061993362_1,471,0.003956,0.003956,0.099937
B_impress_1000,2061993362_1,472,0.003952,0.003952,0.099966
B_impress_1000,2061993362_1,473,0.003952,0.003952,0.099995
B_impress_1000,2061993362_1,474,0.003952,0.003952,0.100025
B_impress_1000,2061993362_1,475,0.003952,0.003952,0.099999
B_impress_1000,2061993362_1,476,0.003948,0.003948,0.099975
B_impress_1000,2061993362_1,477,0.003948,0.003948,0.099952
B_impress_1000,2061993362_1,478,0.003948,0.003948,0.099930
B_impress_1000,2061993362_1,479,0.003948,0.003948,0.099909
B_impress_1000,2061993362_1,480,0.003944,0.003944,0.099888
B_impress_1000,2061993362_1,481,0.003944,0.003944,0.099869
B_impress_1000,2061993362_1,482,0.003944,0.003944,0.099850
B_impress_1000,2061993362_1,483,0.003941,0.003941,0.099832
B_impress_1000,2061993362_1,484,0.003941,0.003941,0.099815
B_impress_1000,2061993362_1,485,0.003941,0.003941,0.099799
B_impress_1000,2061993362_1,486,0.003941,0.003941,0.099784
B_impress_1000,2061993362_1,487,0.003941,0.003941,0.099769
B_impress_1000,2061993362_1,488,0.003941,0.003941,0.099756
B_impress_1000,2061993362_1,489,0.003937,0.003937,0.099743
B_impress_1000,2061993362_1,490,0.003937,0.003937,0.099731
B_impress_1000,2061993362_1,491,0.003937,0.003937,0.099720
B_impress_1000,2061993362_1,492,0.003933,0.003933,0.099709
B_impress_1000,2061993362_1,493,0.003933,0.003933,0.099700
B_impress_1000,2061993362_1,494,0.003933,0.003933,0.099691
B_impress_1000,2061993362_1,495,0.003933,0.003933,0.099688
B_impress_1000,2061993362_1,496,0.003933,0.003933,0.099685
B_impress_1000,2061993362_1,497,0.003929,0.003929,0.099682
B_impress_1000,2061993362_1,498,0.003929,0.003929,0.099680
B_impress_1000,2061993362_1,499,0.003929,0.003929,0.099678
B_impress_1000,2061993362_1,500,0.003929,0.003929,0.099676
B_impress_1000,2061993362_1,501,0.003929,0.003929,0.099674
B_impress_1000,2061993362_1,502,0.003929,0.003929,0.099673
B_impress_1000,2061993362_1,503,0.003925,0.003925,0.099672
B_impress_1000,2061993362_1,504,0.003925,0.003925,0.099671
B_impress_1000,2061993362_1,505,0.003925,0.003925,0.099671
B_impress_1000,2061993362_1,506,0.003925,0.003925,0.099670
B_impress_1000,2061993362_1,507,0.003925,0.003925,0.099670
B_impress_1000,2061993362_1,508,0.003925,0.003925,0.099671
B_impress_1000,2061993362_1,509,0.003925,0.003925,0.099671
B_impress_1000,2061993362_1,510,0.003922,0.003922,0.099672
B_impress_1000,2061993362_1,511,0.003925,0.003925,0.099673
B_impress_1000,2061993362_1,512,0.003922,0.003922,0.099674
B_impress_1000,2061993362_1,513,0.003922,0.003922,0.099675
B_impress_1000,2061993362_1,514,0.003922,0.003922,0.099677
B_impress_1000,2061993362_1,515,0.003922,0.003922,0.099679
B_impress_1000,2061993362_1,516,0.003922,0.003922,0.099681
B_impress_1000,2061993362_1,517,0.003922,0.003922,0.099684
B_impress_1000,2061993362_1,518,0.003922,0.003922,0.099686
B_impress_1000,2061993362_1,519,0.003922,0.003922,0.099689
B_impress_1000,2061993362_1,520,0.003918,0.003918,0.099692
B_impress_1000,2061993362_1,521,0.003918,0.003918,0.099696
B_impress_1000,2061993362_1,522,0.003918,0.003918,0.099699
B_impress_1000,2061993362_1,523,0.003914,0.003914,0.099703
B_impress_1000,2061993362_1,524,0.003914,0.003914,0.099707
B_impress_1000,2061993362_1,525,0.003914,0.003914,0.099712
B_impress_1000,2061993362_1,526,0.003914,0.003914,0.099716
B_impress_1000,2061993362_1,527,0.003914,0.003914,0.099721
B_impress_1000,2061993362_1,528,0.003914,0.003914,0.099726
B_impress_1000,2061993362_1,529,0.003914,0.003914,0.099732
B_impress_1000,2061993362_1,530,0.003910,0.003910,0.099737
B_impress_1000,2061993362_1,531,0.003910,0.003910,0.099743
B_impress_1000,2061993362_1,532,0.003910,0.003910,0.099749
B_impress_1000,2061993362_1,533,0.003910,0.003910,0.099755
B_impress_1000,2061993362_1,534,0.003910,0.003910,0.099761
B_impress_1000,2061993362_1,535,0.003906,0.003906,0.099768
B_impress_1000,2061993362_1,536,0.003910,0.003910,0.099774
B_impress_1000,2061993362_1,537,0.003910,0.003910,0.099781
B_impress_1000,2061993362_1,538,0.003910,0.003910,0.099788
B_impress_1000,2061993362_1,539,0.003906,0.003906,0.099796
B_impress_1000,2061993362_1,540,0.003904,0.003904,0.099803
B_impress_1000,2061993362_1,541,0.003904,0.003904,0.099811
B_impress_1000,2061993362_1,542,0.003906,0.003906,0.099819
B_impress_1000,2061993362_1,543,0.003906,0.003906,0.099827
B_impress_1000,2061993362_1,544,0.003906,0.003906,0.099835
B_impress_1000,2061993362_1,545,0.003904,0.003904,0.099844
B_impress_1000,2061993362_1,546,0.003902,0.003902,0.099852
B_impress_1000,2061993362_1,547,0.003902,0.003902,0.099861
B_impress_1000,2061993362_1,548,0.003901,0.003901,0.099870
B_impress_1000,2061993362_1,549,0.003901,0.003901,0.099879
B_impress_1000,2061993362_1,550,0.003901,0.003901,0.099888
B_impress_1000,2061993362_1,551,0.003902,0.003902,0.099897
B_impress_1000,2061993362_1,552,0.003899,0.003899,0.099907
B_impress_1000,2061993362_1,553,0.003899,0.003899,0.099917
B_impress_1000,2061993362_1,554,0.003899,0.003899,0.099926
B_impress_1000,2061993362_1,555,0.003902,0.003902,0.099936
B_impress_1000,2061993362_1,556,0.003897,0.003897,0.099947
B_impress_1000,2061993362_1,557,0.003899,0.003899,0.099957
B_impress_1000,2061993362_1,558,0.003897,0.003897,0.099967
B_impress_1000,2061993362_1,559,0.003897,0.003897,0.099978
B_impress_1000,2061993362_1,560,0.003897,0.003897,0.099989
B_impress_1000,2061993362_1,561,0.003897,0.003897,0.099998
B_impress_1000,2061993362_1,562,0.003895,0.003895,0.100007
B_impress_1000,2061993362_1,563,0.003895,0.003895,0.100002
B_impress_1000,2061993362_1,564,0.003895,0.003895,0.099985
B_impress_1000,2061993362_1,565,0.003893,0.003893,0.099969
B_impress_1000,2061993362_1,566,0.003893,0.003893,0.099953
B_impress_1000,2061993362_1,567,0.003893,0.003893,0.099939
B_impress_1000,2061993362_1,568,0.003893,0.003893,0.099925
B_impress_1000,2061993362_1,569,0.003891,0.003891,0.099912
B_impress_1000,2061993362_1,570,0.003891,0.003891,0.099899
B_impress_1000,2061993362_1,571,0.003891,0.003891,0.099887
B_impress_1000,2061993362_1,572,0.003889,0.003889,0.099875
B_impress_1000,2061993362_1,573,0.003889,0.003889,0.099864
B_impress_1000,2061993362_1,574,0.003889,0.003889,0.099853
B_impress_1000,2061993362_1,575,0.003887,0.003887,0.099843
B_impress_1000,2061993362_1,576,0.003889,0.003889,0.099834
B_impress_1000,2061993362_1,577,0.003889,0.003889,0.099825
B_impress_1000,2061993362_1,578,0.003887,0.003887,0.099817
B_impress_1000,2061993362_1,579,0.003887,0.003887,0.099810
B_impress_1000,2061993362_1,580,0.003887,0.003887,0.099803
B_impress_1000,2061993362_1,581,0.003887,0.003887,0.099796
B_impress_1000,2061993362_1,582,0.003887,0.003887,0.099790
B_impress_1000,2061993362_1,583,0.003887,0.003887,0.099785
B_impress_1000,2061993362_1,584,0.003887,0.003887,0.099779
B_impress_1000,2061993362_1,585,0.003885,0.003885,0.099775
B_impress_1000,2061993362_1,586,0.003885,0.003885,0.099770
B_impress_1000,2061993362_1,587,0.003885,0.003885,0.099766
B_impress_1000,2061993362_1,588,0.003883,0.003883,0.099763
B_impress_1000,2061993362_1,589,0.003883,0.003883,0.099760
B_impress_1000,2061993362_1,590,0.003883,0.003883,0.099757
B_impress_1000,2061993362_1,591,0.003883,0.003883,0.099754
B_impress_1000,2061993362_1,592,0.003883,0.003883,0.099752
B_impress_1000,2061993362_1,593,0.003881,0.003881,0.099751
B_impress_1000,2061993362_1,594,0.003881,0.003881,0.099750
B_impress_1000,2061993362_1,595,0.003881,0.003881,0.099749
B_impress_1000,2061993362_1,596,0.003881,0.003881,0.099749
B_impress_1000,2061993362_1,597,0.003883,0.003883,0.099749
B_impress_1000,2061993362_1,598,0.003881,0.003881,0.099749
B_impress_1000,2061993362_1,599,0.003881,0.003881,0.099750
B_impress_1000,2061993362_1,600,0.003880,0.003880,0.099751
B_impress_1000,2061993362_1,601,0.003880,0.003880,0.099752
B_impress_1000,2061993362_1,602,0.003880,0.003880,0.099754
B_impress_1000,2061993362_1,603,0.003881,0.003881,0.099756
B_impress_1000,2061993362_1,604,0.003878,0.003878,0.099758
B_impress_1000,2061993362_1,605,0.003880,0.003880,0.099761
B_impress_1000,2061993362_1,606,0.003878,0.003878,0.099763
B_impress_1000,2061993362_1,607,0.003878,0.003878,0.099766
B_impress_1000,2061993362_1,608,0.003878,0.003878,0.099769
B_impress_1000,2061993362_1,609,0.003878,0.003878,0.099772
B_impress_1000,2061993362_1,610,0.003878,0.003878,0.099775
B_impress_1000,2061993362_1,611,0.003878,0.003878,0.099778
B_impress_1000,2061993362_1,612,0.003876,0.003876,0.099781
B_impress_1000,2061993362_1,613,0.003878,0.003878,0.099785
B_impress_1000,2061993362_1,614,0.003878,0.003878,0.099789
B_impress_1000,2061993362_1,615,0.003876,0.003876,0.099793
B_impress_1000,2061993362_1,616,0.003876,0.003876,0.099797
B_impress_1000,2061993362_1,617,0.003876,0.003876,0.099801
B_impress_1000,2061993362_1,618,0.003876,0.003876,0.099806
B_impress_1000,2061993362_1,619,0.003876,0.003876,0.099810
B_impress_1000,2061993362_1,620,0.003876,0.003876,0.099815
B_impress_1000,2061993362_1,621,0.003876,0.003876,0.099820
B_impress_1000,2061993362_1,622,0.003876,0.003876,0.099824
B_impress_1000,2061993362_1,623,0.003876,0.003876,0.099830
B_impress_1000,2061993362_1,624,0.003874,0.003874,0.099835
B_impress_1000,2061993362_1,625,0.003874,0.003874,0.099840
B_impress_1000,2061993362_1,626,0.003874,0.003874,0.099845
B_impress_1000,2061993362_1,627,0.003874,0.003874,0.099851
B_impress_1000,2061993362_1,628,0.003874,0.003874,0.099857
B_impress_1000,2061993362_1,629,0.003874,0.003874,0.099862
B_impress_1000,2061993362_1,630,0.003872,0.003872,0.099868
B_impress_1000,2061993362_1,631,0.003874,0.003874,0.099874
B_impress_1000,2061993362_1,632,0.003872,0.003872,0.099880
B_impress_1000,2061993362_1,633,0.003872,0.003872,0.099886
B_impress_1000,2061993362_1,634,0.003872,0.003872,0.099892
B_impress_1000,2061993362_1,635,0.003872,0.003872,0.099898
B_impress_1000,2061993362_1,636,0.003872,0.003872,0.099905
B_impress_1000,2061993362_1,637,0.003872,0.003872,0.099911
B_impress_1000,2061993362_1,638,0.003870,0.003870,0.099917
B_impress_1000,2061993362_1,639,0.003872,0.003872,0.099924
B_impress_1000,2061993362_1,640,0.003872,0.003872,0.099930
B_impress_1000,2061993362_1,641,0.003870,0.003870,0.099936
B_impress_1000,2061993362_1,642,0.003868,0.003868,0.099943
B_impress_1000,2061993362_1,643,0.003868,0.003868,0.099950
B_impress_1000,2061993362_1,644,0.003870,0.003870,0.099956
B_impress_1000,2061993362_1,645,0.003870,0.003870,0.099963
B_impress_1000,2061993362_1,646,0.003870,0.003870,0.099970
B_impress_1000,2061993362_1,647,0.003868,0.003868,0.099977
B_impress_1000,2061993362_1,648,0.003868,0.003868,0.099984
B_impress_1000,2061993362_1,649,0.003868,0.003868,0.099991
B_impress_1000,2061993362_1,650,0.003870,0.003870,0.099998
B_impress_1000,2061993362_1,651,0.003870,0.003870,0.100005
B_impress_1000,2061993362_1,652,0.003868,0.003868,0.100001
B_impress_1000,2061993362_1,653,0.003868,0.003868,0.099987
B_impress_1000,2061993362_1,654,0.003868,0.003868,0.099974
B_impress_1000,2061993362_1,655,0.003866,0.003866,0.099961
B_impress_1000,2061993362_1,656,0.003866,0.003866,0.099950
B_impress_1000,2061993362_1,657,0.003866,0.003866,0.099938
B_impress_1000,2061993362_1,658,0.003866,0.003866,0.099927
B_impress_1000,2061993362_1,659,0.003864,0.003864,0.099916
B_impress_1000,2061993362_1,660,0.003866,0.003866,0.099906
B_impress_1000,2061993362_1,661,0.003866,0.003866,0.099896
B_impress_1000,2061993362_1,662,0.003864,0.003864,0.099885
B_impress_1000,2061993362_1,663,0.003866,0.003866,0.099876
B_impress_1000,2061993362_1,664,0.003866,0.003866,0.099866
B_impress_1000,2061993362_1,665,0.003866,0.003866,0.099857
B_impress_1000,2061993362_1,666,0.003866,0.003866,0.099852
B_impress_1000,2061993362_1,667,0.003866,0.003866,0.099847
B_impress_1000,2061993362_1,668,0.003864,0.003864,0.099842
B_impress_1000,2061993362_1,669,0.003866,0.003866,0.099837
B_impress_1000,2061993362_1,670,0.003864,0.003864,0.099833
B_impress_1000,2061993362_1,671,0.003864,0.003864,0.099828
B_impress_1000,2061993362_1,672,0.003864,0.003864,0.099823
B_impress_1000,2061993362_1,673,0.003866,0.003866,0.099819
B_impress_1000,2061993362_1,674,0.003864,0.003864,0.099815
B_impress_1000,2061993362_1,675,0.003866,0.003866,0.099810
B_impress_1000,2061993362_1,676,0.003862,0.003862,0.099806
B_impress_1000,2061993362_1,677,0.003862,0.003862,0.099802
B_impress_1000,2061993362_1,678,0.003866,0.003866,0.099798
B_impress_1000,2061993362_1,679,0.003862,0.003862,0.099794
B_impress_1000,2061993362_1,680,0.003864,0.003864,0.099790
B_impress_1000,2061993362_1,681,0.003862,0.003862,0.099787
B_impress_1000,2061993362_1,682,0.003864,0.003864,0.099783
B_impress_1000,2061993362_1,683,0.003864,0.003864,0.099779
B_impress_1000,2061993362_1,684,0.003864,0.003864,0.099776
B_impress_1000,2061993362_1,685,0.003860,0.003860,0.099772
B_impress_1000,2061993362_1,686,0.003862,0.003862,0.099769
B_impress_1000,2061993362_1,687,0.003860,0.003860,0.099766
B_impress_1000,2061993362_1,688,0.003862,0.003862,0.099763
B_impress_1000,2061993362_1,689,0.003859,0.003859,0.099760
B_impress_1000,2061993362_1,690,0.003860,0.003860,0.099757
B_impress_1000,2061993362_1,691,0.003860,0.003860,0.099754
B_impress_1000,2061993362_1,692,0.003860,0.003860,0.099751
B_impress_1000,2061993362_1,693,0.003862,0.003862,0.099748
B_impress_1000,2061993362_1,694,0.003860,0.003860,0.099746
B_impress_1000,2061993362_1,695,0.003860,0.003860,0.099743
B_impress_1000,2061993362_1,696,0.003860,0.003860,0.099741
B_impress_1000,2061993362_1,697,0.003860,0.003860,0.099738
B_impress_1000,2061993362_1,698,0.003860,0.003860,0.099736
B_impress_1000,2061993362_1,699,0.003860,0.003860,0.099734
B_impress_1000,2061993362_1,700,0.003859,0.003859,0.099731
B_impress_1000,2061993362_1,701,0.003859,0.003859,0.099729
B_impress_1000,2061993362_1,702,0.003859,0.003859,0.099727
B_impress_1000,2061993362_1,703,0.003860,0.003860,0.099725
B_impress_1000,2061993362_1,704,0.003862,0.003862,0.099723
B_impress_1000,2061993362_1,705,0.003859,0.003859,0.099721
B_impress_1000,2061993362_1,706,0.003860,0.003860,0.099720
B_impress_1000,2061993362_1,707,0.003859,0.003859,0.099718
B_impress_1000,2061993362_1,708,0.003859,0.003859,0.099716
B_impress_1000,2061993362_1,709,0.003859,0.003859,0.099715
B_impress_1000,2061993362_1,710,0.003859,0.003859,0.099713
B_impress_1000,2061993362_1,711,0.003859,0.003859,0.099712
B_impress_1000,2061993362_1,712,0.003859,0.003859,0.099710
B_impress_1000,2061993362_1,713,0.003859,0.003859,0.099709
B_impress_1000,2061993362_1,714,0.003857,0.003857,0.099707
B_impress_1000,2061993362_1,715,0.003859,0.003859,0.099706
B_impress_1000,2061993362_1,716,0.003859,0.003859,0.099705
B_impress_1000,2061993362_1,717,0.003859,0.003859,0.099704
B_impress_1000,2061993362_1,718,0.003860,0.003860,0.099703
B_impress_1000,2061993362_1,719,0.003859,0.003859,0.099702
B_impress_1000,2061993362_1,720,0.003857,0.003857,0.099701
B_impress_1000,2061993362_1,721,0.003859,0.003859,0.099700
B_impress_1000,2061993362_1,722,0.003857,0.003857,0.099699
B_impress_1000,2061993362_1,723,0.003857,0.003857,0.099698
B_impress_1000,2061993362_1,724,0.003859,0.003859,0.099698
B_impress_1000,2061993362_1,725,0.003859,0.003859,0.099697
B_impress_1000,2061993362_1,726,0.003857,0.003857,0.099696
B_impress_1000,2061993362_1,727,0.003859,0.003859,0.099696
B_impress_1000,2061993362_1,728,0.003859,0.003859,0.099695
B_impress_1000,2061993362_1,729,0.003857,0.003857,0.099694
B_impress_1000,2061993362_1,730,0.003857,0.003857,0.099694
B_impress_1000,2061993362_1,731,0.003857,0.003857,0.099693
B_impress_1000,2061993362_1,732,0.003859,0.003859,0.099693
B_impress_1000,2061993362_1,733,0.003857,0.003857,0.099693
B_impress_1000,2061993362_1,734,0.003855,0.003855,0.099692
B_impress_1000,2061993362_1,735,0.003855,0.003855,0.099692
B_impress_1000,2061993362_1,736,0.003857,0.003857,0.099692
B_impress_1000,2061993362_1,737,0.003857,0.003857,0.099691
B_impress_1000,2061993362_1,738,0.003859,0.003859,0.099691
B_impress_1000,2061993362_1,739,0.003857,0.003857,0.099691
B_impress_1000,2061993362_1,740,0.003855,0.003855,0.099691
B_impress_1000,2061993362_1,741,0.003855,0.003855,0.099691
B_impress_1000,2061993362_1,742,0.003855,0.003855,0.099690
B_impress_1000,2061993362_1,743,0.003857,0.003857,0.099690
B_impress_1000,2061993362_1,744,0.003855,0.003855,0.099690
B_impress_1000,2061993362_1,745,0.003855,0.003855,0.099690
B_impress_1000,2061993362_1,746,0.003855,0.003855,0.099690
B_impress_1000,2061993362_1,747,0.003855,0.003855,0.099690
B_impress_1000,2061993362_1,748,0.003855,0.003855,0.099690
B_impress_1000,2061993362_1,749,0.003857,0.003857,0.099690
B_impress_1000,2061993362_1,750,0.003855,0.003855,0.099690
B_impress_1000,2061993362_1,751,0.003855,0.003855,0.099690
B_impress_1000,2061993362_1,752,0.003857,0.003857,0.099690
B_impress_1000,2061993362_1,753,0.003855,0.003855,0.099690
B_impress_1000,2061993362_1,754,0.003855,0.003855,0.099690
B_impress_1000,2061993362_1,755,0.003855,0.003855,0.099690
B_impress_1000,2061993362_1,756,0.003855,0.003855,0.099690
B_impress_1000,2061993362_1,757,0.003855,0.003855,0.099690
B_impress_1000,2061993362_1,758,0.003855,0.003855,0.099690
B_impress_1000,2061993362_1,759,0.003855,0.003855,0.099690
B_impress_1000,2061993362_1,760,0.003855,0.003855,0.099690
B_impress_1000,2061993362_1,761,0.003857,0.003857,0.099690
B_impress_1000,2061993362_1,762,0.003857,0.003857,0.099690
B_impress_1000,2061993362_1,763,0.003857,0.003857,0.099691
B_impress_1000,2061993362_1,764,0.003857,0.003857,0.099691
B_impress_1000,2061993362_1,765,0.003855,0.003855,0.099691
B_impress_1000,2061993362_1,766,0.003855,0.003855,0.099691
B_impress_1000,2061993362_1,767,0.003855,0.003855,0.099691
B_impress_1000,2061993362_1,768,0.003857,0.003857,0.099692
B_impress_1000,2061993362_1,769,0.003853,0.003853,0.099692
B_impress_1000,2061993362_1,770,0.003857,0.003857,0.099692
B_impress_1000,2061993362_1,771,0.003853,0.003853,0.099692
B_impress_1000,2061993362_1,772,0.003853,0.003853,0.099692
B_impress_1000,2061993362_1,773,0.003853,0.003853,0.099693
B_impress_1000,2061993362_1,774,0.003853,0.003853,0.099693
B_impress_1000,2061993362_1,775,0.003853,0.003853,0.099693
B_impress_1000,2061993362_1,776,0.003853,0.003853,0.099693
B_impress_1000,2061993362_1,777,0.003855,0.003855,0.099693
B_impress_1000,2061993362_1,778,0.003853,0.003853,0.099694
B_impress_1000,2061993362_1,779,0.003855,0.003855,0.099694
B_impress_1000,2061993362_1,780,0.003855,0.003855,0.099694
B_impress_1000,2061993362_1,781,0.003853,0.003853,0.099694
B_impress_1000,2061993362_1,782,0.003853,0.003853,0.099694
B_impress_1000,2061993362_1,783,0.003853,0.003853,0.099695
B_impress_1000,2061993362_1,784,0.003853,0.003853,0.099695
B_impress_1000,2061993362_1,785,0.003853,0.003853,0.099695
B_impress_1000,2061993362_1,786,0.003853,0.003853,0.099695
B_impress_1000,2061993362_1,787,0.003855,0.003855,0.099696
B_impress_1000,2061993362_1,788,0.003855,0.003855,0.099696
B_impress_1000,2061993362_1,789,0.003855,0.003855,0.099696
B_impress_1000,2061993362_1,790,0.003855,0.003855,0.099696
B_impress_1000,2061993362_1,791,0.003855,0.003855,0.099697
B_impress_1000,2061993362_1,792,0.003853,0.003853,0.099697
B_impress_1000,2061993362_1,793,0.003853,0.003853,0.099697
B_impress_1000,2061993362_1,794,0.003855,0.003855,0.099697
B_impress_1000,2061993362_1,795,0.003853,0.003853,0.099698
B_impress_1000,2061993362_1,796,0.003855,0.003855,0.099698
B_impress_1000,2061993362_1,797,0.003853,0.003853,0.099698
B_impress_1000,2061993362_1,798,0.003855,0.003855,0.099698
B_impress_1000,2061993362_1,799,0.003851,0.003851,0.099699
B_impress_1000,2061993362_1,800,0.003851,0.003851,0.099699
B_impress_1000,2061993362_1,801,0.003853,0.003853,0.099699
B_impress_1000,2061993362_1,802,0.003853,0.003853,0.099699
B_impress_1000,2061993362_1,803,0.003853,0.003853,0.099700
B_impress_1000,2061993362_1,804,0.003853,0.003853,0.099700
B_impress_1000,2061993362_1,805,0.003853,0.003853,0.099700
B_impress_1000,2061993362_1,806,0.003855,0.003855,0.099700
B_impress_1000,2061993362_1,807,0.003853,0.003853,0.099701
B_impress_1000,2061993362_1,808,0.003853,0.003853,0.099701
B_impress_1000,2061993362_1,809,0.003853,0.003853,0.099701
B_impress_1000,2061993362_1,810,0.003853,0.003853,0.099701
B_impress_1000,2061993362_1,811,0.003853,0.003853,0.099702
B_impress_1000,2061993362_1,812,0.003853,0.003853,0.099702
B_impress_1000,2061993362_1,813,0.003853,0.003853,0.099702
B_impress_1000,2061993362_1,814,0.003853,0.003853,0.099703
B_impress_1000,2061993362_1,815,0.003851,0.003851,0.099703
B_impress_1000,2061993362_1,816,0.003853,0.003853,0.099703
B_impress_1000,2061993362_1,817,0.003851,0.003851,0.099703
B_impress_1000,2061993362_1,818,0.003851,0.003851,0.099703
B_impress_1000,2061993362_1,819,0.003851,0.003851,0.099704
B_impress_1000,2061993362_1,820,0.003851,0.003851,0.099704
B_impress_1000,2061993362_1,821,0.003851,0.003851,0.099704
B_impress_1000,2061993362_1,822,0.003853,0.003853,0.099704
B_impress_1000,2061993362_1,823,0.003853,0.003853,0.099704
B_impress_1000,2061993362_1,824,0.003853,0.003853,0.099704
B_impress_1000,2061993362_1,825,0.003853,0.003853,0.099705
B_impress_1000,2061993362_1,826,0.003853,0.003853,0.099705
B_impress_1000,2061993362_1,827,0.003855,0.003855,0.099705
B_impress_1000,2061993362_1,828,0.003851,0.003851,0.099705
B_impress_1000,2061993362_1,829,0.003853,0.003853,0.099705
B_impress_1000,2061993362_1,830,0.003853,0.003853,0.099706
B_impress_1000,2061993362_1,831,0.003851,0.003851,0.099706
B_impress_1000,2061993362_1,832,0.003851,0.003851,0.099706
B_impress_1000,2061993362_1,833,0.003853,0.003853,0.099706
B_impress_1000,2061993362_1,834,0.003851,0.003851,0.099706
B_impress_1000,2061993362_1,835,0.003853,0.003853,0.099707
B_impress_1000,2061993362_1,836,0.003851,0.003851,0.099707
B_impress_1000,2061993362_1,837,0.003851,0.003851,0.099707
B_impress_1000,2061993362_1,838,0.003851,0.003851,0.099707
B_impress_1000,2061993362_1,839,0.003851,0.003851,0.099707
B_impress_1000,2061993362_1,840,0.003855,0.003855,0.099707
B_impress_1000,2061993362_1,841,0.003851,0.003851,0.099708
B_impress_1000,2061993362_1,842,0.003853,0.003853,0.099708
B_impress_1000,2061993362_1,843,0.003851,0.003851,0.099708
B_impress_1000,2061993362_1,844,0.003851,0.003851,0.099708
B_impress_1000,2061993362_1,845,0.003851,0.003851,0.099708
B_impress_1000,2061993362_1,846,0.003851,0.003851,0.099708
B_impress_1000,2061993362_1,847,0.003851,0.003851,0.099708
B_impress_1000,2061993362_1,848,0.003851,0.003851,0.099708
B_impress_1000,2061993362_1,849,0.003851,0.003851,0.099709
B_impress_1000,2061993362_1,850,0.003853,0.003853,0.099709
B_impress_1000,2061993362_1,851,0.003851,0.003851,0.099709
B_impress_1000,2061993362_1,852,0.003851,0.003851,0.099709
B_impress_1000,2061993362_1,853,0.003851,0.003851,0.099709
B_impress_1000,2061993362_1,854,0.003853,0.003853,0.099709
B_impress_1000,2061993362_1,855,0.003851,0.003851,0.099709
B_impress_1000,2061993362_1,856,0.003851,0.003851,0.099709
B_impress_1000,2061993362_1,857,0.003851,0.003851,0.099710
B_impress_1000,2061993362_1,858,0.003851,0.003851,0.099710
B_impress_1000,2061993362_1,859,0.003851,0.003851,0.099710
B_impress_1000,2061993362_1,860,0.003851,0.003851,0.099710
B_impress_1000,2061993362_1,861,0.003851,0.003851,0.099710
B_impress_1000,2061993362_1,862,0.003851,0.003851,0.099710
B_impress_1000,2061993362_1,863,0.003853,0.003853,0.099710
B_impress_1000,2061993362_1,864,0.003853,0.003853,0.099710
B_impress_1000,2061993362_1,865,0.003853,0.003853,0.099710
B_impress_1000,2061993362_1,866,0.003851,0.003851,0.099710
B_impress_1000,2061993362_1,867,0.003853,0.003853,0.099710
B_impress_1000,2061993362_1,868,0.003851,0.003851,0.099711
B_impress_1000,2061993362_1,869,0.003851,0.003851,0.099711
B_impress_1000,2061993362_1,870,0.003851,0.003851,0.099711
B_impress_1000,2061993362_1,871,0.003851,0.003851,0.099711
B_impress_1000,2061993362_1,872,0.003853,0.003853,0.099711
B_impress_1000,2061993362_1,873,0.003853,0.003853,0.099711
B_impress_1000,2061993362_1,874,0.003851,0.003851,0.099711
B_impress_1000,2061993362_1,875,0.003851,0.003851,0.099711
B_impress_1000,2061993362_1,876,0.003851,0.003851,0.099711
B_impress_1000,2061993362_1,877,0.003851,0.003851,0.099711
B_impress_1000,2061993362_1,878,0.003853,0.003853,0.099711
B_impress_1000,2061993362_1,879,0.003853,0.003853,0.099711
B_impress_1000,2061993362_1,880,0.003851,0.003851,0.099711
B_impress_1000,2061993362_1,881,0.003851,0.003851,0.099711
B_impress_1000,2061993362_1,882,0.003853,0.003853,0.099712
B_impress_1000,2061993362_1,883,0.003851,0.003851,0.099712
B_impress_1000,2061993362_1,884,0.003851,0.003851,0.099712
B_impress_1000,2061993362_1,885,0.003851,0.003851,0.099712
B_impress_1000,2061993362_1,886,0.003851,0.003851,0.099712
B_impress_1000,2061993362_1,887,0.003851,0.003851,0.099712
B_impress_1000,2061993362_1,888,0.003851,0.003851,0.099712
B_impress_1000,2061993362_1,889,0.003851,0.003851,0.099712
B_impress_1000,2061993362_1,890,0.003851,0.003851,0.099712
B_impress_1000,2061993362_1,891,0.003851,0.003851,0.099712
B_impress_1000,2061993362_1,892,0.003851,0.003851,0.099712
B_impress_1000,2061993362_1,893,0.003851,0.003851,0.099712
B_impress_1000,2061993362_1,894,0.003851,0.003851,0.099712
B_impress_1000,2061993362_1,895,0.003851,0.003851,0.099712
B_impress_1000,2061993362_1,896,0.003851,0.003851,0.099712
B_impress_1000,2061993362_1,897,0.003851,0.003851,0.099712
B_impress_1000,2061993362_1,898,0.003851,0.003851,0.099712
B_impress_1000,2061993362_1,899,0.003851,0.003851,0.099712
B_impress_1000,2061993362_1,900,0.003851,0.003851,0.099712
B_impress_1000,2061993362_1,901,0.003851,0.003851,0.099712
B_impress_1000,2061993362_1,902,0.003851,0.003851,0.099712
B_impress_1000,2061993362_1,903,0.003853,0.003853,0.099712
B_impress_1000,2061993362_1,904,0.003851,0.003851,0.099712
B_impress_1000,2061993362_1,905,0.003851,0.003851,0.099712
B_impress_1000,2061993362_1,906,0.003851,0.003851,0.099712
B_impress_1000,2061993362_1,907,0.003851,0.003851,0.099713
B_impress_1000,2061993362_1,908,0.003853,0.003853,0.099713
B_impress_1000,2061993362_1,909,0.003851,0.003851,0.099713
B_impress_1000,2061993362_1,910,0.003851,0.003851,0.099713
B_impress_1000,2061993362_1,911,0.003851,0.003851,0.099713
B_impress_1000,2061993362_1,912,0.003851,0.003851,0.099713
B_impress_1000,2061993362_1,913,0.003851,0.003851,0.099713
B_impress_1000,2061993362_1,914,0.003853,0.003853,0.099713
B_impress_1000,2061993362_1,915,0.003851,0.003851,0.099713
B_impress_1000,2061993362_1,916,0.003853,0.003853,0.099713
B_impress_1000,2061993362_1,917,0.003851,0.003851,0.099713
B_impress_1000,2061993362_1,918,0.003851,0.003851,0.099713
B_impress_1000,2061993362_1,919,0.003851,0.003851,0.099713
B_impress_1000,2061993362_1,920,0.003851,0.003851,0.099713
B_impress_1000,2061993362_1,921,0.003851,0.003851,0.099713
B_impress_1000,2061993362_1,922,0.003851,0.003851,0.099713
B_impress_1000,2061993362_1,923,0.003851,0.003851,0.099713
B_impress_1000,2061993362_1,924,0.003851,0.003851,0.099713
B_impress_1000,2061993362_1,925,0.003853,0.003853,0.099713
B_impress_1000,2061993362_1,926,0.003851,0.003851,0.099713
B_impress_1000,2061993362_1,927,0.003851,0.003851,0.099713
B_impress_1000,2061993362_1,928,0.003851,0.003851,0.099713
B_impress_1000,2061993362_1,929,0.003851,0.003851,0.099713
B_impress_1000,2061993362_1,930,0.003851,0.003851,0.099713
B_impress_1000,2061993362_1,931,0.003853,0.003853,0.099713
B_impress_1000,2061993362_1,932,0.003851,0.003851,0.099713
B_impress_1000,2061993362_1,933,0.003851,0.003851,0.099713
B_impress_1000,2061993362_1,934,0.003851,0.003851,0.099713
B_impress_1000,2061993362_1,935,0.003853,0.003853,0.099713
B_impress_1000,2061993362_1,936,0.003851,0.003851,0.099713
B_impress_1000,2061993362_1,937,0.003851,0.003851,0.099713
B_impress_1000,2061993362_1,938,0.003851,0.003851,0.099713
B_impress_1000,2061993362_1,939,0.003853,0.003853,0.099713
B_impress_1000,2061993362_1,940,0.003851,0.003851,0.099713
B_impress_1000,2061993362_1,941,0.003853,0.003853,0.099713
B_impress_1000,2061993362_1,942,0.003851,0.003851,0.099713
B_impress_1000,2061993362_1,943,0.003853,0.003853,0.099713
B_impress_1000,2061993362_1,944,0.003851,0.003851,0.099713
B_impress_1000,2061993362_1,945,0.003851,0.003851,0.099713
B_impress_1000,2061993362_1,946,0.003851,0.003851,0.099713
B_impress_1000,2061993362_1,947,0.003851,0.003851,0.099713
B_impress_1000,2061993362_1,948,0.003851,0.003851,0.099713
B_impress_1000,2061993362_1,949,0.003851,0.003851,0.099713
B_impress_1000,2061993362_1,950,0.003853,0.003853,0.099713
B_impress_1000,2061993362_1,951,0.003851,0.003851,0.099713
B_impress_1000,2061993362_1,952,0.003851,0.003851,0.099713
B_impress_1000,2061993362_1,953,0.003851,0.003851,0.099713
B_impress_1000,2061993362_1,954,0.003851,0.003851,0.099713
B_impress_1000,2061993362_1,955,0.003851,0.003851,0.099713
B_impress_1000,2061993362_1,956,0.003851,0.003851,0.099713
B_impress_1000,2061993362_1,957,0.003853,0.003853,0.099713
B_impress_1000,2061993362_1,958,0.003851,0.003851,0.099713
B_impress_1000,2061993362_1,959,0.003851,0.003851,0.099713
B_impress_1000,2061993362_1,960,0.003851,0.003851,0.099713
B_impress_1000,2061993362_1,961,0.003851,0.003851,0.099713
B_impress_1000,2061993362_1,962,0.003851,0.003851,0.099713
B_impress_1000,2061993362_1,963,0.003853,0.003853,0.099713
B_impress_1000,2061993362_1,964,0.003851,0.003851,0.099713
B_impress_1000,2061993362_1,965,0.003851,0.003851,0.099713
B_impress_1000,2061993362_1,966,0.003851,0.003851,0.099713
B_impress_1000,2061993362_1,967,0.003851,0.003851,0.099713
B_impress_1000,2061993362_1,968,0.003851,0.003851,0.099713
B_impress_1000,2061993362_1,969,0.003851,0.003851,0.099713
B_impress_1000,2061993362_1,970,0.003851,0.003851,0.099713
B_impress_1000,2061993362_1,971,0.003851,0.003851,0.099713
B_impress_1000,2061993362_1,972,0.003851,0.003851,0.099713
B_impress_1000,2061993362_1,973,0.003851,0.003851,0.099713
B_impress_1000,2061993362_1,974,0.003851,0.003851,0.099713
B_impress_1000,2061993362_1,975,0.003853,0.003853,0.099713
B_impress_1000,2061993362_1,976,0.003851,0.003851,0.099713
B_impress_1000,2061993362_1,977,0.003851,0.003851,0.099713
B_impress_1000,2061993362_1,978,0.003851,0.003851,0.099713
B_impress_1000,2061993362_1,979,0.003853,0.003853,0.099713
B_impress_1000,2061993362_1,980,0.003851,0.003851,0.099713
B_impress_1000,2061993362_1,981,0.003853,0.003853,0.099713
B_impress_1000,2061993362_1,982,0.003853,0.003853,0.099713
B_impress_1000,2061993362_1,983,0.003851,0.003851,0.099713
B_impress_1000,2061993362_1,984,0.003851,0.003851,0.099713
B_impress_1000,2061993362_1,985,0.003851,0.003851,0.099713
B_impress_1000,2061993362_1,986,0.003851,0.003851,0.099713
B_impress_1000,2061993362_1,987,0.003851,0.003851,0.099713
B_impress_1000,2061993362_1,988,0.003851,0.003851,0.099713
B_impress_1000,2061993362_1,989,0.003851,0.003851,0.099713
B_impress_1000,2061993362_1,990,0.003853,0.003853,0.099713
B_impress_1000,2061993362_1,991,0.003851,0.003851,0.099713
B_impress_1000,2061993362_1,992,0.003851,0.003851,0.099713
B_impress_1000,2061993362_1,993,0.003851,0.003851,0.099713
B_impress_1000,2061993362_1,994,0.003853,0.003853,0.099713
B_impress_1000,2061993362_1,995,0.003851,0.003851,0.099713
B_impress_1000,2061993362_1,996,0.003851,0.003851,0.099713
B_impress_1000,2061993362_1,997,0.003851,0.003851,0.099713
B_impress_1000,2061993362_1,998,0.003851,0.003851,0.099713
B_impress_1000,2061993362_1,999,0.003851,0.003851,0.099713
B_impress_1000,2061993362_1,1000,0.003851,0.003851,0.099713
B_impress_1000,2099073485_1,1,0.007974,0.006229,0.274440
B_impress_1000,2099073485_1,2,0.007724,0.006187,0.253645
B_impress_1000,2099073485_1,3,0.007595,0.006176,0.241873
B_impress_1000,2099073485_1,4,0.007497,0.006157,0.233967
B_impress_1000,2099073485_1,5,0.007416,0.006138,0.227822
B_impress_1000,2099073485_1,6,0.007347,0.006119,0.222785
B_impress_1000,2099073485_1,7,0.007282,0.006100,0.218234
B_impress_1000,2099073485_1,8,0.007235,0.006088,0.214663
B_impress_1000,2099073485_1,9,0.007188,0.006073,0.211460
B_impress_1000,2099073485_1,10,0.007147,0.006062,0.208524
B_impress_1000,2099073485_1,11,0.007109,0.006050,0.205917
B_impress_1000,2099073485_1,12,0.007073,0.006039,0.203435
B_impress_1000,2099073485_1,13,0.007031,0.006020,0.201113
B_impress_1000,2099073485_1,14,0.006996,0.006004,0.199149
B_impress_1000,2099073485_1,15,0.006965,0.005993,0.197232
B_impress_1000,2099073485_1,16,0.006932,0.005978,0.195398
B_impress_1000,2099073485_1,17,0.006899,0.005962,0.193701
B_impress_1000,2099073485_1,18,0.006868,0.005947,0.192063
B_impress_1000,2099073485_1,19,0.006837,0.005932,0.190480
B_impress_1000,2099073485_1,20,0.006806,0.005917,0.188973
B_impress_1000,2099073485_1,21,0.006773,0.005898,0.187533
B_impress_1000,2099073485_1,22,0.006747,0.005886,0.186141
B_impress_1000,2099073485_1,23,0.006719,0.005871,0.184806
B_impress_1000,2099073485_1,24,0.006694,0.005859,0.183502
B_impress_1000,2099073485_1,25,0.006666,0.005844,0.182221
B_impress_1000,2099073485_1,26,0.006639,0.005829,0.180968
B_impress_1000,2099073485_1,27,0.006611,0.005814,0.179740
B_impress_1000,2099073485_1,28,0.006584,0.005798,0.178533
B_impress_1000,2099073485_1,29,0.006557,0.005783,0.177353
B_impress_1000,2099073485_1,30,0.006526,0.005764,0.176207
B_impress_1000,2099073485_1,31,0.006500,0.005749,0.175090
B_impress_1000,2099073485_1,32,0.006473,0.005733,0.173997
B_impress_1000,2099073485_1,33,0.006444,0.005714,0.172928
B_impress_1000,2099073485_1,34,0.006418,0.005699,0.171881
B_impress_1000,2099073485_1,35,0.006396,0.005688,0.170857
B_impress_1000,2099073485_1,36,0.006378,0.005676,0.170138
B_impress_1000,2099073485_1,37,0.006359,0.005665,0.169432
B_impress_1000,2099073485_1,38,0.006341,0.005653,0.168740
B_impress_1000,2099073485_1,39,0.006330,0.005650,0.168059
B_impress_1000,2099073485_1,40,0.006308,0.005634,0.167392
B_impress_1000,2099073485_1,41,0.006294,0.005627,0.166738
B_impress_1000,2099073485_1,42,0.006280,0.005619,0.166095
B_impress_1000,2099073485_1,43,0.006266,0.005611,0.165462
B_impress_1000,2099073485_1,44,0.006248,0.005600,0.164837
B_impress_1000,2099073485_1,45,0.006235,0.005592,0.164219
B_impress_1000,2099073485_1,46,0.006217,0.005581,0.163611
B_impress_1000,2099073485_1,47,0.006203,0.005573,0.163013
B_impress_1000,2099073485_1,48,0.006186,0.005562,0.162424
B_impress_1000,2099073485_1,49,0.006169,0.005550,0.161843
B_impress_1000,2099073485_1,50,0.006155,0.005543,0.161270
B_impress_1000,2099073485_1,51,0.006142,0.005535,0.160705
B_impress_1000,2099073485_1,52,0.006125,0.005524,0.160147
B_impress_1000,2099073485_1,53,0.006108,0.005512,0.159596
B_impress_1000,2099073485_1,54,0.006095,0.005505,0.159051
B_impress_1000,2099073485_1,55,0.006078,0.005493,0.158514
B_impress_1000,2099073485_1,56,0.006065,0.005486,0.157985
B_impress_1000,2099073485_1,57,0.006053,0.005478,0.157463
B_impress_1000,2099073485_1,58,0.006036,0.005466,0.156948
B_impress_1000,2099073485_1,59,0.006019,0.005455,0.156439
B_impress_1000,2099073485_1,60,0.006007,0.005447,0.155937
B_impress_1000,2099073485_1,61,0.005994,0.005440,0.155441
B_impress_1000,2099073485_1,62,0.005982,0.005432,0.154950
B_impress_1000,2099073485_1,63,0.005969,0.005424,0.154465
B_impress_1000,2099073485_1,64,0.005953,0.005413,0.153986
B_impress_1000,2099073485_1,65,0.005941,0.005405,0.153513
B_impress_1000,2099073485_1,66,0.005924,0.005394,0.153045
B_impress_1000,2099073485_1,67,0.005912,0.005386,0.152583
B_impress_1000,2099073485_1,68,0.005896,0.005375,0.152126
B_impress_1000,2099073485_1,69,0.005884,0.005367,0.151675
B_impress_1000,2099073485_1,70,0.005868,0.005356,0.151228
B_impress_1000,2099073485_1,71,0.005856,0.005348,0.150785
B_impress_1000,2099073485_1,72,0.005844,0.005341,0.150345
B_impress_1000,2099073485_1,73,0.005828,0.005329,0.149909
B_impress_1000,2099073485_1,74,0.005816,0.005322,0.149476
B_impress_1000,2099073485_1,75,0.005801,0.005310,0.149047
B_impress_1000,2099073485_1,76,0.005789,0.005302,0.148623
B_impress_1000,2099073485_1,77,0.005773,0.005291,0.148203
B_impress_1000,2099073485_1,78,0.005757,0.005280,0.147786
B_impress_1000,2099073485_1,79,0.005742,0.005268,0.147374
B_impress_1000,2099073485_1,80,0.005726,0.005257,0.146965
B_impress_1000,2099073485_1,81,0.005715,0.005249,0.146560
B_impress_1000,2099073485_1,82,0.005703,0.005241,0.146159
B_impress_1000,2099073485_1,83,0.005688,0.005230,0.145762
B_impress_1000,2099073485_1,84,0.005672,0.005219,0.145369
B_impress_1000,2099073485_1,85,0.005661,0.005211,0.144980
B_impress_1000,2099073485_1,86,0.005649,0.005203,0.144594
B_impress_1000,2099073485_1,87,0.005634,0.005192,0.144211
B_impress_1000,2099073485_1,88,0.005622,0.005184,0.143832
B_impress_1000,2099073485_1,89,0.005607,0.005173,0.143457
B_impress_1000,2099073485_1,90,0.005596,0.005165,0.143086
B_impress_1000,2099073485_1,91,0.005581,0.005154,0.142718
B_impress_1000,2099073485_1,92,0.005573,0.005150,0.142352
B_impress_1000,2099073485_1,93,0.005558,0.005138,0.141989
B_impress_1000,2099073485_1,94,0.005547,0.005131,0.141629
B_impress_1000,2099073485_1,95,0.005532,0.005119,0.141272
B_impress_1000,2099073485_1,96,0.005521,0.005112,0.140918
B_impress_1000,2099073485_1,97,0.005510,0.005104,0.140566
B_impress_1000,2099073485_1,98,0.005499,0.005096,0.140217
B_impress_1000,2099073485_1,99,0.005488,0.005089,0.139871
B_impress_1000,2099073485_1,100,0.005473,0.005077,0.139528
B_impress_1000,2099073485_1,101,0.005462,0.005070,0.139187
B_impress_1000,2099073485_1,102,0.005447,0.005058,0.138850
B_impress_1000,2099073485_1,103,0.005440,0.005054,0.138516
B_impress_1000,2099073485_1,104,0.005425,0.005043,0.138185
B_impress_1000,2099073485_1,105,0.005414,0.005035,0.137855
B_impress_1000,2099073485_1,106,0.005403,0.005028,0.137528
B_impress_1000,2099073485_1,107,0.005388,0.005016,0.137203
B_impress_1000,2099073485_1,108,0.005377,0.005009,0.136880
B_impress_1000,2099073485_1,109,0.005367,0.005001,0.136558
B_impress_1000,2099073485_1,110,0.005356,0.004993,0.136239
B_impress_1000,2099073485_1,111,0.005345,0.004986,0.135922
B_impress_1000,2099073485_1,112,0.005330,0.004974,0.135607
B_impress_1000,2099073485_1,113,0.005320,0.004967,0.135293
B_impress_1000,2099073485_1,114,0.005309,0.004959,0.134981
B_impress_1000,2099073485_1,115,0.005298,0.004951,0.134670
B_impress_1000,2099073485_1,116,0.005287,0.004944,0.134360
B_impress_1000,2099073485_1,117,0.005277,0.004936,0.134052
B_impress_1000,2099073485_1,118,0.005266,0.004929,0.133747
B_impress_1000,2099073485_1,119,0.005255,0.004921,0.133443
B_impress_1000,2099073485_1,120,0.005245,0.004913,0.133142
B_impress_1000,2099073485_1,121,0.005238,0.004910,0.132843
B_impress_1000,2099073485_1,122,0.005227,0.004902,0.132544
B_impress_1000,2099073485_1,123,0.005213,0.004890,0.132248
B_impress_1000,2099073485_1,124,0.005202,0.004883,0.131954
B_impress_1000,2099073485_1,125,0.005196,0.004879,0.131662
B_impress_1000,2099073485_1,126,0.005185,0.004871,0.131372
B_impress_1000,2099073485_1,127,0.005175,0.004864,0.131083
B_impress_1000,2099073485_1,128,0.005164,0.004856,0.130795
B_impress_1000,2099073485_1,129,0.005157,0.004852,0.130509
B_impress_1000,2099073485_1,130,0.005147,0.004845,0.130225
B_impress_1000,2099073485_1,131,0.005136,0.004837,0.129942
B_impress_1000,2099073485_1,132,0.005126,0.004829,0.129661
B_impress_1000,2099073485_1,133,0.005119,0.004826,0.129381
B_impress_1000,2099073485_1,134,0.005109,0.004818,0.129102
B_impress_1000,2099073485_1,135,0.005099,0.004810,0.128826
B_impress_1000,2099073485_1,136,0.005092,0.004807,0.128551
B_impress_1000,2099073485_1,137,0.005078,0.004795,0.128278
B_impress_1000,2099073485_1,138,0.005071,0.004791,0.128006
B_impress_1000,2099073485_1,139,0.005061,0.004784,0.127737
B_impress_1000,2099073485_1,140,0.005051,0.004776,0.127469
B_impress_1000,2099073485_1,141,0.005044,0.004772,0.127203
B_impress_1000,2099073485_1,142,0.005030,0.004761,0.126938
B_impress_1000,2099073485_1,143,0.005024,0.004757,0.126675
B_impress_1000,2099073485_1,144,0.005013,0.004749,0.126414
B_impress_1000,2099073485_1,145,0.005003,0.004742,0.126155
B_impress_1000,2099073485_1,146,0.004993,0.004734,0.125897
B_impress_1000,2099073485_1,147,0.004987,0.004730,0.125642
B_impress_1000,2099073485_1,148,0.004976,0.004723,0.125388
B_impress_1000,2099073485_1,149,0.004970,0.004719,0.125135
B_impress_1000,2099073485_1,150,0.004960,0.004711,0.124884
B_impress_1000,2099073485_1,151,0.004950,0.004704,0.124635
B_impress_1000,2099073485_1,152,0.004940,0.004696,0.124388
B_impress_1000,2099073485_1,153,0.004933,0.004692,0.124142
B_impress_1000,2099073485_1,154,0.004923,0.004684,0.123897
B_impress_1000,2099073485_1,155,0.004913,0.004677,0.123655
B_impress_1000,2099073485_1,156,0.004907,0.004673,0.123413
B_impress_1000,2099073485_1,157,0.004897,0.004665,0.123173
B_impress_1000,2099073485_1,158,0.004887,0.004658,0.122935
B_impress_1000,2099073485_1,159,0.004881,0.004654,0.122698
B_impress_1000,2099073485_1,160,0.004871,0.004646,0.122463
B_impress_1000,2099073485_1,161,0.004861,0.004639,0.122230
B_impress_1000,2099073485_1,162,0.004855,0.004635,0.121999
B_impress_1000,2099073485_1,163,0.004845,0.004627,0.121768
B_impress_1000,2099073485_1,164,0.004835,0.004620,0.121540
B_impress_1000,2099073485_1,165,0.004829,0.004616,0.121313
B_impress_1000,2099073485_1,166,0.004819,0.004608,0.121087
B_impress_1000,2099073485_1,167,0.004809,0.004601,0.120861
B_impress_1000,2099073485_1,168,0.004803,0.004597,0.120638
B_impress_1000,2099073485_1,169,0.004793,0.004589,0.120415
B_impress_1000,2099073485_1,170,0.004783,0.004581,0.120194
B_impress_1000,2099073485_1,171,0.004774,0.004574,0.119974
B_impress_1000,2099073485_1,172,0.004768,0.004570,0.119756
B_impress_1000,2099073485_1,173,0.004758,0.004562,0.119538
B_impress_1000,2099073485_1,174,0.004752,0.004559,0.119323
B_impress_1000,2099073485_1,175,0.004742,0.004551,0.119108
B_impress_1000,2099073485_1,176,0.004732,0.004543,0.118895
B_impress_1000,2099073485_1,177,0.004726,0.004539,0.118683
B_impress_1000,2099073485_1,178,0.004717,0.004532,0.118473
B_impress_1000,2099073485_1,179,0.004707,0.004524,0.118264
B_impress_1000,2099073485_1,180,0.004701,0.004520,0.118055
B_impress_1000,2099073485_1,181,0.004691,0.004513,0.117848
B_impress_1000,2099073485_1,182,0.004682,0.004505,0.117643
B_impress_1000,2099073485_1,183,0.004676,0.004501,0.117438
B_impress_1000,2099073485_1,184,0.004670,0.004498,0.117234
B_impress_1000,2099073485_1,185,0.004660,0.004490,0.117032
B_impress_1000,2099073485_1,186,0.004654,0.004486,0.116831
B_impress_1000,2099073485_1,187,0.004645,0.004478,0.116631
B_impress_1000,2099073485_1,188,0.004639,0.004475,0.116432
B_impress_1000,2099073485_1,189,0.004629,0.004467,0.116234
B_impress_1000,2099073485_1,190,0.004624,0.004463,0.116037
B_impress_1000,2099073485_1,191,0.004614,0.004456,0.115840
B_impress_1000,2099073485_1,192,0.004608,0.004452,0.115645
B_impress_1000,2099073485_1,193,0.004599,0.004444,0.115451
B_impress_1000,2099073485_1,194,0.004593,0.004440,0.115259
B_impress_1000,2099073485_1,195,0.004583,0.004433,0.115069
B_impress_1000,2099073485_1,196,0.004578,0.004429,0.114880
B_impress_1000,2099073485_1,197,0.004572,0.004425,0.114693
B_impress_1000,2099073485_1,198,0.004562,0.004417,0.114506
B_impress_1000,2099073485_1,199,0.004557,0.004414,0.114321
B_impress_1000,2099073485_1,200,0.004547,0.004406,0.114137
B_impress_1000,2099073485_1,201,0.004542,0.004402,0.113955
B_impress_1000,2099073485_1,202,0.004536,0.004398,0.113773
B_impress_1000,2099073485_1,203,0.004530,0.004395,0.113593
B_impress_1000,2099073485_1,204,0.004521,0.004387,0.113413
B_impress_1000,2099073485_1,205,0.004515,0.004383,0.113234
B_impress_1000,2099073485_1,206,0.004510,0.004379,0.113057
B_impress_1000,2099073485_1,207,0.004500,0.004372,0.112879
B_impress_1000,2099073485_1,208,0.004495,0.004368,0.112703
B_impress_1000,2099073485_1,209,0.004489,0.004364,0.112527
B_impress_1000,2099073485_1,210,0.004480,0.004356,0.112353
B_impress_1000,2099073485_1,211,0.004474,0.004353,0.112180
B_impress_1000,2099073485_1,212,0.004469,0.004349,0.112008
B_impress_1000,2099073485_1,213,0.004459,0.004341,0.111837
B_impress_1000,2099073485_1,214,0.004454,0.004337,0.111667
B_impress_1000,2099073485_1,215,0.004448,0.004333,0.111498
B_impress_1000,2099073485_1,216,0.004443,0.004330,0.111330
B_impress_1000,2099073485_1,217,0.004434,0.004322,0.111163
B_impress_1000,2099073485_1,218,0.004428,0.004318,0.110996
B_impress_1000,2099073485_1,219,0.004423,0.004314,0.110831
B_impress_1000,2099073485_1,220,0.004413,0.004307,0.110667
B_impress_1000,2099073485_1,221,0.004408,0.004303,0.110503
B_impress_1000,2099073485_1,222,0.004403,0.004299,0.110340
B_impress_1000,2099073485_1,223,0.004393,0.004292,0.110178
B_impress_1000,2099073485_1,224,0.004388,0.004288,0.110017
B_impress_1000,2099073485_1,225,0.004382,0.004284,0.109857
B_impress_1000,2099073485_1,226,0.004373,0.004276,0.109698
B_impress_1000,2099073485_1,227,0.004368,0.004272,0.109539
B_impress_1000,2099073485_1,228,0.004359,0.004265,0.109381
B_impress_1000,2099073485_1,229,0.004357,0.004265,0.109224
B_impress_1000,2099073485_1,230,0.004352,0.004261,0.109068
B_impress_1000,2099073485_1,231,0.004343,0.004253,0.108912
B_impress_1000,2099073485_1,232,0.004337,0.004250,0.108758
B_impress_1000,2099073485_1,233,0.004332,0.004246,0.108604
B_impress_1000,2099073485_1,234,0.004323,0.004238,0.108452
B_impress_1000,2099073485_1,235,0.004317,0.004234,0.108300
B_impress_1000,2099073485_1,236,0.004312,0.004230,0.108149
B_impress_1000,2099073485_1,237,0.004303,0.004223,0.107999
B_impress_1000,2099073485_1,238,0.004298,0.004219,0.107849
B_impress_1000,2099073485_1,239,0.004292,0.004215,0.107701
B_impress_1000,2099073485_1,240,0.004287,0.004211,0.107554
B_impress_1000,2099073485_1,241,0.004282,0.004208,0.107407
B_impress_1000,2099073485_1,242,0.004273,0.004200,0.107261
B_impress_1000,2099073485_1,243,0.004267,0.004196,0.107116
B_impress_1000,2099073485_1,244,0.004262,0.004192,0.106971
B_impress_1000,2099073485_1,245,0.004257,0.004189,0.106827
B_impress_1000,2099073485_1,246,0.004248,0.004181,0.106684
B_impress_1000,2099073485_1,247,0.004243,0.004177,0.106542
B_impress_1000,2099073485_1,248,0.004237,0.004173,0.106399
B_impress_1000,2099073485_1,249,0.004232,0.004169,0.106257
B_impress_1000,2099073485_1,250,0.004227,0.004166,0.106116
B_impress_1000,2099073485_1,251,0.004222,0.004162,0.105976
B_impress_1000,2099073485_1,252,0.004216,0.004158,0.105837
B_impress_1000,2099073485_1,253,0.004211,0.004154,0.105699
B_impress_1000,2099073485_1,254,0.004202,0.004147,0.105562
B_impress_1000,2099073485_1,255,0.004197,0.004143,0.105426
B_impress_1000,2099073485_1,256,0.004192,0.004139,0.105291
B_impress_1000,2099073485_1,257,0.004187,0.004135,0.105157
B_impress_1000,2099073485_1,258,0.004182,0.004131,0.105024
B_impress_1000,2099073485_1,259,0.004176,0.004128,0.104891
B_impress_1000,2099073485_1,260,0.004171,0.004124,0.104760
B_impress_1000,2099073485_1,261,0.004166,0.004120,0.104629
B_impress_1000,2099073485_1,262,0.004161,0.004116,0.104500
B_impress_1000,2099073485_1,263,0.004152,0.004108,0.104371
B_impress_1000,2099073485_1,264,0.004151,0.004108,0.104242
B_impress_1000,2099073485_1,265,0.004142,0.004101,0.104115
B_impress_1000,2099073485_1,266,0.004137,0.004097,0.103987
B_impress_1000,2099073485_1,267,0.004132,0.004093,0.103861
B_impress_1000,2099073485_1,268,0.004127,0.004089,0.103734
B_impress_1000,2099073485_1,269,0.004122,0.004086,0.103608
B_impress_1000,2099073485_1,270,0.004117,0.004082,0.103483
B_impress_1000,2099073485_1,271,0.004111,0.004078,0.103358
B_impress_1000,2099073485_1,272,0.004106,0.004074,0.103234
B_impress_1000,2099073485_1,273,0.004101,0.004070,0.103110
B_impress_1000,2099073485_1,274,0.004096,0.004066,0.102987
B_impress_1000,2099073485_1,275,0.004091,0.004063,0.102865
B_impress_1000,2099073485_1,276,0.004086,0.004059,0.102743
B_impress_1000,2099073485_1,277,0.004081,0.004055,0.102622
B_impress_1000,2099073485_1,278,0.004076,0.004051,0.102502
B_impress_1000,2099073485_1,279,0.004071,0.004047,0.102383
B_impress_1000,2099073485_1,280,0.004066,0.004044,0.102264
B_impress_1000,2099073485_1,281,0.004061,0.004040,0.102153
B_impress_1000,2099073485_1,282,0.004056,0.004036,0.102048
B_impress_1000,2099073485_1,283,0.004052,0.004032,0.101944
B_impress_1000,2099073485_1,284,0.004047,0.004028,0.101841
B_impress_1000,2099073485_1,285,0.004042,0.004025,0.101739
B_impress_1000,2099073485_1,286,0.004041,0.004025,0.101637
B_impress_1000,2099073485_1,287,0.004036,0.004021,0.101536
B_impress_1000,2099073485_1,288,0.004031,0.004017,0.101435
B_impress_1000,2099073485_1,289,0.004026,0.004013,0.101336
B_impress_1000,2099073485_1,290,0.004022,0.004009,0.101237
B_impress_1000,2099073485_1,291,0.004017,0.004005,0.101138
B_impress_1000,2099073485_1,292,0.004016,0.004005,0.101040
B_impress_1000,2099073485_1,293,0.004011,0.004002,0.100942
B_impress_1000,2099073485_1,294,0.004006,0.003998,0.100845
B_impress_1000,2099073485_1,295,0.004001,0.003994,0.100748
B_impress_1000,2099073485_1,296,0.003997,0.003990,0.100651
B_impress_1000,2099073485_1,297,0.003992,0.003986,0.100555
B_impress_1000,2099073485_1,298,0.003991,0.003986,0.100458
B_impress_1000,2099073485_1,299,0.003986,0.003983,0.100362
B_impress_1000,2099073485_1,300,0.003981,0.003979,0.100266
B_impress_1000,2099073485_1,301,0.003977,0.003975,0.100171
B_impress_1000,2099073485_1,302,0.003972,0.003971,0.100076
B_impress_1000,2099073485_1,303,0.003967,0.003967,0.099981
B_impress_1000,2099073485_1,304,0.003967,0.003967,0.099904
B_impress_1000,2099073485_1,305,0.003963,0.003963,0.099830
B_impress_1000,2099073485_1,306,0.003960,0.003960,0.099759
B_impress_1000,2099073485_1,307,0.003956,0.003956,0.099691
B_impress_1000,2099073485_1,308,0.003952,0.003952,0.099624
B_impress_1000,2099073485_1,309,0.003952,0.003952,0.099558
B_impress_1000,2099073485_1,310,0.003948,0.003948,0.099494
B_impress_1000,2099073485_1,311,0.003944,0.003944,0.099431
B_impress_1000,2099073485_1,312,0.003941,0.003941,0.099369
B_impress_1000,2099073485_1,313,0.003941,0.003941,0.099309
B_impress_1000,2099073485_1,314,0.003937,0.003937,0.099250
B_impress_1000,2099073485_1,315,0.003933,0.003933,0.099193
B_impress_1000,2099073485_1,316,0.003929,0.003929,0.099136
B_impress_1000,2099073485_1,317,0.003925,0.003925,0.099081
B_impress_1000,2099073485_1,318,0.003925,0.003925,0.099028
B_impress_1000,2099073485_1,319,0.003922,0.003922,0.098975
B_impress_1000,2099073485_1,320,0.003918,0.003918,0.098924
B_impress_1000,2099073485_1,321,0.003918,0.003918,0.098874
B_impress_1000,2099073485_1,322,0.003910,0.003910,0.098826
B_impress_1000,2099073485_1,323,0.003910,0.003910,0.098779
B_impress_1000,2099073485_1,324,0.003906,0.003906,0.098734
B_impress_1000,2099073485_1,325,0.003902,0.003902,0.098689
B_impress_1000,2099073485_1,326,0.003901,0.003901,0.098646
B_impress_1000,2099073485_1,327,0.003899,0.003899,0.098604
B_impress_1000,2099073485_1,328,0.003895,0.003895,0.098563
B_impress_1000,2099073485_1,329,0.003893,0.003893,0.098524
B_impress_1000,2099073485_1,330,0.003889,0.003889,0.098485
B_impress_1000,2099073485_1,331,0.003887,0.003887,0.098448
B_impress_1000,2099073485_1,332,0.003885,0.003885,0.098412
B_impress_1000,2099073485_1,333,0.003881,0.003881,0.098377
B_impress_1000,2099073485_1,334,0.003880,0.003880,0.098344
B_impress_1000,2099073485_1,335,0.003878,0.003878,0.098311
B_impress_1000,2099073485_1,336,0.003876,0.003876,0.098279
B_impress_1000,2099073485_1,337,0.003872,0.003872,0.098249
B_impress_1000,2099073485_1,338,0.003870,0.003870,0.098219
B_impress_1000,2099073485_1,339,0.003868,0.003868,0.098191
B_impress_1000,2099073485_1,340,0.003864,0.003864,0.098164
B_impress_1000,2099073485_1,341,0.003862,0.003862,0.098139
B_impress_1000,2099073485_1,342,0.003859,0.003859,0.098114
B_impress_1000,2099073485_1,343,0.003857,0.003857,0.098091
B_impress_1000,2099073485_1,344,0.003853,0.003853,0.098069
B_impress_1000,2099073485_1,345,0.003849,0.003849,0.098047
B_impress_1000,2099073485_1,346,0.003847,0.003847,0.098027
B_impress_1000,2099073485_1,347,0.003843,0.003843,0.098008
B_impress_1000,2099073485_1,348,0.003841,0.003841,0.097991
B_impress_1000,2099073485_1,349,0.003838,0.003838,0.097974
B_impress_1000,2099073485_1,350,0.003836,0.003836,0.097958
B_impress_1000,2099073485_1,351,0.003834,0.003834,0.097943
B_impress_1000,2099073485_1,352,0.003832,0.003832,0.097929
B_impress_1000,2099073485_1,353,0.003828,0.003828,0.097917
B_impress_1000,2099073485_1,354,0.003826,0.003826,0.097905
B_impress_1000,2099073485_1,355,0.003824,0.003824,0.097895
B_impress_1000,2099073485_1,356,0.003822,0.003822,0.097886
B_impress_1000,2099073485_1,357,0.003819,0.003819,0.097877
B_impress_1000,2099073485_1,358,0.003817,0.003817,0.097870
B_impress_1000,2099073485_1,359,0.003815,0.003815,0.097864
B_impress_1000,2099073485_1,360,0.003811,0.003811,0.097858
B_impress_1000,2099073485_1,361,0.003809,0.003809,0.097854
B_impress_1000,2099073485_1,362,0.003809,0.003809,0.097851
B_impress_1000,2099073485_1,363,0.003807,0.003807,0.097849
B_impress_1000,2099073485_1,364,0.003803,0.003803,0.097848
B_impress_1000,2099073485_1,365,0.003801,0.003801,0.097848
B_impress_1000,2099073485_1,366,0.003801,0.003801,0.097848
B_impress_1000,2099073485_1,367,0.003798,0.003798,0.097850
B_impress_1000,2099073485_1,368,0.003796,0.003796,0.097853
B_impress_1000,2099073485_1,369,0.003792,0.003792,0.097856
B_impress_1000,2099073485_1,370,0.003790,0.003790,0.097861
B_impress_1000,2099073485_1,371,0.003788,0.003788,0.097867
B_impress_1000,2099073485_1,372,0.003788,0.003788,0.097873
B_impress_1000,2099073485_1,373,0.003784,0.003784,0.097881
B_impress_1000,2099073485_1,374,0.003782,0.003782,0.097890
B_impress_1000,2099073485_1,375,0.003777,0.003777,0.097899
B_impress_1000,2099073485_1,376,0.003775,0.003775,0.097910
B_impress_1000,2099073485_1,377,0.003775,0.003775,0.097921
B_impress_1000,2099073485_1,378,0.003771,0.003771,0.097934
B_impress_1000,2099073485_1,379,0.003767,0.003767,0.097947
B_impress_1000,2099073485_1,380,0.003765,0.003765,0.097962
B_impress_1000,2099073485_1,381,0.003763,0.003763,0.097977
B_impress_1000,2099073485_1,382,0.003761,0.003761,0.097994
B_impress_1000,2099073485_1,383,0.003759,0.003759,0.097999
B_impress_1000,2099073485_1,384,0.003757,0.003757,0.098005
B_impress_1000,2099073485_1,385,0.003757,0.003757,0.098011
B_impress_1000,2099073485_1,386,0.003754,0.003754,0.098018
B_impress_1000,2099073485_1,387,0.003754,0.003754,0.098025
B_impress_1000,2099073485_1,388,0.003752,0.003752,0.098032
B_impress_1000,2099073485_1,389,0.003750,0.003750,0.098039
B_impress_1000,2099073485_1,390,0.003750,0.003750,0.098047
B_impress_1000,2099073485_1,391,0.003748,0.003748,0.098055
B_impress_1000,2099073485_1,392,0.003746,0.003746,0.098064
B_impress_1000,2099073485_1,393,0.003746,0.003746,0.098073
B_impress_1000,2099073485_1,394,0.003744,0.003744,0.098082
B_impress_1000,2099073485_1,395,0.003744,0.003744,0.098091
B_impress_1000,2099073485_1,396,0.003742,0.003742,0.098101
B_impress_1000,2099073485_1,397,0.003740,0.003740,0.098111
B_impress_1000,2099073485_1,398,0.003740,0.003740,0.098121
B_impress_1000,2099073485_1,399,0.003738,0.003738,0.098132
B_impress_1000,2099073485_1,400,0.003736,0.003736,0.098143
B_impress_1000,2099073485_1,401,0.003736,0.003736,0.098154
B_impress_1000,2099073485_1,402,0.003735,0.003735,0.098165
B_impress_1000,2099073485_1,403,0.003733,0.003733,0.098177
B_impress_1000,2099073485_1,404,0.003733,0.003733,0.098189
B_impress_1000,2099073485_1,405,0.003731,0.003731,0.098202
B_impress_1000,2099073485_1,406,0.003731,0.003731,0.098214
B_impress_1000,2099073485_1,407,0.003729,0.003729,0.098227
B_impress_1000,2099073485_1,408,0.003727,0.003727,0.098240
B_impress_1000,2099073485_1,409,0.003727,0.003727,0.098254
B_impress_1000,2099073485_1,410,0.003725,0.003725,0.098268
B_impress_1000,2099073485_1,411,0.003723,0.003723,0.098282
B_impress_1000,2099073485_1,412,0.003721,0.003721,0.098295
B_impress_1000,2099073485_1,413,0.003721,0.003721,0.098310
B_impress_1000,2099073485_1,414,0.003719,0.003719,0.098324
B_impress_1000,2099073485_1,415,0.003719,0.003719,0.098339
B_impress_1000,2099073485_1,416,0.003717,0.003717,0.098355
B_impress_1000,2099073485_1,417,0.003717,0.003717,0.098370
B_impress_1000,2099073485_1,418,0.003716,0.003716,0.098386
B_impress_1000,2099073485_1,419,0.003714,0.003714,0.098402
B_impress_1000,2099073485_1,420,0.003714,0.003714,0.098418
B_impress_1000,2099073485_1,421,0.003712,0.003712,0.098435
B_impress_1000,2099073485_1,422,0.003710,0.003710,0.098451
B_impress_1000,2099073485_1,423,0.003710,0.003710,0.098468
B_impress_1000,2099073485_1,424,0.003708,0.003708,0.098486
B_impress_1000,2099073485_1,425,0.003708,0.003708,0.098503
B_impress_1000,2099073485_1,426,0.003706,0.003706,0.098521
B_impress_1000,2099073485_1,427,0.003704,0.003704,0.098539
B_impress_1000,2099073485_1,428,0.003704,0.003704,0.098557
B_impress_1000,2099073485_1,429,0.003702,0.003702,0.098576
B_impress_1000,2099073485_1,430,0.003700,0.003700,0.098594
B_impress_1000,2099073485_1,431,0.003700,0.003700,0.098613
B_impress_1000,2099073485_1,432,0.003698,0.003698,0.098633
B_impress_1000,2099073485_1,433,0.003698,0.003698,0.098652
B_impress_1000,2099073485_1,434,0.003696,0.003696,0.098672
B_impress_1000,2099073485_1,435,0.003696,0.003696,0.098692
B_impress_1000,2099073485_1,436,0.003695,0.003695,0.098712
B_impress_1000,2099073485_1,437,0.003695,0.003695,0.098732
B_impress_1000,2099073485_1,438,0.003693,0.003693,0.098752
B_impress_1000,2099073485_1,439,0.003693,0.003693,0.098773
B_impress_1000,2099073485_1,440,0.003691,0.003691,0.098794
B_impress_1000,2099073485_1,441,0.003689,0.003689,0.098815
B_impress_1000,2099073485_1,442,0.003689,0.003689,0.098836
B_impress_1000,2099073485_1,443,0.003687,0.003687,0.098858
B_impress_1000,2099073485_1,444,0.003687,0.003687,0.098880
B_impress_1000,2099073485_1,445,0.003685,0.003685,0.098902
B_impress_1000,2099073485_1,446,0.003685,0.003685,0.098925
B_impress_1000,2099073485_1,447,0.003685,0.003685,0.098947
B_impress_1000,2099073485_1,448,0.003683,0.003683,0.098970
B_impress_1000,2099073485_1,449,0.003681,0.003681,0.098993
B_impress_1000,2099073485_1,450,0.003681,0.003681,0.099016
B_impress_1000,2099073485_1,451,0.003679,0.003679,0.099039
B_impress_1000,2099073485_1,452,0.003679,0.003679,0.099062
B_impress_1000,2099073485_1,453,0.003679,0.003679,0.099085
B_impress_1000,2099073485_1,454,0.003677,0.003677,0.099109
B_impress_1000,2099073485_1,455,0.003677,0.003677,0.099132
B_impress_1000,2099073485_1,456,0.003675,0.003675,0.099156
B_impress_1000,2099073485_1,457,0.003675,0.003675,0.099181
B_impress_1000,2099073485_1,458,0.003674,0.003674,0.099205
B_impress_1000,2099073485_1,459,0.003674,0.003674,0.099229
B_impress_1000,2099073485_1,460,0.003672,0.003672,0.099254
B_impress_1000,2099073485_1,461,0.003672,0.003672,0.099279
B_impress_1000,2099073485_1,462,0.003672,0.003672,0.099304
B_impress_1000,2099073485_1,463,0.003670,0.003670,0.099330
B_impress_1000,2099073485_1,464,0.003670,0.003670,0.099355
B_impress_1000,2099073485_1,465,0.003668,0.003668,0.099381
B_impress_1000,2099073485_1,466,0.003668,0.003668,0.099407
B_impress_1000,2099073485_1,467,0.003666,0.003666,0.099434
B_impress_1000,2099073485_1,468,0.003666,0.003666,0.099460
B_impress_1000,2099073485_1,469,0.003664,0.003664,0.099487
B_impress_1000,2099073485_1,470,0.003664,0.003664,0.099514
B_impress_1000,2099073485_1,471,0.003664,0.003664,0.099541
B_impress_1000,2099073485_1,472,0.003660,0.003660,0.099568
B_impress_1000,2099073485_1,473,0.003660,0.003660,0.099596
B_impress_1000,2099073485_1,474,0.003660,0.003660,0.099624
B_impress_1000,2099073485_1,475,0.003660,0.003660,0.099652
B_impress_1000,2099073485_1,476,0.003660,0.003660,0.099680
B_impress_1000,2099073485_1,477,0.003658,0.003658,0.099709
B_impress_1000,2099073485_1,478,0.003656,0.003656,0.099737
B_impress_1000,2099073485_1,479,0.003656,0.003656,0.099766
B_impress_1000,2099073485_1,480,0.003654,0.003654,0.099795
B_impress_1000,2099073485_1,481,0.003654,0.003654,0.099825
B_impress_1000,2099073485_1,482,0.003654,0.003654,0.099854
B_impress_1000,2099073485_1,483,0.003653,0.003653,0.099884
B_impress_1000,2099073485_1,484,0.003653,0.003653,0.099914
B_impress_1000,2099073485_1,485,0.003651,0.003651,0.099944
B_impress_1000,2099073485_1,486,0.003651,0.003651,0.099974
B_impress_1000,2099073485_1,487,0.003651,0.003651,0.100004
B_impress_1000,2099073485_1,488,0.003649,0.003649,0.099954
B_impress_1000,2099073485_1,489,0.003647,0.003647,0.099917
B_impress_1000,2099073485_1,490,0.003647,0.003647,0.099884
B_impress_1000,2099073485_1,491,0.003647,0.003647,0.099854
B_impress_1000,2099073485_1,492,0.003647,0.003647,0.099827
B_impress_1000,2099073485_1,493,0.003645,0.003645,0.099802
B_impress_1000,2099073485_1,494,0.003645,0.003645,0.099779
B_impress_1000,2099073485_1,495,0.003643,0.003643,0.099776
B_impress_1000,2099073485_1,496,0.003643,0.003643,0.099774
B_impress_1000,2099073485_1,497,0.003643,0.003643,0.099772
B_impress_1000,2099073485_1,498,0.003641,0.003641,0.099770
B_impress_1000,2099073485_1,499,0.003641,0.003641,0.099768
B_impress_1000,2099073485_1,500,0.003639,0.003639,0.099767
B_impress_1000,2099073485_1,501,0.003639,0.003639,0.099766
B_impress_1000,2099073485_1,502,0.003639,0.003639,0.099765
B_impress_1000,2099073485_1,503,0.003639,0.003639,0.099764
B_impress_1000,2099073485_1,504,0.003637,0.003637,0.099764
B_impress_1000,2099073485_1,505,0.003637,0.003637,0.099764
B_impress_1000,2099073485_1,506,0.003637,0.003637,0.099764
B_impress_1000,2099073485_1,507,0.003637,0.003637,0.099765
B_impress_1000,2099073485_1,508,0.003635,0.003635,0.099766
B_impress_1000,2099073485_1,509,0.003635,0.003635,0.099767
B_impress_1000,2099073485_1,510,0.003635,0.003635,0.099768
B_impress_1000,2099073485_1,511,0.003635,0.003635,0.099769
B_impress_1000,2099073485_1,512,0.003635,0.003635,0.099771
B_impress_1000,2099073485_1,513,0.003635,0.003635,0.099773
B_impress_1000,2099073485_1,514,0.003633,0.003633,0.099775
B_impress_1000,2099073485_1,515,0.003633,0.003633,0.099778
B_impress_1000,2099073485_1,516,0.003632,0.003632,0.099780
B_impress_1000,2099073485_1,517,0.003632,0.003632,0.099783
B_impress_1000,2099073485_1,518,0.003632,0.003632,0.099786
B_impress_1000,2099073485_1,519,0.003632,0.003632,0.099790
B_impress_1000,2099073485_1,520,0.003632,0.003632,0.099793
B_impress_1000,2099073485_1,521,0.003630,0.003630,0.099797
B_impress_1000,2099073485_1,522,0.003630,0.003630,0.099801
B_impress_1000,2099073485_1,523,0.003630,0.003630,0.099805
B_impress_1000,2099073485_1,524,0.003630,0.003630,0.099809
B_impress_1000,2099073485_1,525,0.003630,0.003630,0.099814
B_impress_1000,2099073485_1,526,0.003628,0.003628,0.099819
B_impress_1000,2099073485_1,527,0.003628,0.003628,0.099824
B_impress_1000,2099073485_1,528,0.003628,0.003628,0.099829
B_impress_1000,2099073485_1,529,0.003628,0.003628,0.099834
B_impress_1000,2099073485_1,530,0.003628,0.003628,0.099840
B_impress_1000,2099073485_1,531,0.003626,0.003626,0.099845
B_impress_1000,2099073485_1,532,0.003626,0.003626,0.099850
B_impress_1000,2099073485_1,533,0.003624,0.003624,0.099855
B_impress_1000,2099073485_1,534,0.003624,0.003624,0.099861
B_impress_1000,2099073485_1,535,0.003624,0.003624,0.099867
B_impress_1000,2099073485_1,536,0.003624,0.003624,0.099873
B_impress_1000,2099073485_1,537,0.003622,0.003622,0.099879
B_impress_1000,2099073485_1,538,0.003622,0.003622,0.099885
B_impress_1000,2099073485_1,539,0.003622,0.003622,0.099892
B_impress_1000,2099073485_1,540,0.003622,0.003622,0.099898
B_impress_1000,2099073485_1,541,0.003622,0.003622,0.099905
B_impress_1000,2099073485_1,542,0.003620,0.003620,0.099912
B_impress_1000,2099073485_1,543,0.003620,0.003620,0.099919
B_impress_1000,2099073485_1,544,0.003618,0.003618,0.099926
B_impress_1000,2099073485_1,545,0.003620,0.003620,0.099934
B_impress_1000,2099073485_1,546,0.003620,0.003620,0.099941
B_impress_1000,2099073485_1,547,0.003620,0.003620,0.099949
B_impress_1000,2099073485_1,548,0.003618,0.003618,0.099957
B_impress_1000,2099073485_1,549,0.003618,0.003618,0.099965
B_impress_1000,2099073485_1,550,0.003616,0.003616,0.099973
B_impress_1000,2099073485_1,551,0.003616,0.003616,0.099981
B_impress_1000,2099073485_1,552,0.003616,0.003616,0.099990
B_impress_1000,2099073485_1,553,0.003616,0.003616,0.099998
B_impress_1000,2099073485_1,554,0.003616,0.003616,0.100007
B_impress_1000,2099073485_1,555,0.003614,0.003614,0.099993
B_impress_1000,2099073485_1,556,0.003614,0.003614,0.099983
B_impress_1000,2099073485_1,557,0.003614,0.003614,0.099976
B_impress_1000,2099073485_1,558,0.003613,0.003613,0.099970
B_impress_1000,2099073485_1,559,0.003613,0.003613,0.099963
B_impress_1000,2099073485_1,560,0.003613,0.003613,0.099957
B_impress_1000,2099073485_1,561,0.003613,0.003613,0.099953
B_impress_1000,2099073485_1,562,0.003613,0.003613,0.099948
B_impress_1000,2099073485_1,563,0.003613,0.003613,0.099944
B_impress_1000,2099073485_1,564,0.003613,0.003613,0.099940
B_impress_1000,2099073485_1,565,0.003613,0.003613,0.099936
B_impress_1000,2099073485_1,566,0.003613,0.003613,0.099932
B_impress_1000,2099073485_1,567,0.003611,0.003611,0.099928
B_impress_1000,2099073485_1,568,0.003611,0.003611,0.099925
B_impress_1000,2099073485_1,569,0.003611,0.003611,0.099921
B_impress_1000,2099073485_1,570,0.003611,0.003611,0.099918
B_impress_1000,2099073485_1,571,0.003611,0.003611,0.099914
B_impress_1000,2099073485_1,572,0.003609,0.003609,0.099911
B_impress_1000,2099073485_1,573,0.003611,0.003611,0.099908
B_impress_1000,2099073485_1,574,0.003609,0.003609,0.099905
B_impress_1000,2099073485_1,575,0.003609,0.003609,0.099902
B_impress_1000,2099073485_1,576,0.003609,0.003609,0.099899
B_impress_1000,2099073485_1,577,0.003609,0.003609,0.099897
B_impress_1000,2099073485_1,578,0.003609,0.003609,0.099894
B_impress_1000,2099073485_1,579,0.003609,0.003609,0.099892
B_impress_1000,2099073485_1,580,0.003607,0.003607,0.099890
B_impress_1000,2099073485_1,581,0.003607,0.003607,0.099887
B_impress_1000,2099073485_1,582,0.003607,0.003607,0.099885
B_impress_1000,2099073485_1,583,0.003607,0.003607,0.099883
B_impress_1000,2099073485_1,584,0.003605,0.003605,0.099881
B_impress_1000,2099073485_1,585,0.003605,0.003605,0.099880
B_impress_1000,2099073485_1,586,0.003605,0.003605,0.099878
B_impress_1000,2099073485_1,587,0.003603,0.003603,0.099876
B_impress_1000,2099073485_1,588,0.003605,0.003605,0.099875
B_impress_1000,2099073485_1,589,0.003605,0.003605,0.099873
B_impress_1000,2099073485_1,590,0.003603,0.003603,0.099872
B_impress_1000,2099073485_1,591,0.003603,0.003603,0.099871
B_impress_1000,2099073485_1,592,0.003603,0.003603,0.099870
B_impress_1000,2099073485_1,593,0.003603,0.003603,0.099869
B_impress_1000,2099073485_1,594,0.003603,0.003603,0.099868
B_impress_1000,2099073485_1,595,0.003603,0.003603,0.099867
B_impress_1000,2099073485_1,596,0.003603,0.003603,0.099866
B_impress_1000,2099073485_1,597,0.003603,0.003603,0.099866
B_impress_1000,2099073485_1,598,0.003601,0.003601,0.099865
B_impress_1000,2099073485_1,599,0.003603,0.003603,0.099865
B_impress_1000,2099073485_1,600,0.003601,0.003601,0.099865
B_impress_1000,2099073485_1,601,0.003601,0.003601,0.099864
B_impress_1000,2099073485_1,602,0.003601,0.003601,0.099864
B_impress_1000,2099073485_1,603,0.003601,0.003601,0.099864
B_impress_1000,2099073485_1,604,0.003599,0.003599,0.099864
B_impress_1000,2099073485_1,605,0.003599,0.003599,0.099865
B_impress_1000,2099073485_1,606,0.003601,0.003601,0.099866
B_impress_1000,2099073485_1,607,0.003601,0.003601,0.099866
B_impress_1000,2099073485_1,608,0.003599,0.003599,0.099868
B_impress_1000,2099073485_1,609,0.003599,0.003599,0.099869
B_impress_1000,2099073485_1,610,0.003599,0.003599,0.099870
B_impress_1000,2099073485_1,611,0.003599,0.003599,0.099871
B_impress_1000,2099073485_1,612,0.003599,0.003599,0.099872
B_impress_1000,2099073485_1,613,0.003599,0.003599,0.099873
B_impress_1000,2099073485_1,614,0.003599,0.003599,0.099874
B_impress_1000,2099073485_1,615,0.003599,0.003599,0.099876
B_impress_1000,2099073485_1,616,0.003599,0.003599,0.099877
B_impress_1000,2099073485_1,617,0.003599,0.003599,0.099878
B_impress_1000,2099073485_1,618,0.003599,0.003599,0.099879
B_impress_1000,2099073485_1,619,0.003599,0.003599,0.099881
B_impress_1000,2099073485_1,620,0.003597,0.003597,0.099882
B_impress_1000,2099073485_1,621,0.003597,0.003597,0.099884
B_impress_1000,2099073485_1,622,0.003597,0.003597,0.099885
B_impress_1000,2099073485_1,623,0.003599,0.003599,0.099887
B_impress_1000,2099073485_1,624,0.003597,0.003597,0.099888
B_impress_1000,2099073485_1,625,0.003597,0.003597,0.099890
B_impress_1000,2099073485_1,626,0.003597,0.003597,0.099891
B_impress_1000,2099073485_1,627,0.003597,0.003597,0.099893
B_impress_1000,2099073485_1,628,0.003597,0.003597,0.099894
B_impress_1000,2099073485_1,629,0.003597,0.003597,0.099896
B_impress_1000,2099073485_1,630,0.003595,0.003595,0.099897
B_impress_1000,2099073485_1,631,0.003595,0.003595,0.099899
B_impress_1000,2099073485_1,632,0.003597,0.003597,0.099900
B_impress_1000,2099073485_1,633,0.003595,0.003595,0.099902
B_impress_1000,2099073485_1,634,0.003595,0.003595,0.099904
B_impress_1000,2099073485_1,635,0.003595,0.003595,0.099905
B_impress_1000,2099073485_1,636,0.003595,0.003595,0.099907
B_impress_1000,2099073485_1,637,0.003595,0.003595,0.099909
B_impress_1000,2099073485_1,638,0.003595,0.003595,0.099911
B_impress_1000,2099073485_1,639,0.003595,0.003595,0.099912
B_impress_1000,2099073485_1,640,0.003595,0.003595,0.099914
B_impress_1000,2099073485_1,641,0.003595,0.003595,0.099915
B_impress_1000,2099073485_1,642,0.003595,0.003595,0.099917
B_impress_1000,2099073485_1,643,0.003593,0.003593,0.099919
B_impress_1000,2099073485_1,644,0.003593,0.003593,0.099921
B_impress_1000,2099073485_1,645,0.003593,0.003593,0.099922
B_impress_1000,2099073485_1,646,0.003593,0.003593,0.099924
B_impress_1000,2099073485_1,647,0.003593,0.003593,0.099926
B_impress_1000,2099073485_1,648,0.003593,0.003593,0.099928
B_impress_1000,2099073485_1,649,0.003593,0.003593,0.099930
B_impress_1000,2099073485_1,650,0.003593,0.003593,0.099932
B_impress_1000,2099073485_1,651,0.003593,0.003593,0.099933
B_impress_1000,2099073485_1,652,0.003593,0.003593,0.099935
B_impress_1000,2099073485_1,653,0.003593,0.003593,0.099937
B_impress_1000,2099073485_1,654,0.003593,0.003593,0.099939
B_impress_1000,2099073485_1,655,0.003593,0.003593,0.099941
B_impress_1000,2099073485_1,656,0.003593,0.003593,0.099943
B_impress_1000,2099073485_1,657,0.003592,0.003592,0.099945
B_impress_1000,2099073485_1,658,0.003593,0.003593,0.099947
B_impress_1000,2099073485_1,659,0.003593,0.003593,0.099949
B_impress_1000,2099073485_1,660,0.003592,0.003592,0.099951
B_impress_1000,2099073485_1,661,0.003592,0.003592,0.099953
B_impress_1000,2099073485_1,662,0.003592,0.003592,0.099955
B_impress_1000,2099073485_1,663,0.003592,0.003592,0.099957
B_impress_1000,2099073485_1,664,0.003592,0.003592,0.099960
B_impress_1000,2099073485_1,665,0.003592,0.003592,0.099962
B_impress_1000,2099073485_1,666,0.003592,0.003592,0.099963
B_impress_1000,2099073485_1,667,0.003592,0.003592,0.099965
B_impress_1000,2099073485_1,668,0.003592,0.003592,0.099966
B_impress_1000,2099073485_1,669,0.003592,0.003592,0.099967
B_impress_1000,2099073485_1,670,0.003592,0.003592,0.099969
B_impress_1000,2099073485_1,671,0.003592,0.003592,0.099970
B_impress_1000,2099073485_1,672,0.003592,0.003592,0.099972
B_impress_1000,2099073485_1,673,0.003592,0.003592,0.099973
B_impress_1000,2099073485_1,674,0.003590,0.003590,0.099974
B_impress_1000,2099073485_1,675,0.003592,0.003592,0.099976
B_impress_1000,2099073485_1,676,0.003592,0.003592,0.099977
B_impress_1000,2099073485_1,677,0.003590,0.003590,0.099979
B_impress_1000,2099073485_1,678,0.003592,0.003592,0.099980
B_impress_1000,2099073485_1,679,0.003590,0.003590,0.099981
B_impress_1000,2099073485_1,680,0.003592,0.003592,0.099983
B_impress_1000,2099073485_1,681,0.003590,0.003590,0.099984
B_impress_1000,2099073485_1,682,0.003592,0.003592,0.099986
B_impress_1000,2099073485_1,683,0.003590,0.003590,0.099987
B_impress_1000,2099073485_1,684,0.003590,0.003590,0.099989
B_impress_1000,2099073485_1,685,0.003590,0.003590,0.099990
B_impress_1000,2099073485_1,686,0.003590,0.003590,0.099992
B_impress_1000,2099073485_1,687,0.003590,0.003590,0.099993
B_impress_1000,2099073485_1,688,0.003590,0.003590,0.099994
B_impress_1000,2099073485_1,689,0.003590,0.003590,0.099996
B_impress_1000,2099073485_1,690,0.003590,0.003590,0.099997
B_impress_1000,2099073485_1,691,0.003590,0.003590,0.099999
B_impress_1000,2099073485_1,692,0.003590,0.003590,0.100000
B_impress_1000,2099073485_1,693,0.003590,0.003590,0.100000
B_impress_1000,2099073485_1,694,0.003590,0.003590,0.100000
B_impress_1000,2099073485_1,695,0.003590,0.003590,0.099999
B_impress_1000,2099073485_1,696,0.003590,0.003590,0.099999
B_impress_1000,2099073485_1,697,0.003590,0.003590,0.099999
B_impress_1000,2099073485_1,698,0.003588,0.003588,0.099999
B_impress_1000,2099073485_1,699,0.003590,0.003590,0.099999
B_impress_1000,2099073485_1,700,0.003590,0.003590,0.099998
B_impress_1000,2099073485_1,701,0.003588,0.003588,0.099998
B_impress_1000,2099073485_1,702,0.003588,0.003588,0.099998
B_impress_1000,2099073485_1,703,0.003588,0.003588,0.099998
B_impress_1000,2099073485_1,704,0.003588,0.003588,0.099998
B_impress_1000,2099073485_1,705,0.003588,0.003588,0.099997
B_impress_1000,2099073485_1,706,0.003588,0.003588,0.099997
B_impress_1000,2099073485_1,707,0.003588,0.003588,0.099997
B_impress_1000,2099073485_1,708,0.003588,0.003588,0.099997
B_impress_1000,2099073485_1,709,0.003588,0.003588,0.099997
B_impress_1000,2099073485_1,710,0.003588,0.003588,0.099996
B_impress_1000,2099073485_1,711,0.003588,0.003588,0.099996
B_impress_1000,2099073485_1,712,0.003588,0.003588,0.099996
B_impress_1000,2099073485_1,713,0.003588,0.003588,0.099996
B_impress_1000,2099073485_1,714,0.003588,0.003588,0.099996
B_impress_1000,2099073485_1,715,0.003588,0.003588,0.099996
B_impress_1000,2099073485_1,716,0.003588,0.003588,0.099995
B_impress_1000,2099073485_1,717,0.003588,0.003588,0.099995
B_impress_1000,2099073485_1,718,0.003586,0.003586,0.099995
B_impress_1000,2099073485_1,719,0.003588,0.003588,0.099995
B_impress_1000,2099073485_1,720,0.003588,0.003588,0.099995
B_impress_1000,2099073485_1,721,0.003586,0.003586,0.099995
B_impress_1000,2099073485_1,722,0.003588,0.003588,0.099994
B_impress_1000,2099073485_1,723,0.003588,0.003588,0.099994
B_impress_1000,2099073485_1,724,0.003586,0.003586,0.099994
B_impress_1000,2099073485_1,725,0.003588,0.003588,0.099994
B_impress_1000,2099073485_1,726,0.003586,0.003586,0.099994
B_impress_1000,2099073485_1,727,0.003588,0.003588,0.099994
B_impress_1000,2099073485_1,728,0.003588,0.003588,0.099994
B_impress_1000,2099073485_1,729,0.003586,0.003586,0.099993
B_impress_1000,2099073485_1,730,0.003588,0.003588,0.099993
B_impress_1000,2099073485_1,731,0.003588,0.003588,0.099993
B_impress_1000,2099073485_1,732,0.003586,0.003586,0.099993
B_impress_1000,2099073485_1,733,0.003586,0.003586,0.099993
B_impress_1000,2099073485_1,734,0.003586,0.003586,0.099993
B_impress_1000,2099073485_1,735,0.003586,0.003586,0.099993
B_impress_1000,2099073485_1,736,0.003586,0.003586,0.099993
B_impress_1000,2099073485_1,737,0.003586,0.003586,0.099993
B_impress_1000,2099073485_1,738,0.003586,0.003586,0.099993
B_impress_1000,2099073485_1,739,0.003586,0.003586,0.099993
B_impress_1000,2099073485_1,740,0.003586,0.003586,0.099993
B_impress_1000,2099073485_1,741,0.003586,0.003586,0.099993
B_impress_1000,2099073485_1,742,0.003586,0.003586,0.099993
B_impress_1000,2099073485_1,743,0.003586,0.003586,0.099993
B_impress_1000,2099073485_1,744,0.003586,0.003586,0.099993
B_impress_1000,2099073485_1,745,0.003586,0.003586,0.099993
B_impress_1000,2099073485_1,746,0.003586,0.003586,0.099993
B_impress_1000,2099073485_1,747,0.003586,0.003586,0.099993
B_impress_1000,2099073485_1,748,0.003586,0.003586,0.099993
B_impress_1000,2099073485_1,749,0.003586,0.003586,0.099993
B_impress_1000,2099073485_1,750,0.003586,0.003586,0.099993
B_impress_1000,2099073485_1,751,0.003586,0.003586,0.099993
B_impress_1000,2099073485_1,752,0.003586,0.003586,0.099993
B_impress_1000,2099073485_1,753,0.003586,0.003586,0.099993
B_impress_1000,2099073485_1,754,0.003586,0.003586,0.099993
B_impress_1000,2099073485_1,755,0.003586,0.003586,0.099993
B_impress_1000,2099073485_1,756,0.003586,0.003586,0.099993
B_impress_1000,2099073485_1,757,0.003586,0.003586,0.099993
B_impress_1000,2099073485_1,758,0.003586,0.003586,0.099993
B_impress_1000,2099073485_1,759,0.003586,0.003586,0.099993
B_impress_1000,2099073485_1,760,0.003584,0.003584,0.099993
B_impress_1000,2099073485_1,761,0.003584,0.003584,0.099993
B_impress_1000,2099073485_1,762,0.003586,0.003586,0.099993
B_impress_1000,2099073485_1,763,0.003584,0.003584,0.099993
B_impress_1000,2099073485_1,764,0.003586,0.003586,0.099993
B_impress_1000,2099073485_1,765,0.003586,0.003586,0.099993
B_impress_1000,2099073485_1,766,0.003586,0.003586,0.099993
B_impress_1000,2099073485_1,767,0.003584,0.003584,0.099993
B_impress_1000,2099073485_1,768,0.003584,0.003584,0.099993
B_impress_1000,2099073485_1,769,0.003584,0.003584,0.099993
B_impress_1000,2099073485_1,770,0.003584,0.003584,0.099993
B_impress_1000,2099073485_1,771,0.003584,0.003584,0.099993
B_impress_1000,2099073485_1,772,0.003584,0.003584,0.099993
B_impress_1000,2099073485_1,773,0.003584,0.003584,0.099993
B_impress_1000,2099073485_1,774,0.003584,0.003584,0.099993
B_impress_1000,2099073485_1,775,0.003584,0.003584,0.099993
B_impress_1000,2099073485_1,776,0.003586,0.003586,0.099993
B_impress_1000,2099073485_1,777,0.003584,0.003584,0.099993
B_impress_1000,2099073485_1,778,0.003584,0.003584,0.099993
B_impress_1000,2099073485_1,779,0.003584,0.003584,0.099993
B_impress_1000,2099073485_1,780,0.003586,0.003586,0.099993
B_impress_1000,2099073485_1,781,0.003584,0.003584,0.099993
B_impress_1000,2099073485_1,782,0.003584,0.003584,0.099993
B_impress_1000,2099073485_1,783,0.003584,0.003584,0.099993
B_impress_1000,2099073485_1,784,0.003584,0.003584,0.099994
B_impress_1000,2099073485_1,785,0.003584,0.003584,0.099994
B_impress_1000,2099073485_1,786,0.003584,0.003584,0.099994
B_impress_1000,2099073485_1,787,0.003584,0.003584,0.099994
B_impress_1000,2099073485_1,788,0.003584,0.003584,0.099994
B_impress_1000,2099073485_1,789,0.003584,0.003584,0.099994
B_impress_1000,2099073485_1,790,0.003584,0.003584,0.099994
B_impress_1000,2099073485_1,791,0.003584,0.003584,0.099994
B_impress_1000,2099073485_1,792,0.003584,0.003584,0.099994
B_impress_1000,2099073485_1,793,0.003584,0.003584,0.099994
B_impress_1000,2099073485_1,794,0.003584,0.003584,0.099994
B_impress_1000,2099073485_1,795,0.003584,0.003584,0.099994
B_impress_1000,2099073485_1,796,0.003584,0.003584,0.099994
B_impress_1000,2099073485_1,797,0.003584,0.003584,0.099994
B_impress_1000,2099073485_1,798,0.003586,0.003586,0.099994
B_impress_1000,2099073485_1,799,0.003584,0.003584,0.099994
B_impress_1000,2099073485_1,800,0.003584,0.003584,0.099994
B_impress_1000,2099073485_1,801,0.003584,0.003584,0.099994
B_impress_1000,2099073485_1,802,0.003584,0.003584,0.099994
B_impress_1000,2099073485_1,803,0.003584,0.003584,0.099994
B_impress_1000,2099073485_1,804,0.003584,0.003584,0.099994
B_impress_1000,2099073485_1,805,0.003584,0.003584,0.099994
B_impress_1000,2099073485_1,806,0.003584,0.003584,0.099994
B_impress_1000,2099073485_1,807,0.003584,0.003584,0.099994
B_impress_1000,2099073485_1,808,0.003584,0.003584,0.099994
B_impress_1000,2099073485_1,809,0.003584,0.003584,0.099994
B_impress_1000,2099073485_1,810,0.003584,0.003584,0.099994
B_impress_1000,2099073485_1,811,0.003584,0.003584,0.099994
B_impress_1000,2099073485_1,812,0.003584,0.003584,0.099994
B_impress_1000,2099073485_1,813,0.003584,0.003584,0.099994
B_impress_1000,2099073485_1,814,0.003584,0.003584,0.099994
B_impress_1000,2099073485_1,815,0.003584,0.003584,0.099994
B_impress_1000,2099073485_1,816,0.003584,0.003584,0.099994
B_impress_1000,2099073485_1,817,0.003584,0.003584,0.099994
B_impress_1000,2099073485_1,818,0.003584,0.003584,0.099994
B_impress_1000,2099073485_1,819,0.003584,0.003584,0.099995
B_impress_1000,2099073485_1,820,0.003584,0.003584,0.099995
B_impress_1000,2099073485_1,821,0.003584,0.003584,0.099995
B_impress_1000,2099073485_1,822,0.003584,0.003584,0.099995
B_impress_1000,2099073485_1,823,0.003584,0.003584,0.099995
B_impress_1000,2099073485_1,824,0.003584,0.003584,0.099995
B_impress_1000,2099073485_1,825,0.003584,0.003584,0.099995
B_impress_1000,2099073485_1,826,0.003584,0.003584,0.099995
B_impress_1000,2099073485_1,827,0.003582,0.003582,0.099995
B_impress_1000,2099073485_1,828,0.003584,0.003584,0.099995
B_impress_1000,2099073485_1,829,0.003584,0.003584,0.099995
B_impress_1000,2099073485_1,830,0.003584,0.003584,0.099995
B_impress_1000,2099073485_1,831,0.003584,0.003584,0.099995
B_impress_1000,2099073485_1,832,0.003584,0.003584,0.099995
B_impress_1000,2099073485_1,833,0.003584,0.003584,0.099995
B_impress_1000,2099073485_1,834,0.003584,0.003584,0.099995
B_impress_1000,2099073485_1,835,0.003584,0.003584,0.099995
B_impress_1000,2099073485_1,836,0.003582,0.003582,0.099995
B_impress_1000,2099073485_1,837,0.003584,0.003584,0.099995
B_impress_1000,2099073485_1,838,0.003584,0.003584,0.099995
B_impress_1000,2099073485_1,839,0.003584,0.003584,0.099995
B_impress_1000,2099073485_1,840,0.003584,0.003584,0.099995
B_impress_1000,2099073485_1,841,0.003584,0.003584,0.099995
B_impress_1000,2099073485_1,842,0.003584,0.003584,0.099995
B_impress_1000,2099073485_1,843,0.003584,0.003584,0.099995
B_impress_1000,2099073485_1,844,0.003584,0.003584,0.099995
B_impress_1000,2099073485_1,845,0.003584,0.003584,0.099995
B_impress_1000,2099073485_1,846,0.003582,0.003582,0.099995
B_impress_1000,2099073485_1,847,0.003584,0.003584,0.099995
B_impress_1000,2099073485_1,848,0.003584,0.003584,0.099995
B_impress_1000,2099073485_1,849,0.003584,0.003584,0.099995
B_impress_1000,2099073485_1,850,0.003584,0.003584,0.099995
B_impress_1000,2099073485_1,851,0.003584,0.003584,0.099995
B_impress_1000,2099073485_1,852,0.003584,0.003584,0.099995
B_impress_1000,2099073485_1,853,0.003582,0.003582,0.099995
B_impress_1000,2099073485_1,854,0.003584,0.003584,0.099995
B_impress_1000,2099073485_1,855,0.003584,0.003584,0.099995
B_impress_1000,2099073485_1,856,0.003584,0.003584,0.099995
B_impress_1000,2099073485_1,857,0.003584,0.003584,0.099995
B_impress_1000,2099073485_1,858,0.003584,0.003584,0.099995
B_impress_1000,2099073485_1,859,0.003582,0.003582,0.099995
B_impress_1000,2099073485_1,860,0.003584,0.003584,0.099995
B_impress_1000,2099073485_1,861,0.003584,0.003584,0.099995
B_impress_1000,2099073485_1,862,0.003584,0.003584,0.099995
B_impress_1000,2099073485_1,863,0.003584,0.003584,0.099995
B_impress_1000,2099073485_1,864,0.003584,0.003584,0.099995
B_impress_1000,2099073485_1,865,0.003584,0.003584,0.099995
B_impress_1000,2099073485_1,866,0.003582,0.003582,0.099995
B_impress_1000,2099073485_1,867,0.003582,0.003582,0.099995
B_impress_1000,2099073485_1,868,0.003584,0.003584,0.099995
B_impress_1000,2099073485_1,869,0.003584,0.003584,0.099995
B_impress_1000,2099073485_1,870,0.003584,0.003584,0.099995
B_impress_1000,2099073485_1,871,0.003584,0.003584,0.099995
B_impress_1000,2099073485_1,872,0.003584,0.003584,0.099995
B_impress_1000,2099073485_1,873,0.003584,0.003584,0.099995
B_impress_1000,2099073485_1,874,0.003584,0.003584,0.099995
B_impress_1000,2099073485_1,875,0.003582,0.003582,0.099995
B_impress_1000,2099073485_1,876,0.003584,0.003584,0.099995
B_impress_1000,2099073485_1,877,0.003584,0.003584,0.099995
B_impress_1000,2099073485_1,878,0.003584,0.003584,0.099995
B_impress_1000,2099073485_1,879,0.003584,0.003584,0.099995
B_impress_1000,2099073485_1,880,0.003582,0.003582,0.099995
B_impress_1000,2099073485_1,881,0.003584,0.003584,0.099995
B_impress_1000,2099073485_1,882,0.003582,0.003582,0.099995
B_impress_1000,2099073485_1,883,0.003584,0.003584,0.099995
B_impress_1000,2099073485_1,884,0.003584,0.003584,0.099995
B_impress_1000,2099073485_1,885,0.003584,0.003584,0.099995
B_impress_1000,2099073485_1,886,0.003582,0.003582,0.099995
B_impress_1000,2099073485_1,887,0.003584,0.003584,0.099995
B_impress_1000,2099073485_1,888,0.003584,0.003584,0.099995
B_impress_1000,2099073485_1,889,0.003582,0.003582,0.099995
B_impress_1000,2099073485_1,890,0.003584,0.003584,0.099995
B_impress_1000,2099073485_1,891,0.003584,0.003584,0.099995
B_impress_1000,2099073485_1,892,0.003584,0.003584,0.099995
B_impress_1000,2099073485_1,893,0.003582,0.003582,0.099995
B_impress_1000,2099073485_1,894,0.003584,0.003584,0.099995
B_impress_1000,2099073485_1,895,0.003582,0.003582,0.099995
B_impress_1000,2099073485_1,896,0.003584,0.003584,0.099995
B_impress_1000,2099073485_1,897,0.003584,0.003584,0.099995
B_impress_1000,2099073485_1,898,0.003584,0.003584,0.099995
B_impress_1000,2099073485_1,899,0.003582,0.003582,0.099995
B_impress_1000,2099073485_1,900,0.003584,0.003584,0.099995
B_impress_1000,2099073485_1,901,0.003584,0.003584,0.099995
B_impress_1000,2099073485_1,902,0.003582,0.003582,0.099995
B_impress_1000,2099073485_1,903,0.003582,0.003582,0.099995
B_impress_1000,2099073485_1,904,0.003584,0.003584,0.099995
B_impress_1000,2099073485_1,905,0.003582,0.003582,0.099995
B_impress_1000,2099073485_1,906,0.003582,0.003582,0.099995
B_impress_1000,2099073485_1,907,0.003584,0.003584,0.099995
B_impress_1000,2099073485_1,908,0.003584,0.003584,0.099995
B_impress_1000,2099073485_1,909,0.003584,0.003584,0.099995
B_impress_1000,2099073485_1,910,0.003584,0.003584,0.099995
B_impress_1000,2099073485_1,911,0.003584,0.003584,0.099995
B_impress_1000,2099073485_1,912,0.003584,0.003584,0.099996
B_impress_1000,2099073485_1,913,0.003584,0.003584,0.099995
B_impress_1000,2099073485_1,914,0.003584,0.003584,0.099995
B_impress_1000,2099073485_1,915,0.003584,0.003584,0.099995
B_impress_1000,2099073485_1,916,0.003584,0.003584,0.099995
B_impress_1000,2099073485_1,917,0.003584,0.003584,0.099995
B_impress_1000,2099073485_1,918,0.003584,0.003584,0.099995
B_impress_1000,2099073485_1,919,0.003584,0.003584,0.099996
B_impress_1000,2099073485_1,920,0.003584,0.003584,0.099996
B_impress_1000,2099073485_1,921,0.003584,0.003584,0.099996
B_impress_1000,2099073485_1,922,0.003584,0.003584,0.099996
B_impress_1000,2099073485_1,923,0.003584,0.003584,0.099996
B_impress_1000,2099073485_1,924,0.003584,0.003584,0.099996
B_impress_1000,2099073485_1,925,0.003584,0.003584,0.099996
B_impress_1000,2099073485_1,926,0.003584,0.003584,0.099996
B_impress_1000,2099073485_1,927,0.003584,0.003584,0.099996
B_impress_1000,2099073485_1,928,0.003582,0.003582,0.099996
B_impress_1000,2099073485_1,929,0.003584,0.003584,0.099996
B_impress_1000,2099073485_1,930,0.003584,0.003584,0.099996
B_impress_1000,2099073485_1,931,0.003584,0.003584,0.099995
B_impress_1000,2099073485_1,932,0.003584,0.003584,0.099996
B_impress_1000,2099073485_1,933,0.003584,0.003584,0.099996
B_impress_1000,2099073485_1,934,0.003584,0.003584,0.099996
B_impress_1000,2099073485_1,935,0.003584,0.003584,0.099996
B_impress_1000,2099073485_1,936,0.003584,0.003584,0.099996
B_impress_1000,2099073485_1,937,0.003584,0.003584,0.099996
B_impress_1000,2099073485_1,938,0.003584,0.003584,0.099996
B_impress_1000,2099073485_1,939,0.003584,0.003584,0.099995
B_impress_1000,2099073485_1,940,0.003584,0.003584,0.099995
B_impress_1000,2099073485_1,941,0.003582,0.003582,0.099995
B_impress_1000,2099073485_1,942,0.003584,0.003584,0.099996
B_impress_1000,2099073485_1,943,0.003584,0.003584,0.099996
B_impress_1000,2099073485_1,944,0.003584,0.003584,0.099996
B_impress_1000,2099073485_1,945,0.003584,0.003584,0.099996
B_impress_1000,2099073485_1,946,0.003584,0.003584,0.099996
B_impress_1000,2099073485_1,947,0.003584,0.003584,0.099996
B_impress_1000,2099073485_1,948,0.003584,0.003584,0.099996
B_impress_1000,2099073485_1,949,0.003582,0.003582,0.099996
B_impress_1000,2099073485_1,950,0.003582,0.003582,0.099996
B_impress_1000,2099073485_1,951,0.003584,0.003584,0.099996
B_impress_1000,2099073485_1,952,0.003582,0.003582,0.099996
B_impress_1000,2099073485_1,953,0.003584,0.003584,0.099996
B_impress_1000,2099073485_1,954,0.003584,0.003584,0.099996
B_impress_1000,2099073485_1,955,0.003584,0.003584,0.099996
B_impress_1000,2099073485_1,956,0.003584,0.003584,0.099996
B_impress_1000,2099073485_1,957,0.003584,0.003584,0.099996
B_impress_1000,2099073485_1,958,0.003582,0.003582,0.099996
B_impress_1000,2099073485_1,959,0.003584,0.003584,0.099995
B_impress_1000,2099073485_1,960,0.003584,0.003584,0.099995
B_impress_1000,2099073485_1,961,0.003584,0.003584,0.099995
B_impress_1000,2099073485_1,962,0.003584,0.003584,0.099995
B_impress_1000,2099073485_1,963,0.003584,0.003584,0.099995
B_impress_1000,2099073485_1,964,0.003584,0.003584,0.099995
B_impress_1000,2099073485_1,965,0.003584,0.003584,0.099995
B_impress_1000,2099073485_1,966,0.003584,0.003584,0.099996
B_impress_1000,2099073485_1,967,0.003584,0.003584,0.099996
B_impress_1000,2099073485_1,968,0.003584,0.003584,0.099996
B_impress_1000,2099073485_1,969,0.003584,0.003584,0.099996
B_impress_1000,2099073485_1,970,0.003584,0.003584,0.099996
B_impress_1000,2099073485_1,971,0.003584,0.003584,0.099996
B_impress_1000,2099073485_1,972,0.003582,0.003582,0.099996
B_impress_1000,2099073485_1,973,0.003584,0.003584,0.099996
B_impress_1000,2099073485_1,974,0.003584,0.003584,0.099996
B_impress_1000,2099073485_1,975,0.003584,0.003584,0.099996
B_impress_1000,2099073485_1,976,0.003584,0.003584,0.099996
B_impress_1000,2099073485_1,977,0.003584,0.003584,0.099996
B_impress_1000,2099073485_1,978,0.003584,0.003584,0.099996
B_impress_1000,2099073485_1,979,0.003584,0.003584,0.099996
B_impress_1000,2099073485_1,980,0.003584,0.003584,0.099996
B_impress_1000,2099073485_1,981,0.003584,0.003584,0.099996
B_impress_1000,2099073485_1,982,0.003584,0.003584,0.099996
B_impress_1000,2099073485_1,983,0.003584,0.003584,0.099996
B_impress_1000,2099073485_1,984,0.003584,0.003584,0.099996
B_impress_1000,2099073485_1,985,0.003584,0.003584,0.099996
B_impress_1000,2099073485_1,986,0.003584,0.003584,0.099996
B_impress_1000,2099073485_1,987,0.003584,0.003584,0.099996
B_impress_1000,2099073485_1,988,0.003584,0.003584,0.099996
B_impress_1000,2099073485_1,989,0.003584,0.003584,0.099996
B_impress_1000,2099073485_1,990,0.003584,0.003584,0.099996
B_impress_1000,2099073485_1,991,0.003584,0.003584,0.099996
B_impress_1000,2099073485_1,992,0.003584,0.003584,0.099996
B_impress_1000,2099073485_1,993,0.003584,0.003584,0.099996
B_impress_1000,2099073485_1,994,0.003584,0.003584,0.099996
B_impress_1000,2099073485_1,995,0.003584,0.003584,0.099996
B_impress_1000,2099073485_1,996,0.003584,0.003584,0.099996
B_impress_1000,2099073485_1,997,0.003584,0.003584,0.099996
B_impress_1000,2099073485_1,998,0.003584,0.003584,0.099996
B_impress_1000,2099073485_1,999,0.003584,0.003584,0.099996
B_impress_1000,2099073485_1,1000,0.003584,0.003584,0.099996
B_impress_1000,2139626906_1,1,0.008025,0.006001,0.302452
B_impress_1000,2139626906_1,2,0.007479,0.005779,0.269947
B_impress_1000,2139626906_1,3,0.007286,0.005756,0.252994
B_impress_1000,2139626906_1,4,0.007185,0.005749,0.243601
B_impress_1000,2139626906_1,5,0.007094,0.005730,0.236424
B_impress_1000,2139626906_1,6,0.007029,0.005718,0.231051
B_impress_1000,2139626906_1,7,0.006963,0.005703,0.226045
B_impress_1000,2139626906_1,8,0.006917,0.005695,0.222205
B_impress_1000,2139626906_1,9,0.006863,0.005676,0.218671
B_impress_1000,2139626906_1,10,0.006822,0.005665,0.215717
B_impress_1000,2139626906_1,11,0.006787,0.005657,0.212943
B_impress_1000,2139626906_1,12,0.006748,0.005646,0.210270
B_impress_1000,2139626906_1,13,0.006704,0.005627,0.207735
B_impress_1000,2139626906_1,14,0.006674,0.005615,0.205904
B_impress_1000,2139626906_1,15,0.006649,0.005608,0.204147
B_impress_1000,2139626906_1,16,0.006625,0.005600,0.202484
B_impress_1000,2139626906_1,17,0.006598,0.005589,0.200913
B_impress_1000,2139626906_1,18,0.006575,0.005581,0.199412
B_impress_1000,2139626906_1,19,0.006553,0.005573,0.197973
B_impress_1000,2139626906_1,20,0.006529,0.005562,0.196741
B_impress_1000,2139626906_1,21,0.006510,0.005554,0.195542
B_impress_1000,2139626906_1,22,0.006486,0.005543,0.194374
B_impress_1000,2139626906_1,23,0.006464,0.005531,0.193241
B_impress_1000,2139626906_1,24,0.006441,0.005520,0.192135
B_impress_1000,2139626906_1,25,0.006423,0.005512,0.191056
B_impress_1000,2139626906_1,26,0.006401,0.005501,0.190010
B_impress_1000,2139626906_1,27,0.006383,0.005493,0.188997
B_impress_1000,2139626906_1,28,0.006362,0.005482,0.188016
B_impress_1000,2139626906_1,29,0.006345,0.005474,0.187060
B_impress_1000,2139626906_1,30,0.006324,0.005463,0.186128
B_impress_1000,2139626906_1,31,0.006303,0.005451,0.185219
B_impress_1000,2139626906_1,32,0.006287,0.005444,0.184333
B_impress_1000,2139626906_1,33,0.006271,0.005436,0.183471
B_impress_1000,2139626906_1,34,0.006247,0.005421,0.182633
B_impress_1000,2139626906_1,35,0.006227,0.005409,0.181818
B_impress_1000,2139626906_1,36,0.006215,0.005402,0.181330
B_impress_1000,2139626906_1,37,0.006206,0.005398,0.180855
B_impress_1000,2139626906_1,38,0.006194,0.005390,0.180393
B_impress_1000,2139626906_1,39,0.006182,0.005383,0.179940
B_impress_1000,2139626906_1,40,0.006170,0.005375,0.179499
B_impress_1000,2139626906_1,41,0.006158,0.005367,0.179067
B_impress_1000,2139626906_1,42,0.006146,0.005360,0.178645
B_impress_1000,2139626906_1,43,0.006138,0.005356,0.178233
B_impress_1000,2139626906_1,44,0.006127,0.005348,0.177830
B_impress_1000,2139626906_1,45,0.006115,0.005341,0.177434
B_impress_1000,2139626906_1,46,0.006103,0.005333,0.177044
B_impress_1000,2139626906_1,47,0.006096,0.005329,0.176660
B_impress_1000,2139626906_1,48,0.006084,0.005322,0.176285
B_impress_1000,2139626906_1,49,0.006077,0.005318,0.175918
B_impress_1000,2139626906_1,50,0.006066,0.005310,0.175559
B_impress_1000,2139626906_1,51,0.006058,0.005306,0.175207
B_impress_1000,2139626906_1,52,0.006051,0.005302,0.174863
B_impress_1000,2139626906_1,53,0.006040,0.005295,0.174526
B_impress_1000,2139626906_1,54,0.006033,0.005291,0.174196
B_impress_1000,2139626906_1,55,0.006026,0.005287,0.173873
B_impress_1000,2139626906_1,56,0.006015,0.005280,0.173556
B_impress_1000,2139626906_1,57,0.006012,0.005280,0.173245
B_impress_1000,2139626906_1,58,0.006001,0.005272,0.172940
B_impress_1000,2139626906_1,59,0.005995,0.005268,0.172641
B_impress_1000,2139626906_1,60,0.005980,0.005257,0.172348
B_impress_1000,2139626906_1,61,0.005973,0.005253,0.172061
B_impress_1000,2139626906_1,62,0.005963,0.005245,0.171779
B_impress_1000,2139626906_1,63,0.005956,0.005241,0.171502
B_impress_1000,2139626906_1,64,0.005950,0.005238,0.171231
B_impress_1000,2139626906_1,65,0.005940,0.005230,0.170965
B_impress_1000,2139626906_1,66,0.005933,0.005226,0.170704
B_impress_1000,2139626906_1,67,0.005927,0.005222,0.170449
B_impress_1000,2139626906_1,68,0.005920,0.005219,0.170198
B_impress_1000,2139626906_1,69,0.005910,0.005211,0.169952
B_impress_1000,2139626906_1,70,0.005900,0.005203,0.169710
B_impress_1000,2139626906_1,71,0.005894,0.005199,0.169473
B_impress_1000,2139626906_1,72,0.005888,0.005196,0.169239
B_impress_1000,2139626906_1,73,0.005878,0.005188,0.169010
B_impress_1000,2139626906_1,74,0.005868,0.005180,0.168785
B_impress_1000,2139626906_1,75,0.005862,0.005177,0.168564
B_impress_1000,2139626906_1,76,0.005856,0.005173,0.168346
B_impress_1000,2139626906_1,77,0.005846,0.005165,0.168133
B_impress_1000,2139626906_1,78,0.005841,0.005161,0.167923
B_impress_1000,2139626906_1,79,0.005831,0.005154,0.167716
B_impress_1000,2139626906_1,80,0.005829,0.005154,0.167513
B_impress_1000,2139626906_1,81,0.005819,0.005146,0.167313
B_impress_1000,2139626906_1,82,0.005813,0.005142,0.167116
B_impress_1000,2139626906_1,83,0.005804,0.005135,0.166922
B_impress_1000,2139626906_1,84,0.005798,0.005131,0.166731
B_impress_1000,2139626906_1,85,0.005792,0.005127,0.166543
B_impress_1000,2139626906_1,86,0.005787,0.005123,0.166358
B_impress_1000,2139626906_1,87,0.005777,0.005116,0.166175
B_impress_1000,2139626906_1,88,0.005772,0.005112,0.165996
B_impress_1000,2139626906_1,89,0.005766,0.005108,0.165819
B_impress_1000,2139626906_1,90,0.005761,0.005104,0.165644
B_impress_1000,2139626906_1,91,0.005751,0.005096,0.165473
B_impress_1000,2139626906_1,92,0.005746,0.005093,0.165303
B_impress_1000,2139626906_1,93,0.005740,0.005089,0.165136
B_impress_1000,2139626906_1,94,0.005731,0.005081,0.164971
B_impress_1000,2139626906_1,95,0.005725,0.005077,0.164808
B_impress_1000,2139626906_1,96,0.005720,0.005074,0.164647
B_impress_1000,2139626906_1,97,0.005715,0.005070,0.164489
B_impress_1000,2139626906_1,98,0.005709,0.005066,0.164332
B_impress_1000,2139626906_1,99,0.005704,0.005062,0.164177
B_impress_1000,2139626906_1,100,0.005695,0.005054,0.164024
B_impress_1000,2139626906_1,101,0.005689,0.005051,0.163873
B_impress_1000,2139626906_1,102,0.005684,0.005047,0.163724
B_impress_1000,2139626906_1,103,0.005679,0.005043,0.163577
B_impress_1000,2139626906_1,104,0.005674,0.005039,0.163432
B_impress_1000,2139626906_1,105,0.005672,0.005039,0.163288
B_impress_1000,2139626906_1,106,0.005667,0.005035,0.163147
B_impress_1000,2139626906_1,107,0.005658,0.005028,0.163007
B_impress_1000,2139626906_1,108,0.005656,0.005028,0.162869
B_impress_1000,2139626906_1,109,0.005651,0.005024,0.162734
B_impress_1000,2139626906_1,110,0.005642,0.005016,0.162599
B_impress_1000,2139626906_1,111,0.005641,0.005016,0.162466
B_impress_1000,2139626906_1,112,0.005632,0.005009,0.162335
B_impress_1000,2139626906_1,113,0.005627,0.005005,0.162204
B_impress_1000,2139626906_1,114,0.005622,0.005001,0.162076
B_impress_1000,2139626906_1,115,0.005617,0.004997,0.161948
B_impress_1000,2139626906_1,116,0.005612,0.004993,0.161823
B_impress_1000,2139626906_1,117,0.005607,0.004990,0.161698
B_impress_1000,2139626906_1,118,0.005602,0.004986,0.161576
B_impress_1000,2139626906_1,119,0.005597,0.004982,0.161455
B_impress_1000,2139626906_1,120,0.005592,0.004978,0.161336
B_impress_1000,2139626906_1,121,0.005587,0.004974,0.161218
B_impress_1000,2139626906_1,122,0.005582,0.004971,0.161102
B_impress_1000,2139626906_1,123,0.005577,0.004967,0.160987
B_impress_1000,2139626906_1,124,0.005575,0.004967,0.160874
B_impress_1000,2139626906_1,125,0.005571,0.004963,0.160763
B_impress_1000,2139626906_1,126,0.005562,0.004955,0.160653
B_impress_1000,2139626906_1,127,0.005561,0.004955,0.160545
B_impress_1000,2139626906_1,128,0.005556,0.004951,0.160437
B_impress_1000,2139626906_1,129,0.005551,0.004948,0.160332
B_impress_1000,2139626906_1,130,0.005546,0.004944,0.160227
B_impress_1000,2139626906_1,131,0.005541,0.004940,0.160123
B_impress_1000,2139626906_1,132,0.005540,0.004940,0.160021
B_impress_1000,2139626906_1,133,0.005532,0.004932,0.159920
B_impress_1000,2139626906_1,134,0.005527,0.004929,0.159820
B_impress_1000,2139626906_1,135,0.005522,0.004925,0.159722
B_impress_1000,2139626906_1,136,0.005521,0.004925,0.159624
B_impress_1000,2139626906_1,137,0.005512,0.004917,0.159528
B_impress_1000,2139626906_1,138,0.005508,0.004913,0.159432
B_impress_1000,2139626906_1,139,0.005507,0.004913,0.159337
B_impress_1000,2139626906_1,140,0.005498,0.004906,0.159243
B_impress_1000,2139626906_1,141,0.005497,0.004906,0.159150
B_impress_1000,2139626906_1,142,0.005489,0.004898,0.159059
B_impress_1000,2139626906_1,143,0.005484,0.004894,0.158968
B_impress_1000,2139626906_1,144,0.005483,0.004894,0.158878
B_impress_1000,2139626906_1,145,0.005482,0.004894,0.158789
B_impress_1000,2139626906_1,146,0.005474,0.004887,0.158700
B_impress_1000,2139626906_1,147,0.005469,0.004883,0.158613
B_impress_1000,2139626906_1,148,0.005464,0.004879,0.158527
B_impress_1000,2139626906_1,149,0.005460,0.004875,0.158442
B_impress_1000,2139626906_1,150,0.005459,0.004875,0.158359
B_impress_1000,2139626906_1,151,0.005454,0.004871,0.158276
B_impress_1000,2139626906_1,152,0.005450,0.004868,0.158195
B_impress_1000,2139626906_1,153,0.005445,0.004864,0.158114
B_impress_1000,2139626906_1,154,0.005444,0.004864,0.158036
B_impress_1000,2139626906_1,155,0.005436,0.004856,0.157958
B_impress_1000,2139626906_1,156,0.005431,0.004852,0.157882
B_impress_1000,2139626906_1,157,0.005427,0.004848,0.157807
B_impress_1000,2139626906_1,158,0.005426,0.004848,0.157733
B_impress_1000,2139626906_1,159,0.005421,0.004845,0.157660
B_impress_1000,2139626906_1,160,0.005417,0.004841,0.157589
B_impress_1000,2139626906_1,161,0.005416,0.004841,0.157518
B_impress_1000,2139626906_1,162,0.005412,0.004837,0.157449
B_impress_1000,2139626906_1,163,0.005407,0.004833,0.157381
B_impress_1000,2139626906_1,164,0.005403,0.004829,0.157314
B_impress_1000,2139626906_1,165,0.005402,0.004829,0.157248
B_impress_1000,2139626906_1,166,0.005394,0.004822,0.157183
B_impress_1000,2139626906_1,167,0.005393,0.004822,0.157119
B_impress_1000,2139626906_1,168,0.005389,0.004818,0.157057
B_impress_1000,2139626906_1,169,0.005384,0.004814,0.156995
B_impress_1000,2139626906_1,170,0.005380,0.004810,0.156934
B_impress_1000,2139626906_1,171,0.005375,0.004807,0.156873
B_impress_1000,2139626906_1,172,0.005375,0.004807,0.156813
B_impress_1000,2139626906_1,173,0.005370,0.004803,0.156755
B_impress_1000,2139626906_1,174,0.005366,0.004799,0.156697
B_impress_1000,2139626906_1,175,0.005361,0.004795,0.156640
B_impress_1000,2139626906_1,176,0.005361,0.004795,0.156583
B_impress_1000,2139626906_1,177,0.005357,0.004791,0.156528
B_impress_1000,2139626906_1,178,0.005356,0.004791,0.156474
B_impress_1000,2139626906_1,179,0.005352,0.004787,0.156420
B_impress_1000,2139626906_1,180,0.005347,0.004784,0.156367
B_impress_1000,2139626906_1,181,0.005343,0.004780,0.156315
B_impress_1000,2139626906_1,182,0.005342,0.004780,0.156264
B_impress_1000,2139626906_1,183,0.005338,0.004776,0.156214
B_impress_1000,2139626906_1,184,0.005334,0.004772,0.156165
B_impress_1000,2139626906_1,185,0.005330,0.004768,0.156116
B_impress_1000,2139626906_1,186,0.005329,0.004768,0.156068
B_impress_1000,2139626906_1,187,0.005325,0.004765,0.156021
B_impress_1000,2139626906_1,188,0.005320,0.004761,0.155974
B_impress_1000,2139626906_1,189,0.005320,0.004761,0.155928
B_impress_1000,2139626906_1,190,0.005316,0.004757,0.155883
B_impress_1000,2139626906_1,191,0.005311,0.004753,0.155838
B_impress_1000,2139626906_1,192,0.005307,0.004749,0.155794
B_impress_1000,2139626906_1,193,0.005307,0.004749,0.155751
B_impress_1000,2139626906_1,194,0.005303,0.004745,0.155708
B_impress_1000,2139626906_1,195,0.005302,0.004745,0.155673
B_impress_1000,2139626906_1,196,0.005298,0.004742,0.155638
B_impress_1000,2139626906_1,197,0.005294,0.004738,0.155604
B_impress_1000,2139626906_1,198,0.005294,0.004738,0.155570
B_impress_1000,2139626906_1,199,0.005293,0.004738,0.155536
B_impress_1000,2139626906_1,200,0.005289,0.004734,0.155503
B_impress_1000,2139626906_1,201,0.005285,0.004730,0.155470
B_impress_1000,2139626906_1,202,0.005281,0.004726,0.155438
B_impress_1000,2139626906_1,203,0.005280,0.004726,0.155406
B_impress_1000,2139626906_1,204,0.005276,0.004723,0.155375
B_impress_1000,2139626906_1,205,0.005272,0.004719,0.155344
B_impress_1000,2139626906_1,206,0.005268,0.004715,0.155313
B_impress_1000,2139626906_1,207,0.005268,0.004715,0.155283
B_impress_1000,2139626906_1,208,0.005264,0.004711,0.155253
B_impress_1000,2139626906_1,209,0.005263,0.004711,0.155224
B_impress_1000,2139626906_1,210,0.005259,0.004707,0.155195
B_impress_1000,2139626906_1,211,0.005255,0.004704,0.155166
B_impress_1000,2139626906_1,212,0.005251,0.004700,0.155138
B_impress_1000,2139626906_1,213,0.005251,0.004700,0.155111
B_impress_1000,2139626906_1,214,0.005247,0.004696,0.155084
B_impress_1000,2139626906_1,215,0.005246,0.004696,0.155057
B_impress_1000,2139626906_1,216,0.005246,0.004696,0.155030
B_impress_1000,2139626906_1,217,0.005242,0.004692,0.155004
B_impress_1000,2139626906_1,218,0.005238,0.004688,0.154978
B_impress_1000,2139626906_1,219,0.005238,0.004688,0.154953
B_impress_1000,2139626906_1,220,0.005234,0.004684,0.154928
B_impress_1000,2139626906_1,221,0.005233,0.004684,0.154903
B_impress_1000,2139626906_1,222,0.005229,0.004681,0.154878
B_impress_1000,2139626906_1,223,0.005225,0.004677,0.154854
B_impress_1000,2139626906_1,224,0.005225,0.004677,0.154830
B_impress_1000,2139626906_1,225,0.005221,0.004673,0.154806
B_impress_1000,2139626906_1,226,0.005221,0.004673,0.154783
B_impress_1000,2139626906_1,227,0.005217,0.004669,0.154760
B_impress_1000,2139626906_1,228,0.005217,0.004669,0.154738
B_impress_1000,2139626906_1,229,0.005213,0.004665,0.154716
B_impress_1000,2139626906_1,230,0.005212,0.004665,0.154694
B_impress_1000,2139626906_1,231,0.005212,0.004665,0.154672
B_impress_1000,2139626906_1,232,0.005208,0.004662,0.154650
B_impress_1000,2139626906_1,233,0.005204,0.004658,0.154629
B_impress_1000,2139626906_1,234,0.005204,0.004658,0.154608
B_impress_1000,2139626906_1,235,0.005200,0.004654,0.154587
B_impress_1000,2139626906_1,236,0.005196,0.004650,0.154566
B_impress_1000,2139626906_1,237,0.005196,0.004650,0.154546
B_impress_1000,2139626906_1,238,0.005195,0.004650,0.154526
B_impress_1000,2139626906_1,239,0.005191,0.004646,0.154506
B_impress_1000,2139626906_1,240,0.005191,0.004646,0.154486
B_impress_1000,2139626906_1,241,0.005187,0.004642,0.154467
B_impress_1000,2139626906_1,242,0.005183,0.004639,0.154448
B_impress_1000,2139626906_1,243,0.005183,0.004639,0.154429
B_impress_1000,2139626906_1,244,0.005179,0.004635,0.154410
B_impress_1000,2139626906_1,245,0.005179,0.004635,0.154391
B_impress_1000,2139626906_1,246,0.005175,0.004631,0.154373
B_impress_1000,2139626906_1,247,0.005175,0.004631,0.154355
B_impress_1000,2139626906_1,248,0.005171,0.004627,0.154337
B_impress_1000,2139626906_1,249,0.005170,0.004627,0.154319
B_impress_1000,2139626906_1,250,0.005166,0.004623,0.154302
B_impress_1000,2139626906_1,251,0.005162,0.004620,0.154285
B_impress_1000,2139626906_1,252,0.005162,0.004620,0.154268
B_impress_1000,2139626906_1,253,0.005158,0.004616,0.154251
B_impress_1000,2139626906_1,254,0.005158,0.004616,0.154235
B_impress_1000,2139626906_1,255,0.005154,0.004612,0.154219
B_impress_1000,2139626906_1,256,0.005154,0.004612,0.154203
B_impress_1000,2139626906_1,257,0.005150,0.004608,0.154188
B_impress_1000,2139626906_1,258,0.005150,0.004608,0.154172
B_impress_1000,2139626906_1,259,0.005150,0.004608,0.154157
B_impress_1000,2139626906_1,260,0.005150,0.004608,0.154142
B_impress_1000,2139626906_1,261,0.005146,0.004604,0.154127
B_impress_1000,2139626906_1,262,0.005142,0.004601,0.154113
B_impress_1000,2139626906_1,263,0.005142,0.004601,0.154099
B_impress_1000,2139626906_1,264,0.005138,0.004597,0.154085
B_impress_1000,2139626906_1,265,0.005137,0.004597,0.154071
B_impress_1000,2139626906_1,266,0.005133,0.004593,0.154057
B_impress_1000,2139626906_1,267,0.005133,0.004593,0.154043
B_impress_1000,2139626906_1,268,0.005133,0.004593,0.154030
B_impress_1000,2139626906_1,269,0.005129,0.004589,0.154016
B_impress_1000,2139626906_1,270,0.005125,0.004585,0.154003
B_impress_1000,2139626906_1,271,0.005125,0.004585,0.153990
B_impress_1000,2139626906_1,272,0.005125,0.004585,0.153977
B_impress_1000,2139626906_1,273,0.005125,0.004585,0.153965
B_impress_1000,2139626906_1,274,0.005121,0.004581,0.153952
B_impress_1000,2139626906_1,275,0.005121,0.004581,0.153939
B_impress_1000,2139626906_1,276,0.005117,0.004578,0.153927
B_impress_1000,2139626906_1,277,0.005117,0.004578,0.153915
B_impress_1000,2139626906_1,278,0.005113,0.004574,0.153903
B_impress_1000,2139626906_1,279,0.005113,0.004574,0.153891
B_impress_1000,2139626906_1,280,0.005109,0.004570,0.153879
B_impress_1000,2139626906_1,281,0.005109,0.004570,0.153874
B_impress_1000,2139626906_1,282,0.005109,0.004570,0.153874
B_impress_1000,2139626906_1,283,0.005105,0.004566,0.153874
B_impress_1000,2139626906_1,284,0.005105,0.004566,0.153873
B_impress_1000,2139626906_1,285,0.005105,0.004566,0.153873
B_impress_1000,2139626906_1,286,0.005101,0.004562,0.153873
B_impress_1000,2139626906_1,287,0.005101,0.004562,0.153873
B_impress_1000,2139626906_1,288,0.005101,0.004562,0.153873
B_impress_1000,2139626906_1,289,0.005097,0.004559,0.153874
B_impress_1000,2139626906_1,290,0.005097,0.004559,0.153874
B_impress_1000,2139626906_1,291,0.005093,0.004555,0.153874
B_impress_1000,2139626906_1,292,0.005097,0.004559,0.153875
B_impress_1000,2139626906_1,293,0.005090,0.004551,0.153875
B_impress_1000,2139626906_1,294,0.005090,0.004551,0.153876
B_impress_1000,2139626906_1,295,0.005090,0.004551,0.153876
B_impress_1000,2139626906_1,296,0.005086,0.004547,0.153877
B_impress_1000,2139626906_1,297,0.005086,0.004547,0.153878
B_impress_1000,2139626906_1,298,0.005086,0.004547,0.153879
B_impress_1000,2139626906_1,299,0.005082,0.004543,0.153880
B_impress_1000,2139626906_1,300,0.005082,0.004543,0.153881
B_impress_1000,2139626906_1,301,0.005082,0.004543,0.153882
B_impress_1000,2139626906_1,302,0.005082,0.004543,0.153883
B_impress_1000,2139626906_1,303,0.005078,0.004539,0.153884
B_impress_1000,2139626906_1,304,0.005078,0.004539,0.153885
B_impress_1000,2139626906_1,305,0.005078,0.004539,0.153887
B_impress_1000,2139626906_1,306,0.005075,0.004536,0.153888
B_impress_1000,2139626906_1,307,0.005075,0.004536,0.153889
B_impress_1000,2139626906_1,308,0.005075,0.004536,0.153891
B_impress_1000,2139626906_1,309,0.005071,0.004532,0.153892
B_impress_1000,2139626906_1,310,0.005071,0.004532,0.153894
B_impress_1000,2139626906_1,311,0.005071,0.004532,0.153895
B_impress_1000,2139626906_1,312,0.005067,0.004528,0.153897
B_impress_1000,2139626906_1,313,0.005071,0.004532,0.153898
B_impress_1000,2139626906_1,314,0.005067,0.004528,0.153900
B_impress_1000,2139626906_1,315,0.005067,0.004528,0.153901
B_impress_1000,2139626906_1,316,0.005067,0.004528,0.153903
B_impress_1000,2139626906_1,317,0.005067,0.004528,0.153905
B_impress_1000,2139626906_1,318,0.005063,0.004524,0.153906
B_impress_1000,2139626906_1,319,0.005063,0.004524,0.153908
B_impress_1000,2139626906_1,320,0.005063,0.004524,0.153910
B_impress_1000,2139626906_1,321,0.005060,0.004520,0.153911
B_impress_1000,2139626906_1,322,0.005060,0.004520,0.153913
B_impress_1000,2139626906_1,323,0.005060,0.004520,0.153915
B_impress_1000,2139626906_1,324,0.005060,0.004520,0.153916
B_impress_1000,2139626906_1,325,0.005056,0.004517,0.153918
B_impress_1000,2139626906_1,326,0.005056,0.004517,0.153920
B_impress_1000,2139626906_1,327,0.005056,0.004517,0.153922
B_impress_1000,2139626906_1,328,0.005052,0.004513,0.153924
B_impress_1000,2139626906_1,329,0.005052,0.004513,0.153926
B_impress_1000,2139626906_1,330,0.005052,0.004513,0.153928
B_impress_1000,2139626906_1,331,0.005052,0.004513,0.153930
B_impress_1000,2139626906_1,332,0.005048,0.004509,0.153932
B_impress_1000,2139626906_1,333,0.005048,0.004509,0.153934
B_impress_1000,2139626906_1,334,0.005048,0.004509,0.153936
B_impress_1000,2139626906_1,335,0.005048,0.004509,0.153938
B_impress_1000,2139626906_1,336,0.005045,0.004505,0.153940
B_impress_1000,2139626906_1,337,0.005045,0.004505,0.153942
B_impress_1000,2139626906_1,338,0.005045,0.004505,0.153945
B_impress_1000,2139626906_1,339,0.005045,0.004505,0.153947
B_impress_1000,2139626906_1,340,0.005041,0.004501,0.153949
B_impress_1000,2139626906_1,341,0.005041,0.004501,0.153951
B_impress_1000,2139626906_1,342,0.005041,0.004501,0.153954
B_impress_1000,2139626906_1,343,0.005041,0.004501,0.153956
B_impress_1000,2139626906_1,344,0.005037,0.004498,0.153958
B_impress_1000,2139626906_1,345,0.005037,0.004498,0.153961
B_impress_1000,2139626906_1,346,0.005037,0.004498,0.153963
B_impress_1000,2139626906_1,347,0.005037,0.004498,0.153965
B_impress_1000,2139626906_1,348,0.005037,0.004498,0.153968
B_impress_1000,2139626906_1,349,0.005033,0.004494,0.153970
B_impress_1000,2139626906_1,350,0.005033,0.004494,0.153972
B_impress_1000,2139626906_1,351,0.005033,0.004494,0.153975
B_impress_1000,2139626906_1,352,0.005033,0.004494,0.153977
B_impress_1000,2139626906_1,353,0.005030,0.004490,0.153979
B_impress_1000,2139626906_1,354,0.005030,0.004490,0.153982
B_impress_1000,2139626906_1,355,0.005030,0.004490,0.153984
B_impress_1000,2139626906_1,356,0.005030,0.004490,0.153987
B_impress_1000,2139626906_1,357,0.005026,0.004486,0.153989
B_impress_1000,2139626906_1,358,0.005026,0.004486,0.153991
B_impress_1000,2139626906_1,359,0.005026,0.004486,0.153994
B_impress_1000,2139626906_1,360,0.005026,0.004486,0.153996
B_impress_1000,2139626906_1,361,0.005026,0.004486,0.153998
B_impress_1000,2139626906_1,362,0.005022,0.004482,0.154000
B_impress_1000,2139626906_1,363,0.005022,0.004482,0.154003
B_impress_1000,2139626906_1,364,0.005022,0.004482,0.154005
B_impress_1000,2139626906_1,365,0.005022,0.004482,0.154007
B_impress_1000,2139626906_1,366,0.005019,0.004478,0.154010
B_impress_1000,2139626906_1,367,0.005019,0.004478,0.154012
B_impress_1000,2139626906_1,368,0.005019,0.004478,0.154015
B_impress_1000,2139626906_1,369,0.005019,0.004478,0.154017
B_impress_1000,2139626906_1,370,0.005015,0.004475,0.154020
B_impress_1000,2139626906_1,371,0.005019,0.004478,0.154022
B_impress_1000,2139626906_1,372,0.005015,0.004475,0.154024
B_impress_1000,2139626906_1,373,0.005015,0.004475,0.154027
B_impress_1000,2139626906_1,374,0.005015,0.004475,0.154029
B_impress_1000,2139626906_1,375,0.005011,0.004471,0.154032
B_impress_1000,2139626906_1,376,0.005011,0.004471,0.154034
B_impress_1000,2139626906_1,377,0.005011,0.004471,0.154037
B_impress_1000,2139626906_1,378,0.005011,0.004471,0.154039
B_impress_1000,2139626906_1,379,0.005007,0.004467,0.154041
B_impress_1000,2139626906_1,380,0.005007,0.004467,0.154044
B_impress_1000,2139626906_1,381,0.005007,0.004467,0.154046
B_impress_1000,2139626906_1,382,0.005007,0.004467,0.154049
B_impress_1000,2139626906_1,383,0.005008,0.004467,0.154051
B_impress_1000,2139626906_1,384,0.005008,0.004467,0.154053
B_impress_1000,2139626906_1,385,0.005004,0.004463,0.154056
B_impress_1000,2139626906_1,386,0.005004,0.004463,0.154058
B_impress_1000,2139626906_1,387,0.005004,0.004463,0.154061
B_impress_1000,2139626906_1,388,0.005004,0.004463,0.154063
B_impress_1000,2139626906_1,389,0.005004,0.004463,0.154065
B_impress_1000,2139626906_1,390,0.005000,0.004459,0.154068
B_impress_1000,2139626906_1,391,0.005000,0.004459,0.154070
B_impress_1000,2139626906_1,392,0.005000,0.004459,0.154072
B_impress_1000,2139626906_1,393,0.005000,0.004459,0.154075
B_impress_1000,2139626906_1,394,0.005000,0.004459,0.154077
B_impress_1000,2139626906_1,395,0.005000,0.004459,0.154080
B_impress_1000,2139626906_1,396,0.005000,0.004459,0.154082
B_impress_1000,2139626906_1,397,0.004996,0.004456,0.154085
B_impress_1000,2139626906_1,398,0.004996,0.004456,0.154087
B_impress_1000,2139626906_1,399,0.004996,0.004456,0.154090
B_impress_1000,2139626906_1,400,0.004996,0.004456,0.154092
B_impress_1000,2139626906_1,401,0.004997,0.004456,0.154095
B_impress_1000,2139626906_1,402,0.004993,0.004452,0.154097
B_impress_1000,2139626906_1,403,0.004997,0.004456,0.154100
B_impress_1000,2139626906_1,404,0.004993,0.004452,0.154102
B_impress_1000,2139626906_1,405,0.004993,0.004452,0.154105
B_impress_1000,2139626906_1,406,0.004993,0.004452,0.154107
B_impress_1000,2139626906_1,407,0.004993,0.004452,0.154110
B_impress_1000,2139626906_1,408,0.004993,0.004452,0.154112
B_impress_1000,2139626906_1,409,0.004989,0.004448,0.154115
B_impress_1000,2139626906_1,410,0.004989,0.004448,0.154117
B_impress_1000,2139626906_1,411,0.004989,0.004448,0.154120
B_impress_1000,2139626906_1,412,0.004989,0.004448,0.154122
B_impress_1000,2139626906_1,413,0.004989,0.004448,0.154125
B_impress_1000,2139626906_1,414,0.004989,0.004448,0.154127
B_impress_1000,2139626906_1,415,0.004989,0.004448,0.154130
B_impress_1000,2139626906_1,416,0.004989,0.004448,0.154132
B_impress_1000,2139626906_1,417,0.004989,0.004448,0.154135
B_impress_1000,2139626906_1,418,0.004985,0.004444,0.154137
B_impress_1000,2139626906_1,419,0.004986,0.004444,0.154140
B_impress_1000,2139626906_1,420,0.004986,0.004444,0.154142
B_impress_1000,2139626906_1,421,0.004986,0.004444,0.154145
B_impress_1000,2139626906_1,422,0.004986,0.004444,0.154148
B_impress_1000,2139626906_1,423,0.004982,0.004440,0.154150
B_impress_1000,2139626906_1,424,0.004982,0.004440,0.154153
B_impress_1000,2139626906_1,425,0.004982,0.004440,0.154156
B_impress_1000,2139626906_1,426,0.004982,0.004440,0.154158
B_impress_1000,2139626906_1,427,0.004982,0.004440,0.154161
B_impress_1000,2139626906_1,428,0.004982,0.004440,0.154164
B_impress_1000,2139626906_1,429,0.004978,0.004436,0.154166
B_impress_1000,2139626906_1,430,0.004978,0.004436,0.154169
B_impress_1000,2139626906_1,431,0.004978,0.004436,0.154171
B_impress_1000,2139626906_1,432,0.004978,0.004436,0.154174
B_impress_1000,2139626906_1,433,0.004978,0.004436,0.154177
B_impress_1000,2139626906_1,434,0.004978,0.004436,0.154179
B_impress_1000,2139626906_1,435,0.004978,0.004436,0.154182
B_impress_1000,2139626906_1,436,0.004978,0.004436,0.154185
B_impress_1000,2139626906_1,437,0.004978,0.004436,0.154188
B_impress_1000,2139626906_1,438,0.004978,0.004436,0.154190
B_impress_1000,2139626906_1,439,0.004975,0.004433,0.154193
B_impress_1000,2139626906_1,440,0.004975,0.004433,0.154196
B_impress_1000,2139626906_1,441,0.004975,0.004433,0.154198
B_impress_1000,2139626906_1,442,0.004975,0.004433,0.154201
B_impress_1000,2139626906_1,443,0.004975,0.004433,0.154204
B_impress_1000,2139626906_1,444,0.004975,0.004433,0.154206
B_impress_1000,2139626906_1,445,0.004975,0.004433,0.154209
B_impress_1000,2139626906_1,446,0.004975,0.004433,0.154212
B_impress_1000,2139626906_1,447,0.004971,0.004429,0.154214
B_impress_1000,2139626906_1,448,0.004971,0.004429,0.154217
B_impress_1000,2139626906_1,449,0.004975,0.004433,0.154219
B_impress_1000,2139626906_1,450,0.004971,0.004429,0.154221
B_impress_1000,2139626906_1,451,0.004971,0.004429,0.154224
B_impress_1000,2139626906_1,452,0.004971,0.004429,0.154226
B_impress_1000,2139626906_1,453,0.004971,0.004429,0.154229
B_impress_1000,2139626906_1,454,0.004971,0.004429,0.154231
B_impress_1000,2139626906_1,455,0.004971,0.004429,0.154234
B_impress_1000,2139626906_1,456,0.004967,0.004425,0.154236
B_impress_1000,2139626906_1,457,0.004971,0.004429,0.154238
B_impress_1000,2139626906_1,458,0.004967,0.004425,0.154241
B_impress_1000,2139626906_1,459,0.004967,0.004425,0.154243
B_impress_1000,2139626906_1,460,0.004968,0.004425,0.154246
B_impress_1000,2139626906_1,461,0.004968,0.004425,0.154248
B_impress_1000,2139626906_1,462,0.004968,0.004425,0.154251
B_impress_1000,2139626906_1,463,0.004968,0.004425,0.154253
B_impress_1000,2139626906_1,464,0.004968,0.004425,0.154256
B_impress_1000,2139626906_1,465,0.004968,0.004425,0.154258
B_impress_1000,2139626906_1,466,0.004964,0.004421,0.154261
B_impress_1000,2139626906_1,467,0.004964,0.004421,0.154263
B_impress_1000,2139626906_1,468,0.004964,0.004421,0.154266
B_impress_1000,2139626906_1,469,0.004964,0.004421,0.154268
B_impress_1000,2139626906_1,470,0.004964,0.004421,0.154270
B_impress_1000,2139626906_1,471,0.004964,0.004421,0.154273
B_impress_1000,2139626906_1,472,0.004964,0.004421,0.154275
B_impress_1000,2139626906_1,473,0.004964,0.004421,0.154278
B_impress_1000,2139626906_1,474,0.004964,0.004421,0.154280
B_impress_1000,2139626906_1,475,0.004964,0.004421,0.154283
B_impress_1000,2139626906_1,476,0.004964,0.004421,0.154285
B_impress_1000,2139626906_1,477,0.004960,0.004417,0.154288
B_impress_1000,2139626906_1,478,0.004964,0.004421,0.154290
B_impress_1000,2139626906_1,479,0.004960,0.004417,0.154293
B_impress_1000,2139626906_1,480,0.004960,0.004417,0.154295
B_impress_1000,2139626906_1,481,0.004960,0.004417,0.154298
B_impress_1000,2139626906_1,482,0.004960,0.004417,0.154300
B_impress_1000,2139626906_1,483,0.004960,0.004417,0.154303
B_impress_1000,2139626906_1,484,0.004960,0.004417,0.154305
B_impress_1000,2139626906_1,485,0.004957,0.004414,0.154308
B_impress_1000,2139626906_1,486,0.004957,0.004414,0.154310
B_impress_1000,2139626906_1,487,0.004957,0.004414,0.154312
B_impress_1000,2139626906_1,488,0.004957,0.004414,0.154315
B_impress_1000,2139626906_1,489,0.004957,0.004414,0.154317
B_impress_1000,2139626906_1,490,0.004957,0.004414,0.154320
B_impress_1000,2139626906_1,491,0.004957,0.004414,0.154322
B_impress_1000,2139626906_1,492,0.004957,0.004414,0.154325
B_impress_1000,2139626906_1,493,0.004957,0.004414,0.154327
B_impress_1000,2139626906_1,494,0.004957,0.004414,0.154330
B_impress_1000,2139626906_1,495,0.004957,0.004414,0.154331
B_impress_1000,2139626906_1,496,0.004953,0.004410,0.154333
B_impress_1000,2139626906_1,497,0.004953,0.004410,0.154334
B_impress_1000,2139626906_1,498,0.004957,0.004414,0.154336
B_impress_1000,2139626906_1,499,0.004953,0.004410,0.154337
B_impress_1000,2139626906_1,500,0.004953,0.004410,0.154339
B_impress_1000,2139626906_1,501,0.004953,0.004410,0.154340
B_impress_1000,2139626906_1,502,0.004953,0.004410,0.154342
B_impress_1000,2139626906_1,503,0.004953,0.004410,0.154343
B_impress_1000,2139626906_1,504,0.004953,0.004410,0.154345
B_impress_1000,2139626906_1,505,0.004953,0.004410,0.154346
B_impress_1000,2139626906_1,506,0.004953,0.004410,0.154348
B_impress_1000,2139626906_1,507,0.004953,0.004410,0.154349
B_impress_1000,2139626906_1,508,0.004953,0.004410,0.154351
B_impress_1000,2139626906_1,509,0.004953,0.004410,0.154352
B_impress_1000,2139626906_1,510,0.004953,0.004410,0.154354
B_impress_1000,2139626906_1,511,0.004950,0.004406,0.154356
B_impress_1000,2139626906_1,512,0.004950,0.004406,0.154357
B_impress_1000,2139626906_1,513,0.004950,0.004406,0.154359
B_impress_1000,2139626906_1,514,0.004950,0.004406,0.154360
B_impress_1000,2139626906_1,515,0.004950,0.004406,0.154362
B_impress_1000,2139626906_1,516,0.004950,0.004406,0.154363
B_impress_1000,2139626906_1,517,0.004950,0.004406,0.154365
B_impress_1000,2139626906_1,518,0.004953,0.004410,0.154366
B_impress_1000,2139626906_1,519,0.004950,0.004406,0.154368
B_impress_1000,2139626906_1,520,0.004950,0.004406,0.154369
B_impress_1000,2139626906_1,521,0.004950,0.004406,0.154371
B_impress_1000,2139626906_1,522,0.004950,0.004406,0.154372
B_impress_1000,2139626906_1,523,0.004950,0.004406,0.154374
B_impress_1000,2139626906_1,524,0.004950,0.004406,0.154375
B_impress_1000,2139626906_1,525,0.004950,0.004406,0.154377
B_impress_1000,2139626906_1,526,0.004950,0.004406,0.154378
B_impress_1000,2139626906_1,527,0.004946,0.004402,0.154380
B_impress_1000,2139626906_1,528,0.004950,0.004406,0.154381
B_impress_1000,2139626906_1,529,0.004950,0.004406,0.154383
B_impress_1000,2139626906_1,530,0.004950,0.004406,0.154384
B_impress_1000,2139626906_1,531,0.004950,0.004406,0.154386
B_impress_1000,2139626906_1,532,0.004950,0.004406,0.154387
B_impress_1000,2139626906_1,533,0.004946,0.004402,0.154389
B_impress_1000,2139626906_1,534,0.004946,0.004402,0.154390
B_impress_1000,2139626906_1,535,0.004946,0.004402,0.154392
B_impress_1000,2139626906_1,536,0.004946,0.004402,0.154393
B_impress_1000,2139626906_1,537,0.004946,0.004402,0.154395
B_impress_1000,2139626906_1,538,0.004946,0.004402,0.154396
B_impress_1000,2139626906_1,539,0.004946,0.004402,0.154398
B_impress_1000,2139626906_1,540,0.004946,0.004402,0.154399
B_impress_1000,2139626906_1,541,0.004946,0.004402,0.154401
B_impress_1000,2139626906_1,542,0.004946,0.004402,0.154402
B_impress_1000,2139626906_1,543,0.004946,0.004402,0.154403
B_impress_1000,2139626906_1,544,0.004946,0.004402,0.154405
B_impress_1000,2139626906_1,545,0.004946,0.004402,0.154406
B_impress_1000,2139626906_1,546,0.004946,0.004402,0.154408
B_impress_1000,2139626906_1,547,0.004946,0.004402,0.154409
B_impress_1000,2139626906_1,548,0.004942,0.004398,0.154411
B_impress_1000,2139626906_1,549,0.004942,0.004398,0.154412
B_impress_1000,2139626906_1,550,0.004942,0.004398,0.154414
B_impress_1000,2139626906_1,551,0.004942,0.004398,0.154415
B_impress_1000,2139626906_1,552,0.004943,0.004398,0.154416
B_impress_1000,2139626906_1,553,0.004943,0.004398,0.154418
B_impress_1000,2139626906_1,554,0.004943,0.004398,0.154419
B_impress_1000,2139626906_1,555,0.004943,0.004398,0.154421
B_impress_1000,2139626906_1,556,0.004943,0.004398,0.154422
B_impress_1000,2139626906_1,557,0.004943,0.004398,0.154424
B_impress_1000,2139626906_1,558,0.004943,0.004398,0.154425
B_impress_1000,2139626906_1,559,0.004943,0.004398,0.154426
B_impress_1000,2139626906_1,560,0.004943,0.004398,0.154428
B_impress_1000,2139626906_1,561,0.004943,0.004398,0.154429
B_impress_1000,2139626906_1,562,0.004943,0.004398,0.154430
B_impress_1000,2139626906_1,563,0.004943,0.004398,0.154432
B_impress_1000,2139626906_1,564,0.004943,0.004398,0.154433
B_impress_1000,2139626906_1,565,0.004943,0.004398,0.154434
B_impress_1000,2139626906_1,566,0.004943,0.004398,0.154435
B_impress_1000,2139626906_1,567,0.004943,0.004398,0.154436
B_impress_1000,2139626906_1,568,0.004943,0.004398,0.154438
B_impress_1000,2139626906_1,569,0.004943,0.004398,0.154439
B_impress_1000,2139626906_1,570,0.004943,0.004398,0.154440
B_impress_1000,2139626906_1,571,0.004939,0.004395,0.154441
B_impress_1000,2139626906_1,572,0.004939,0.004395,0.154442
B_impress_1000,2139626906_1,573,0.004939,0.004395,0.154444
B_impress_1000,2139626906_1,574,0.004939,0.004395,0.154445
B_impress_1000,2139626906_1,575,0.004939,0.004395,0.154446
B_impress_1000,2139626906_1,576,0.004939,0.004395,0.154447
B_impress_1000,2139626906_1,577,0.004939,0.004395,0.154449
B_impress_1000,2139626906_1,578,0.004939,0.004395,0.154450
B_impress_1000,2139626906_1,579,0.004939,0.004395,0.154451
B_impress_1000,2139626906_1,580,0.004939,0.004395,0.154452
B_impress_1000,2139626906_1,581,0.004939,0.004395,0.154453
B_impress_1000,2139626906_1,582,0.004939,0.004395,0.154454
B_impress_1000,2139626906_1,583,0.004939,0.004395,0.154456
B_impress_1000,2139626906_1,584,0.004939,0.004395,0.154457
B_impress_1000,2139626906_1,585,0.004939,0.004395,0.154458
B_impress_1000,2139626906_1,586,0.004939,0.004395,0.154459
B_impress_1000,2139626906_1,587,0.004939,0.004395,0.154460
B_impress_1000,2139626906_1,588,0.004939,0.004395,0.154461
B_impress_1000,2139626906_1,589,0.004939,0.004395,0.154462
B_impress_1000,2139626906_1,590,0.004935,0.004391,0.154464
B_impress_1000,2139626906_1,591,0.004939,0.004395,0.154465
B_impress_1000,2139626906_1,592,0.004939,0.004395,0.154466
B_impress_1000,2139626906_1,593,0.004939,0.004395,0.154467
B_impress_1000,2139626906_1,594,0.004939,0.004395,0.154468
B_impress_1000,2139626906_1,595,0.004935,0.004391,0.154469
B_impress_1000,2139626906_1,596,0.004939,0.004395,0.154470
B_impress_1000,2139626906_1,597,0.004935,0.004391,0.154472
B_impress_1000,2139626906_1,598,0.004935,0.004391,0.154473
B_impress_1000,2139626906_1,599,0.004935,0.004391,0.154474
B_impress_1000,2139626906_1,600,0.004935,0.004391,0.154475
B_impress_1000,2139626906_1,601,0.004939,0.004395,0.154476
B_impress_1000,2139626906_1,602,0.004935,0.004391,0.154477
B_impress_1000,2139626906_1,603,0.004935,0.004391,0.154478
B_impress_1000,2139626906_1,604,0.004936,0.004391,0.154479
B_impress_1000,2139626906_1,605,0.004936,0.004391,0.154481
B_impress_1000,2139626906_1,606,0.004936,0.004391,0.154481
B_impress_1000,2139626906_1,607,0.004936,0.004391,0.154482
B_impress_1000,2139626906_1,608,0.004936,0.004391,0.154483
B_impress_1000,2139626906_1,609,0.004936,0.004391,0.154484
B_impress_1000,2139626906_1,610,0.004936,0.004391,0.154485
B_impress_1000,2139626906_1,611,0.004936,0.004391,0.154485
B_impress_1000,2139626906_1,612,0.004936,0.004391,0.154486
B_impress_1000,2139626906_1,613,0.004936,0.004391,0.154487
B_impress_1000,2139626906_1,614,0.004936,0.004391,0.154488
B_impress_1000,2139626906_1,615,0.004936,0.004391,0.154489
B_impress_1000,2139626906_1,616,0.004936,0.004391,0.154490
B_impress_1000,2139626906_1,617,0.004936,0.004391,0.154490
B_impress_1000,2139626906_1,618,0.004936,0.004391,0.154491
B_impress_1000,2139626906_1,619,0.004936,0.004391,0.154492
B_impress_1000,2139626906_1,620,0.004936,0.004391,0.154493
B_impress_1000,2139626906_1,621,0.004936,0.004391,0.154494
B_impress_1000,2139626906_1,622,0.004932,0.004387,0.154494
B_impress_1000,2139626906_1,623,0.004936,0.004391,0.154495
B_impress_1000,2139626906_1,624,0.004936,0.004391,0.154496
B_impress_1000,2139626906_1,625,0.004936,0.004391,0.154497
B_impress_1000,2139626906_1,626,0.004936,0.004391,0.154497
B_impress_1000,2139626906_1,627,0.004932,0.004387,0.154498
B_impress_1000,2139626906_1,628,0.004936,0.004391,0.154499
B_impress_1000,2139626906_1,629,0.004932,0.004387,0.154500
B_impress_1000,2139626906_1,630,0.004932,0.004387,0.154501
B_impress_1000,2139626906_1,631,0.004932,0.004387,0.154501
B_impress_1000,2139626906_1,632,0.004932,0.004387,0.154502
B_impress_1000,2139626906_1,633,0.004936,0.004391,0.154503
B_impress_1000,2139626906_1,634,0.004932,0.004387,0.154504
B_impress_1000,2139626906_1,635,0.004932,0.004387,0.154504
B_impress_1000,2139626906_1,636,0.004932,0.004387,0.154505
B_impress_1000,2139626906_1,637,0.004932,0.004387,0.154506
B_impress_1000,2139626906_1,638,0.004932,0.004387,0.154507
B_impress_1000,2139626906_1,639,0.004932,0.004387,0.154507
B_impress_1000,2139626906_1,640,0.004932,0.004387,0.154508
B_impress_1000,2139626906_1,641,0.004932,0.004387,0.154509
B_impress_1000,2139626906_1,642,0.004932,0.004387,0.154510
B_impress_1000,2139626906_1,643,0.004932,0.004387,0.154510
B_impress_1000,2139626906_1,644,0.004932,0.004387,0.154511
B_impress_1000,2139626906_1,645,0.004932,0.004387,0.154512
B_impress_1000,2139626906_1,646,0.004932,0.004387,0.154512
B_impress_1000,2139626906_1,647,0.004932,0.004387,0.154513
B_impress_1000,2139626906_1,648,0.004932,0.004387,0.154514
B_impress_1000,2139626906_1,649,0.004932,0.004387,0.154515
B_impress_1000,2139626906_1,650,0.004932,0.004387,0.154515
B_impress_1000,2139626906_1,651,0.004932,0.004387,0.154516
B_impress_1000,2139626906_1,652,0.004932,0.004387,0.154517
B_impress_1000,2139626906_1,653,0.004932,0.004387,0.154517
B_impress_1000,2139626906_1,654,0.004932,0.004387,0.154518
B_impress_1000,2139626906_1,655,0.004932,0.004387,0.154519
B_impress_1000,2139626906_1,656,0.004932,0.004387,0.154520
B_impress_1000,2139626906_1,657,0.004932,0.004387,0.154520
B_impress_1000,2139626906_1,658,0.004932,0.004387,0.154521
B_impress_1000,2139626906_1,659,0.004932,0.004387,0.154522
B_impress_1000,2139626906_1,660,0.004932,0.004387,0.154522
B_impress_1000,2139626906_1,661,0.004932,0.004387,0.154523
B_impress_1000,2139626906_1,662,0.004932,0.004387,0.154524
B_impress_1000,2139626906_1,663,0.004932,0.004387,0.154525
B_impress_1000,2139626906_1,664,0.004932,0.004387,0.154525
B_impress_1000,2139626906_1,665,0.004932,0.004387,0.154526
B_impress_1000,2139626906_1,666,0.004932,0.004387,0.154526
B_impress_1000,2139626906_1,667,0.004932,0.004387,0.154527
B_impress_1000,2139626906_1,668,0.004932,0.004387,0.154527
B_impress_1000,2139626906_1,669,0.004932,0.004387,0.154528
B_impress_1000,2139626906_1,670,0.004932,0.004387,0.154528
B_impress_1000,2139626906_1,671,0.004932,0.004387,0.154528
B_impress_1000,2139626906_1,672,0.004932,0.004387,0.154529
B_impress_1000,2139626906_1,673,0.004932,0.004387,0.154529
B_impress_1000,2139626906_1,674,0.004932,0.004387,0.154530
B_impress_1000,2139626906_1,675,0.004932,0.004387,0.154530
B_impress_1000,2139626906_1,676,0.004932,0.004387,0.154531
B_impress_1000,2139626906_1,677,0.004932,0.004387,0.154531
B_impress_1000,2139626906_1,678,0.004932,0.004387,0.154531
B_impress_1000,2139626906_1,679,0.004928,0.004383,0.154532
B_impress_1000,2139626906_1,680,0.004928,0.004383,0.154532
B_impress_1000,2139626906_1,681,0.004928,0.004383,0.154533
B_impress_1000,2139626906_1,682,0.004928,0.004383,0.154533
B_impress_1000,2139626906_1,683,0.004932,0.004387,0.154534
B_impress_1000,2139626906_1,684,0.004932,0.004387,0.154534
B_impress_1000,2139626906_1,685,0.004928,0.004383,0.154534
B_impress_1000,2139626906_1,686,0.004928,0.004383,0.154535
B_impress_1000,2139626906_1,687,0.004932,0.004387,0.154535
B_impress_1000,2139626906_1,688,0.004932,0.004387,0.154536
B_impress_1000,2139626906_1,689,0.004932,0.004387,0.154536
B_impress_1000,2139626906_1,690,0.004932,0.004387,0.154537
B_impress_1000,2139626906_1,691,0.004932,0.004387,0.154537
B_impress_1000,2139626906_1,692,0.004932,0.004387,0.154537
B_impress_1000,2139626906_1,693,0.004928,0.004383,0.154538
B_impress_1000,2139626906_1,694,0.004932,0.004387,0.154538
B_impress_1000,2139626906_1,695,0.004928,0.004383,0.154539
B_impress_1000,2139626906_1,696,0.004928,0.004383,0.154539
B_impress_1000,2139626906_1,697,0.004932,0.004387,0.154539
B_impress_1000,2139626906_1,698,0.004932,0.004387,0.154540
B_impress_1000,2139626906_1,699,0.004928,0.004383,0.154540
B_impress_1000,2139626906_1,700,0.004928,0.004383,0.154541
B_impress_1000,2139626906_1,701,0.004928,0.004383,0.154541
B_impress_1000,2139626906_1,702,0.004929,0.004383,0.154541
B_impress_1000,2139626906_1,703,0.004929,0.004383,0.154542
B_impress_1000,2139626906_1,704,0.004929,0.004383,0.154542
B_impress_1000,2139626906_1,705,0.004929,0.004383,0.154543
B_impress_1000,2139626906_1,706,0.004929,0.004383,0.154543
B_impress_1000,2139626906_1,707,0.004929,0.004383,0.154543
B_impress_1000,2139626906_1,708,0.004925,0.004379,0.154544
B_impress_1000,2139626906_1,709,0.004929,0.004383,0.154544
B_impress_1000,2139626906_1,710,0.004929,0.004383,0.154545
B_impress_1000,2139626906_1,711,0.004929,0.004383,0.154545
B_impress_1000,2139626906_1,712,0.004929,0.004383,0.154545
B_impress_1000,2139626906_1,713,0.004929,0.004383,0.154546
B_impress_1000,2139626906_1,714,0.004929,0.004383,0.154546
B_impress_1000,2139626906_1,715,0.004932,0.004387,0.154546
B_impress_1000,2139626906_1,716,0.004929,0.004383,0.154547
B_impress_1000,2139626906_1,717,0.004929,0.004383,0.154547
B_impress_1000,2139626906_1,718,0.004929,0.004383,0.154547
B_impress_1000,2139626906_1,719,0.004929,0.004383,0.154548
B_impress_1000,2139626906_1,720,0.004929,0.004383,0.154548
B_impress_1000,2139626906_1,721,0.004929,0.004383,0.154548
B_impress_1000,2139626906_1,722,0.004929,0.004383,0.154549
B_impress_1000,2139626906_1,723,0.004929,0.004383,0.154549
B_impress_1000,2139626906_1,724,0.004929,0.004383,0.154549
B_impress_1000,2139626906_1,725,0.004929,0.004383,0.154550
B_impress_1000,2139626906_1,726,0.004929,0.004383,0.154550
B_impress_1000,2139626906_1,727,0.004929,0.004383,0.154550
B_impress_1000,2139626906_1,728,0.004929,0.004383,0.154551
B_impress_1000,2139626906_1,729,0.004932,0.004387,0.154551
B_impress_1000,2139626906_1,730,0.004929,0.004383,0.154551
B_impress_1000,2139626906_1,731,0.004929,0.004383,0.154552
B_impress_1000,2139626906_1,732,0.004929,0.004383,0.154552
B_impress_1000,2139626906_1,733,0.004929,0.004383,0.154552
B_impress_1000,2139626906_1,734,0.004929,0.004383,0.154552
B_impress_1000,2139626906_1,735,0.004929,0.004383,0.154553
B_impress_1000,2139626906_1,736,0.004929,0.004383,0.154553
B_impress_1000,2139626906_1,737,0.004929,0.004383,0.154553
B_impress_1000,2139626906_1,738,0.004929,0.004383,0.154553
B_impress_1000,2139626906_1,739,0.004929,0.004383,0.154554
B_impress_1000,2139626906_1,740,0.004929,0.004383,0.154554
B_impress_1000,2139626906_1,741,0.004929,0.004383,0.154554
B_impress_1000,2139626906_1,742,0.004929,0.004383,0.154554
B_impress_1000,2139626906_1,743,0.004929,0.004383,0.154555
B_impress_1000,2139626906_1,744,0.004929,0.004383,0.154555
B_impress_1000,2139626906_1,745,0.004929,0.004383,0.154555
B_impress_1000,2139626906_1,746,0.004929,0.004383,0.154555
B_impress_1000,2139626906_1,747,0.004929,0.004383,0.154555
B_impress_1000,2139626906_1,748,0.004929,0.004383,0.154556
B_impress_1000,2139626906_1,749,0.004929,0.004383,0.154556
B_impress_1000,2139626906_1,750,0.004929,0.004383,0.154556
B_impress_1000,2139626906_1,751,0.004925,0.004379,0.154556
B_impress_1000,2139626906_1,752,0.004925,0.004379,0.154557
B_impress_1000,2139626906_1,753,0.004929,0.004383,0.154557
B_impress_1000,2139626906_1,754,0.004929,0.004383,0.154557
B_impress_1000,2139626906_1,755,0.004925,0.004379,0.154557
B_impress_1000,2139626906_1,756,0.004929,0.004383,0.154557
B_impress_1000,2139626906_1,757,0.004929,0.004383,0.154558
B_impress_1000,2139626906_1,758,0.004929,0.004383,0.154558
B_impress_1000,2139626906_1,759,0.004929,0.004383,0.154558
B_impress_1000,2139626906_1,760,0.004925,0.004379,0.154558
B_impress_1000,2139626906_1,761,0.004929,0.004383,0.154558
B_impress_1000,2139626906_1,762,0.004925,0.004379,0.154559
B_impress_1000,2139626906_1,763,0.004925,0.004379,0.154559
B_impress_1000,2139626906_1,764,0.004925,0.004379,0.154559
B_impress_1000,2139626906_1,765,0.004925,0.004379,0.154559
B_impress_1000,2139626906_1,766,0.004925,0.004379,0.154559
B_impress_1000,2139626906_1,767,0.004929,0.004383,0.154560
B_impress_1000,2139626906_1,768,0.004929,0.004383,0.154560
B_impress_1000,2139626906_1,769,0.004925,0.004379,0.154560
B_impress_1000,2139626906_1,770,0.004925,0.004379,0.154560
B_impress_1000,2139626906_1,771,0.004929,0.004383,0.154560
B_impress_1000,2139626906_1,772,0.004929,0.004383,0.154560
B_impress_1000,2139626906_1,773,0.004929,0.004383,0.154561
B_impress_1000,2139626906_1,774,0.004929,0.004383,0.154561
B_impress_1000,2139626906_1,775,0.004925,0.004379,0.154561
B_impress_1000,2139626906_1,776,0.004929,0.004383,0.154561
B_impress_1000,2139626906_1,777,0.004929,0.004383,0.154561
B_impress_1000,2139626906_1,778,0.004929,0.004383,0.154561
B_impress_1000,2139626906_1,779,0.004925,0.004379,0.154561
B_impress_1000,2139626906_1,780,0.004925,0.004379,0.154561
B_impress_1000,2139626906_1,781,0.004925,0.004379,0.154562
B_impress_1000,2139626906_1,782,0.004929,0.004383,0.154562
B_impress_1000,2139626906_1,783,0.004929,0.004383,0.154562
B_impress_1000,2139626906_1,784,0.004925,0.004379,0.154562
B_impress_1000,2139626906_1,785,0.004929,0.004383,0.154562
B_impress_1000,2139626906_1,786,0.004929,0.004383,0.154562
B_impress_1000,2139626906_1,787,0.004929,0.004383,0.154562
B_impress_1000,2139626906_1,788,0.004929,0.004383,0.154562
B_impress_1000,2139626906_1,789,0.004929,0.004383,0.154562
B_impress_1000,2139626906_1,790,0.004925,0.004379,0.154563
B_impress_1000,2139626906_1,791,0.004929,0.004383,0.154563
B_impress_1000,2139626906_1,792,0.004925,0.004379,0.154563
B_impress_1000,2139626906_1,793,0.004929,0.004383,0.154563
B_impress_1000,2139626906_1,794,0.004929,0.004383,0.154563
B_impress_1000,2139626906_1,795,0.004929,0.004383,0.154563
B_impress_1000,2139626906_1,796,0.004925,0.004379,0.154563
B_impress_1000,2139626906_1,797,0.004925,0.004379,0.154563
B_impress_1000,2139626906_1,798,0.004925,0.004379,0.154563
B_impress_1000,2139626906_1,799,0.004925,0.004379,0.154563
B_impress_1000,2139626906_1,800,0.004925,0.004379,0.154564
B_impress_1000,2139626906_1,801,0.004925,0.004379,0.154564
B_impress_1000,2139626906_1,802,0.004925,0.004379,0.154564
B_impress_1000,2139626906_1,803,0.004925,0.004379,0.154564
B_impress_1000,2139626906_1,804,0.004929,0.004383,0.154564
B_impress_1000,2139626906_1,805,0.004925,0.004379,0.154564
B_impress_1000,2139626906_1,806,0.004925,0.004379,0.154564
B_impress_1000,2139626906_1,807,0.004929,0.004383,0.154564
B_impress_1000,2139626906_1,808,0.004929,0.004383,0.154564
B_impress_1000,2139626906_1,809,0.004929,0.004383,0.154564
B_impress_1000,2139626906_1,810,0.004929,0.004383,0.154564
B_impress_1000,2139626906_1,811,0.004925,0.004379,0.154565
B_impress_1000,2139626906_1,812,0.004929,0.004383,0.154565
B_impress_1000,2139626906_1,813,0.004929,0.004383,0.154565
B_impress_1000,2139626906_1,814,0.004929,0.004383,0.154565
B_impress_1000,2139626906_1,815,0.004925,0.004379,0.154565
B_impress_1000,2139626906_1,816,0.004929,0.004383,0.154565
B_impress_1000,2139626906_1,817,0.004929,0.004383,0.154565
B_impress_1000,2139626906_1,818,0.004925,0.004379,0.154565
B_impress_1000,2139626906_1,819,0.004925,0.004379,0.154565
B_impress_1000,2139626906_1,820,0.004929,0.004383,0.154565
B_impress_1000,2139626906_1,821,0.004929,0.004383,0.154565
B_impress_1000,2139626906_1,822,0.004929,0.004383,0.154565
B_impress_1000,2139626906_1,823,0.004925,0.004379,0.154565
B_impress_1000,2139626906_1,824,0.004929,0.004383,0.154565
B_impress_1000,2139626906_1,825,0.004925,0.004379,0.154566
B_impress_1000,2139626906_1,826,0.004929,0.004383,0.154566
B_impress_1000,2139626906_1,827,0.004925,0.004379,0.154566
B_impress_1000,2139626906_1,828,0.004925,0.004379,0.154566
B_impress_1000,2139626906_1,829,0.004929,0.004383,0.154566
B_impress_1000,2139626906_1,830,0.004925,0.004379,0.154566
B_impress_1000,2139626906_1,831,0.004929,0.004383,0.154566
B_impress_1000,2139626906_1,832,0.004925,0.004379,0.154566
B_impress_1000,2139626906_1,833,0.004929,0.004383,0.154566
B_impress_1000,2139626906_1,834,0.004925,0.004379,0.154566
B_impress_1000,2139626906_1,835,0.004925,0.004379,0.154566
B_impress_1000,2139626906_1,836,0.004925,0.004379,0.154566
B_impress_1000,2139626906_1,837,0.004929,0.004383,0.154566
B_impress_1000,2139626906_1,838,0.004925,0.004379,0.154566
B_impress_1000,2139626906_1,839,0.004929,0.004383,0.154566
B_impress_1000,2139626906_1,840,0.004929,0.004383,0.154566
B_impress_1000,2139626906_1,841,0.004929,0.004383,0.154567
B_impress_1000,2139626906_1,842,0.004925,0.004379,0.154567
B_impress_1000,2139626906_1,843,0.004925,0.004379,0.154567
B_impress_1000,2139626906_1,844,0.004925,0.004379,0.154567
B_impress_1000,2139626906_1,845,0.004925,0.004379,0.154567
B_impress_1000,2139626906_1,846,0.004925,0.004379,0.154567
B_impress_1000,2139626906_1,847,0.004925,0.004379,0.154567
B_impress_1000,2139626906_1,848,0.004925,0.004379,0.154567
B_impress_1000,2139626906_1,849,0.004925,0.004379,0.154567
B_impress_1000,2139626906_1,850,0.004925,0.004379,0.154567
B_impress_1000,2139626906_1,851,0.004925,0.004379,0.154567
B_impress_1000,2139626906_1,852,0.004925,0.004379,0.154567
B_impress_1000,2139626906_1,853,0.004929,0.004383,0.154567
B_impress_1000,2139626906_1,854,0.004925,0.004379,0.154567
B_impress_1000,2139626906_1,855,0.004925,0.004379,0.154567
B_impress_1000,2139626906_1,856,0.004925,0.004379,0.154567
B_impress_1000,2139626906_1,857,0.004925,0.004379,0.154567
B_impress_1000,2139626906_1,858,0.004925,0.004379,0.154567
B_impress_1000,2139626906_1,859,0.004925,0.004379,0.154567
B_impress_1000,2139626906_1,860,0.004925,0.004379,0.154567
B_impress_1000,2139626906_1,861,0.004925,0.004379,0.154567
B_impress_1000,2139626906_1,862,0.004925,0.004379,0.154567
B_impress_1000,2139626906_1,863,0.004925,0.004379,0.154567
B_impress_1000,2139626906_1,864,0.004921,0.004375,0.154567
B_impress_1000,2139626906_1,865,0.004925,0.004379,0.154567
B_impress_1000,2139626906_1,866,0.004925,0.004379,0.154567
B_impress_1000,2139626906_1,867,0.004925,0.004379,0.154567
B_impress_1000,2139626906_1,868,0.004925,0.004379,0.154567
B_impress_1000,2139626906_1,869,0.004929,0.004383,0.154567
B_impress_1000,2139626906_1,870,0.004925,0.004379,0.154567
B_impress_1000,2139626906_1,871,0.004925,0.004379,0.154567
B_impress_1000,2139626906_1,872,0.004925,0.004379,0.154567
B_impress_1000,2139626906_1,873,0.004925,0.004379,0.154567
B_impress_1000,2139626906_1,874,0.004925,0.004379,0.154567
B_impress_1000,2139626906_1,875,0.004925,0.004379,0.154567
B_impress_1000,2139626906_1,876,0.004925,0.004379,0.154567
B_impress_1000,2139626906_1,877,0.004925,0.004379,0.154568
B_impress_1000,2139626906_1,878,0.004925,0.004379,0.154568
B_impress_1000,2139626906_1,879,0.004925,0.004379,0.154568
B_impress_1000,2139626906_1,880,0.004925,0.004379,0.154568
B_impress_1000,2139626906_1,881,0.004925,0.004379,0.154568
B_impress_1000,2139626906_1,882,0.004925,0.004379,0.154568
B_impress_1000,2139626906_1,883,0.004925,0.004379,0.154568
B_impress_1000,2139626906_1,884,0.004925,0.004379,0.154568
B_impress_1000,2139626906_1,885,0.004925,0.004379,0.154568
B_impress_1000,2139626906_1,886,0.004925,0.004379,0.154568
B_impress_1000,2139626906_1,887,0.004925,0.004379,0.154568
B_impress_1000,2139626906_1,888,0.004925,0.004379,0.154568
B_impress_1000,2139626906_1,889,0.004925,0.004379,0.154568
B_impress_1000,2139626906_1,890,0.004925,0.004379,0.154568
B_impress_1000,2139626906_1,891,0.004925,0.004379,0.154568
B_impress_1000,2139626906_1,892,0.004925,0.004379,0.154568
B_impress_1000,2139626906_1,893,0.004929,0.004383,0.154568
B_impress_1000,2139626906_1,894,0.004925,0.004379,0.154568
B_impress_1000,2139626906_1,895,0.004925,0.004379,0.154568
B_impress_1000,2139626906_1,896,0.004925,0.004379,0.154568
B_impress_1000,2139626906_1,897,0.004925,0.004379,0.154568
B_impress_1000,2139626906_1,898,0.004925,0.004379,0.154568
B_impress_1000,2139626906_1,899,0.004929,0.004383,0.154568
B_impress_1000,2139626906_1,900,0.004925,0.004379,0.154568
B_impress_1000,2139626906_1,901,0.004925,0.004379,0.154568
B_impress_1000,2139626906_1,902,0.004925,0.004379,0.154568
B_impress_1000,2139626906_1,903,0.004925,0.004379,0.154568
B_impress_1000,2139626906_1,904,0.004925,0.004379,0.154568
B_impress_1000,2139626906_1,905,0.004925,0.004379,0.154568
B_impress_1000,2139626906_1,906,0.004925,0.004379,0.154568
B_impress_1000,2139626906_1,907,0.004925,0.004379,0.154568
B_impress_1000,2139626906_1,908,0.004925,0.004379,0.154568
B_impress_1000,2139626906_1,909,0.004929,0.004383,0.154568
B_impress_1000,2139626906_1,910,0.004925,0.004379,0.154568
B_impress_1000,2139626906_1,911,0.004925,0.004379,0.154568
B_impress_1000,2139626906_1,912,0.004925,0.004379,0.154568
B_impress_1000,2139626906_1,913,0.004925,0.004379,0.154568
B_impress_1000,2139626906_1,914,0.004929,0.004383,0.154568
B_impress_1000,2139626906_1,915,0.004925,0.004379,0.154568
B_impress_1000,2139626906_1,916,0.004929,0.004383,0.154568
B_impress_1000,2139626906_1,917,0.004929,0.004383,0.154568
B_impress_1000,2139626906_1,918,0.004925,0.004379,0.154568
B_impress_1000,2139626906_1,919,0.004925,0.004379,0.154568
B_impress_1000,2139626906_1,920,0.004925,0.004379,0.154568
B_impress_1000,2139626906_1,921,0.004929,0.004383,0.154568
B_impress_1000,2139626906_1,922,0.004925,0.004379,0.154568
B_impress_1000,2139626906_1,923,0.004925,0.004379,0.154568
B_impress_1000,2139626906_1,924,0.004925,0.004379,0.154568
B_impress_1000,2139626906_1,925,0.004925,0.004379,0.154568
B_impress_1000,2139626906_1,926,0.004925,0.004379,0.154568
B_impress_1000,2139626906_1,927,0.004925,0.004379,0.154568
B_impress_1000,2139626906_1,928,0.004925,0.004379,0.154568
B_impress_1000,2139626906_1,929,0.004925,0.004379,0.154568
B_impress_1000,2139626906_1,930,0.004929,0.004383,0.154568
B_impress_1000,2139626906_1,931,0.004925,0.004379,0.154568
B_impress_1000,2139626906_1,932,0.004925,0.004379,0.154568
B_impress_1000,2139626906_1,933,0.004925,0.004379,0.154568
B_impress_1000,2139626906_1,934,0.004925,0.004379,0.154568
B_impress_1000,2139626906_1,935,0.004925,0.004379,0.154568
B_impress_1000,2139626906_1,936,0.004925,0.004379,0.154568
B_impress_1000,2139626906_1,937,0.004925,0.004379,0.154568
B_impress_1000,2139626906_1,938,0.004925,0.004379,0.154568
B_impress_1000,2139626906_1,939,0.004925,0.004379,0.154568
B_impress_1000,2139626906_1,940,0.004925,0.004379,0.154568
B_impress_1000,2139626906_1,941,0.004925,0.004379,0.154568
B_impress_1000,2139626906_1,942,0.004925,0.004379,0.154568
B_impress_1000,2139626906_1,943,0.004925,0.004379,0.154568
B_impress_1000,2139626906_1,944,0.004925,0.004379,0.154568
B_impress_1000,2139626906_1,945,0.004925,0.004379,0.154568
B_impress_1000,2139626906_1,946,0.004925,0.004379,0.154568
B_impress_1000,2139626906_1,947,0.004925,0.004379,0.154568
B_impress_1000,2139626906_1,948,0.004925,0.004379,0.154568
B_impress_1000,2139626906_1,949,0.004925,0.004379,0.154568
B_impress_1000,2139626906_1,950,0.004925,0.004379,0.154568
B_impress_1000,2139626906_1,951,0.004925,0.004379,0.154568
B_impress_1000,2139626906_1,952,0.004925,0.004379,0.154568
B_impress_1000,2139626906_1,953,0.004925,0.004379,0.154568
B_impress_1000,2139626906_1,954,0.004925,0.004379,0.154568
B_impress_1000,2139626906_1,955,0.004925,0.004379,0.154568
B_impress_1000,2139626906_1,956,0.004925,0.004379,0.154568
B_impress_1000,2139626906_1,957,0.004925,0.004379,0.154568
B_impress_1000,2139626906_1,958,0.004925,0.004379,0.154568
B_impress_1000,2139626906_1,959,0.004925,0.004379,0.154568
B_impress_1000,2139626906_1,960,0.004925,0.004379,0.154568
B_impress_1000,2139626906_1,961,0.004925,0.004379,0.154568
B_impress_1000,2139626906_1,962,0.004925,0.004379,0.154568
B_impress_1000,2139626906_1,963,0.004929,0.004383,0.154568
B_impress_1000,2139626906_1,964,0.004925,0.004379,0.154568
B_impress_1000,2139626906_1,965,0.004925,0.004379,0.154568
B_impress_1000,2139626906_1,966,0.004925,0.004379,0.154568
B_impress_1000,2139626906_1,967,0.004925,0.004379,0.154568
B_impress_1000,2139626906_1,968,0.004925,0.004379,0.154568
B_impress_1000,2139626906_1,969,0.004925,0.004379,0.154568
B_impress_1000,2139626906_1,970,0.004925,0.004379,0.154568
B_impress_1000,2139626906_1,971,0.004925,0.004379,0.154568
B_impress_1000,2139626906_1,972,0.004925,0.004379,0.154568
B_impress_1000,2139626906_1,973,0.004925,0.004379,0.154568
B_impress_1000,2139626906_1,974,0.004925,0.004379,0.154568
B_impress_1000,2139626906_1,975,0.004925,0.004379,0.154568
B_impress_1000,2139626906_1,976,0.004925,0.004379,0.154568
B_impress_1000,2139626906_1,977,0.004925,0.004379,0.154568
B_impress_1000,2139626906_1,978,0.004925,0.004379,0.154568
B_impress_1000,2139626906_1,979,0.004925,0.004379,0.154568
B_impress_1000,2139626906_1,980,0.004925,0.004379,0.154568
B_impress_1000,2139626906_1,981,0.004925,0.004379,0.154568
B_impress_1000,2139626906_1,982,0.004925,0.004379,0.154568
B_impress_1000,2139626906_1,983,0.004925,0.004379,0.154568
B_impress_1000,2139626906_1,984,0.004925,0.004379,0.154568
B_impress_1000,2139626906_1,985,0.004925,0.004379,0.154568
B_impress_1000,2139626906_1,986,0.004925,0.004379,0.154568
B_impress_1000,2139626906_1,987,0.004925,0.004379,0.154568
B_impress_1000,2139626906_1,988,0.004925,0.004379,0.154568
B_impress_1000,2139626906_1,989,0.004925,0.004379,0.154568
B_impress_1000,2139626906_1,990,0.004925,0.004379,0.154568
B_impress_1000,2139626906_1,991,0.004925,0.004379,0.154568
B_impress_1000,2139626906_1,992,0.004925,0.004379,0.154568
B_impress_1000,2139626906_1,993,0.004925,0.004379,0.154568
B_impress_1000,2139626906_1,994,0.004925,0.004379,0.154568
B_impress_1000,2139626906_1,995,0.004929,0.004383,0.154568
B_impress_1000,2139626906_1,996,0.004925,0.004379,0.154568
B_impress_1000,2139626906_1,997,0.004925,0.004379,0.154568
B_impress_1000,2139626906_1,998,0.004925,0.004379,0.154568
B_impress_1000,2139626906_1,999,0.004925,0.004379,0.154568
B_impress_1000,2139626906_1,1000,0.004925,0.004379,0.154568
B_impress_1000,2167874246_1,1,0.008233,0.005566,0.366700
B_impress_1000,2167874246_1,2,0.007775,0.005363,0.341178
B_impress_1000,2167874246_1,3,0.007609,0.005348,0.326076
B_impress_1000,2167874246_1,4,0.007489,0.005329,0.315942
B_impress_1000,2167874246_1,5,0.007378,0.005302,0.307591
B_impress_1000,2167874246_1,6,0.007293,0.005283,0.301013
B_impress_1000,2167874246_1,7,0.007200,0.005249,0.295121
B_impress_1000,2167874246_1,8,0.007136,0.005230,0.290580
B_impress_1000,2167874246_1,9,0.007088,0.005222,0.286545
B_impress_1000,2167874246_1,10,0.007034,0.005203,0.283064
B_impress_1000,2167874246_1,11,0.006987,0.005188,0.279885
B_impress_1000,2167874246_1,12,0.006941,0.005173,0.276864
B_impress_1000,2167874246_1,13,0.006902,0.005161,0.274042
B_impress_1000,2167874246_1,14,0.006864,0.005146,0.271759
B_impress_1000,2167874246_1,15,0.006827,0.005131,0.269603
B_impress_1000,2167874246_1,16,0.006791,0.005116,0.267569
B_impress_1000,2167874246_1,17,0.006761,0.005104,0.265666
B_impress_1000,2167874246_1,18,0.006731,0.005093,0.263833
B_impress_1000,2167874246_1,19,0.006702,0.005081,0.262074
B_impress_1000,2167874246_1,20,0.006674,0.005070,0.260463
B_impress_1000,2167874246_1,21,0.006651,0.005062,0.258906
B_impress_1000,2167874246_1,22,0.006621,0.005047,0.257394
B_impress_1000,2167874246_1,23,0.006602,0.005043,0.255935
B_impress_1000,2167874246_1,24,0.006577,0.005032,0.254518
B_impress_1000,2167874246_1,25,0.006548,0.005016,0.253143
B_impress_1000,2167874246_1,26,0.006523,0.005005,0.251813
B_impress_1000,2167874246_1,27,0.006499,0.004993,0.250530
B_impress_1000,2167874246_1,28,0.006475,0.004982,0.249289
B_impress_1000,2167874246_1,29,0.006448,0.004967,0.248082
B_impress_1000,2167874246_1,30,0.006428,0.004959,0.246904
B_impress_1000,2167874246_1,31,0.006405,0.004948,0.245751
B_impress_1000,2167874246_1,32,0.006382,0.004936,0.244625
B_impress_1000,2167874246_1,33,0.006360,0.004925,0.243527
B_impress_1000,2167874246_1,34,0.006334,0.004910,0.242453
B_impress_1000,2167874246_1,35,0.006312,0.004898,0.241403
B_impress_1000,2167874246_1,36,0.006301,0.004894,0.240652
B_impress_1000,2167874246_1,37,0.006286,0.004887,0.239914
B_impress_1000,2167874246_1,38,0.006267,0.004875,0.239187
B_impress_1000,2167874246_1,39,0.006256,0.004871,0.238474
B_impress_1000,2167874246_1,40,0.006241,0.004864,0.237774
B_impress_1000,2167874246_1,41,0.006231,0.004860,0.237088
B_impress_1000,2167874246_1,42,0.006216,0.004852,0.236412
B_impress_1000,2167874246_1,43,0.006206,0.004848,0.235747
B_impress_1000,2167874246_1,44,0.006192,0.004841,0.235094
B_impress_1000,2167874246_1,45,0.006178,0.004833,0.234451
B_impress_1000,2167874246_1,46,0.006160,0.004822,0.233819
B_impress_1000,2167874246_1,47,0.006146,0.004814,0.233196
B_impress_1000,2167874246_1,48,0.006132,0.004807,0.232583
B_impress_1000,2167874246_1,49,0.006115,0.004795,0.231980
B_impress_1000,2167874246_1,50,0.006101,0.004787,0.231385
B_impress_1000,2167874246_1,51,0.006088,0.004780,0.230799
B_impress_1000,2167874246_1,52,0.006071,0.004768,0.230222
B_impress_1000,2167874246_1,53,0.006057,0.004761,0.229655
B_impress_1000,2167874246_1,54,0.006044,0.004753,0.229094
B_impress_1000,2167874246_1,55,0.006031,0.004745,0.228540
B_impress_1000,2167874246_1,56,0.006014,0.004734,0.227996
B_impress_1000,2167874246_1,57,0.006001,0.004726,0.227459
B_impress_1000,2167874246_1,58,0.005984,0.004715,0.226931
B_impress_1000,2167874246_1,59,0.005971,0.004707,0.226411
B_impress_1000,2167874246_1,60,0.005959,0.004700,0.225898
B_impress_1000,2167874246_1,61,0.005946,0.004692,0.225392
B_impress_1000,2167874246_1,62,0.005930,0.004681,0.224893
B_impress_1000,2167874246_1,63,0.005917,0.004673,0.224402
B_impress_1000,2167874246_1,64,0.005905,0.004665,0.223917
B_impress_1000,2167874246_1,65,0.005892,0.004658,0.223436
B_impress_1000,2167874246_1,66,0.005880,0.004650,0.222960
B_impress_1000,2167874246_1,67,0.005864,0.004639,0.222490
B_impress_1000,2167874246_1,68,0.005851,0.004631,0.222026
B_impress_1000,2167874246_1,69,0.005839,0.004623,0.221567
B_impress_1000,2167874246_1,70,0.005831,0.004620,0.221116
B_impress_1000,2167874246_1,71,0.005819,0.004612,0.220669
B_impress_1000,2167874246_1,72,0.005810,0.004608,0.220229
B_impress_1000,2167874246_1,73,0.005795,0.004597,0.219793
B_impress_1000,2167874246_1,74,0.005787,0.004593,0.219363
B_impress_1000,2167874246_1,75,0.005771,0.004581,0.218937
B_impress_1000,2167874246_1,76,0.005763,0.004578,0.218515
B_impress_1000,2167874246_1,77,0.005747,0.004566,0.218097
B_impress_1000,2167874246_1,78,0.005735,0.004559,0.217683
B_impress_1000,2167874246_1,79,0.005724,0.004551,0.217273
B_impress_1000,2167874246_1,80,0.005708,0.004539,0.216867
B_impress_1000,2167874246_1,81,0.005700,0.004536,0.216466
B_impress_1000,2167874246_1,82,0.005685,0.004524,0.216068
B_impress_1000,2167874246_1,83,0.005673,0.004517,0.215673
B_impress_1000,2167874246_1,84,0.005662,0.004509,0.215283
B_impress_1000,2167874246_1,85,0.005650,0.004501,0.214897
B_impress_1000,2167874246_1,86,0.005639,0.004494,0.214515
B_impress_1000,2167874246_1,87,0.005624,0.004482,0.214136
B_impress_1000,2167874246_1,88,0.005612,0.004475,0.213760
B_impress_1000,2167874246_1,89,0.005601,0.004467,0.213388
B_impress_1000,2167874246_1,90,0.005590,0.004459,0.213018
B_impress_1000,2167874246_1,91,0.005578,0.004452,0.212651
B_impress_1000,2167874246_1,92,0.005567,0.004444,0.212287
B_impress_1000,2167874246_1,93,0.005556,0.004436,0.211925
B_impress_1000,2167874246_1,94,0.005541,0.004425,0.211568
B_impress_1000,2167874246_1,95,0.005530,0.004417,0.211214
B_impress_1000,2167874246_1,96,0.005518,0.004410,0.210864
B_impress_1000,2167874246_1,97,0.005507,0.004402,0.210517
B_impress_1000,2167874246_1,98,0.005496,0.004395,0.210172
B_impress_1000,2167874246_1,99,0.005489,0.004391,0.209830
B_impress_1000,2167874246_1,100,0.005478,0.004383,0.209490
B_impress_1000,2167874246_1,101,0.005467,0.004375,0.209153
B_impress_1000,2167874246_1,102,0.005456,0.004368,0.208817
B_impress_1000,2167874246_1,103,0.005445,0.004360,0.208485
B_impress_1000,2167874246_1,104,0.005438,0.004356,0.208155
B_impress_1000,2167874246_1,105,0.005427,0.004349,0.207827
B_impress_1000,2167874246_1,106,0.005416,0.004341,0.207501
B_impress_1000,2167874246_1,107,0.005405,0.004333,0.207176
B_impress_1000,2167874246_1,108,0.005398,0.004330,0.206852
B_impress_1000,2167874246_1,109,0.005387,0.004322,0.206529
B_impress_1000,2167874246_1,110,0.005377,0.004314,0.206208
B_impress_1000,2167874246_1,111,0.005366,0.004307,0.205889
B_impress_1000,2167874246_1,112,0.005355,0.004299,0.205572
B_impress_1000,2167874246_1,113,0.005344,0.004292,0.205257
B_impress_1000,2167874246_1,114,0.005333,0.004284,0.204944
B_impress_1000,2167874246_1,115,0.005326,0.004280,0.204633
B_impress_1000,2167874246_1,116,0.005316,0.004272,0.204325
B_impress_1000,2167874246_1,117,0.005305,0.004265,0.204018
B_impress_1000,2167874246_1,118,0.005298,0.004261,0.203712
B_impress_1000,2167874246_1,119,0.005287,0.004253,0.203410
B_impress_1000,2167874246_1,120,0.005277,0.004246,0.203110
B_impress_1000,2167874246_1,121,0.005266,0.004238,0.202811
B_impress_1000,2167874246_1,122,0.005259,0.004234,0.202515
B_impress_1000,2167874246_1,123,0.005249,0.004227,0.202221
B_impress_1000,2167874246_1,124,0.005238,0.004219,0.201929
B_impress_1000,2167874246_1,125,0.005228,0.004211,0.201639
B_impress_1000,2167874246_1,126,0.005221,0.004208,0.201351
B_impress_1000,2167874246_1,127,0.005214,0.004204,0.201065
B_impress_1000,2167874246_1,128,0.005204,0.004196,0.200780
B_impress_1000,2167874246_1,129,0.005194,0.004189,0.200498
B_impress_1000,2167874246_1,130,0.005187,0.004185,0.200218
B_impress_1000,2167874246_1,131,0.005180,0.004181,0.199939
B_impress_1000,2167874246_1,132,0.005170,0.004173,0.199663
B_impress_1000,2167874246_1,133,0.005160,0.004166,0.199389
B_impress_1000,2167874246_1,134,0.005149,0.004158,0.199116
B_impress_1000,2167874246_1,135,0.005139,0.004150,0.198846
B_impress_1000,2167874246_1,136,0.005132,0.004147,0.198576
B_impress_1000,2167874246_1,137,0.005126,0.004143,0.198308
B_impress_1000,2167874246_1,138,0.005119,0.004139,0.198041
B_impress_1000,2167874246_1,139,0.005113,0.004135,0.197776
B_impress_1000,2167874246_1,140,0.005106,0.004131,0.197512
B_impress_1000,2167874246_1,141,0.005096,0.004124,0.197249
B_impress_1000,2167874246_1,142,0.005090,0.004120,0.196988
B_impress_1000,2167874246_1,143,0.005083,0.004116,0.196728
B_impress_1000,2167874246_1,144,0.005077,0.004112,0.196470
B_impress_1000,2167874246_1,145,0.005071,0.004108,0.196214
B_impress_1000,2167874246_1,146,0.005064,0.004105,0.195958
B_impress_1000,2167874246_1,147,0.005058,0.004101,0.195703
B_impress_1000,2167874246_1,148,0.005048,0.004093,0.195448
B_impress_1000,2167874246_1,149,0.005034,0.004082,0.195195
B_impress_1000,2167874246_1,150,0.005027,0.004078,0.194943
B_impress_1000,2167874246_1,151,0.005021,0.004074,0.194692
B_impress_1000,2167874246_1,152,0.005015,0.004070,0.194442
B_impress_1000,2167874246_1,153,0.005005,0.004063,0.194194
B_impress_1000,2167874246_1,154,0.004998,0.004059,0.193946
B_impress_1000,2167874246_1,155,0.004992,0.004055,0.193699
B_impress_1000,2167874246_1,156,0.004982,0.004047,0.193454
B_impress_1000,2167874246_1,157,0.004972,0.004040,0.193210
B_impress_1000,2167874246_1,158,0.004966,0.004036,0.192966
B_impress_1000,2167874246_1,159,0.004959,0.004032,0.192722
B_impress_1000,2167874246_1,160,0.004953,0.004028,0.192480
B_impress_1000,2167874246_1,161,0.004947,0.004025,0.192239
B_impress_1000,2167874246_1,162,0.004941,0.004021,0.191999
B_impress_1000,2167874246_1,163,0.004934,0.004017,0.191762
B_impress_1000,2167874246_1,164,0.004925,0.004009,0.191526
B_impress_1000,2167874246_1,165,0.004918,0.004005,0.191291
B_impress_1000,2167874246_1,166,0.004912,0.004002,0.191057
B_impress_1000,2167874246_1,167,0.004906,0.003998,0.190824
B_impress_1000,2167874246_1,168,0.004896,0.003990,0.190593
B_impress_1000,2167874246_1,169,0.004890,0.003986,0.190363
B_impress_1000,2167874246_1,170,0.004884,0.003983,0.190134
B_impress_1000,2167874246_1,171,0.004878,0.003979,0.189906
B_impress_1000,2167874246_1,172,0.004872,0.003975,0.189679
B_impress_1000,2167874246_1,173,0.004866,0.003971,0.189452
B_impress_1000,2167874246_1,174,0.004860,0.003967,0.189226
B_impress_1000,2167874246_1,175,0.004853,0.003963,0.189001
B_impress_1000,2167874246_1,176,0.004847,0.003960,0.188778
B_impress_1000,2167874246_1,177,0.004841,0.003956,0.188555
B_impress_1000,2167874246_1,178,0.004835,0.003952,0.188333
B_impress_1000,2167874246_1,179,0.004829,0.003948,0.188112
B_impress_1000,2167874246_1,180,0.004823,0.003944,0.187892
B_impress_1000,2167874246_1,181,0.004817,0.003941,0.187674
B_impress_1000,2167874246_1,182,0.004811,0.003937,0.187458
B_impress_1000,2167874246_1,183,0.004802,0.003929,0.187243
B_impress_1000,2167874246_1,184,0.004796,0.003925,0.187028
B_impress_1000,2167874246_1,185,0.004790,0.003922,0.186814
B_impress_1000,2167874246_1,186,0.004780,0.003914,0.186601
B_impress_1000,2167874246_1,187,0.004778,0.003914,0.186388
B_impress_1000,2167874246_1,188,0.004766,0.003904,0.186175
B_impress_1000,2167874246_1,189,0.004760,0.003901,0.185962
B_impress_1000,2167874246_1,190,0.004752,0.003895,0.185749
B_impress_1000,2167874246_1,191,0.004744,0.003889,0.185538
B_impress_1000,2167874246_1,192,0.004739,0.003885,0.185328
B_impress_1000,2167874246_1,193,0.004731,0.003880,0.185119
B_impress_1000,2167874246_1,194,0.004725,0.003876,0.184910
B_impress_1000,2167874246_1,195,0.004719,0.003872,0.184709
B_impress_1000,2167874246_1,196,0.004711,0.003866,0.184508
B_impress_1000,2167874246_1,197,0.004705,0.003862,0.184309
B_impress_1000,2167874246_1,198,0.004700,0.003859,0.184111
B_impress_1000,2167874246_1,199,0.004694,0.003855,0.183914
B_impress_1000,2167874246_1,200,0.004688,0.003851,0.183718
B_impress_1000,2167874246_1,201,0.004680,0.003845,0.183521
B_impress_1000,2167874246_1,202,0.004675,0.003841,0.183325
B_impress_1000,2167874246_1,203,0.004669,0.003838,0.183129
B_impress_1000,2167874246_1,204,0.004663,0.003834,0.182935
B_impress_1000,2167874246_1,205,0.004657,0.003830,0.182742
B_impress_1000,2167874246_1,206,0.004652,0.003826,0.182548
B_impress_1000,2167874246_1,207,0.004646,0.003822,0.182355
B_impress_1000,2167874246_1,208,0.004636,0.003815,0.182162
B_impress_1000,2167874246_1,209,0.004631,0.003811,0.181971
B_impress_1000,2167874246_1,210,0.004625,0.003807,0.181781
B_impress_1000,2167874246_1,211,0.004617,0.003801,0.181594
B_impress_1000,2167874246_1,212,0.004612,0.003798,0.181405
B_impress_1000,2167874246_1,213,0.004610,0.003798,0.181217
B_impress_1000,2167874246_1,214,0.004602,0.003792,0.181030
B_impress_1000,2167874246_1,215,0.004596,0.003788,0.180843
B_impress_1000,2167874246_1,216,0.004591,0.003784,0.180657
B_impress_1000,2167874246_1,217,0.004585,0.003780,0.180472
B_impress_1000,2167874246_1,218,0.004581,0.003778,0.180286
B_impress_1000,2167874246_1,219,0.004574,0.003773,0.180100
B_impress_1000,2167874246_1,220,0.004568,0.003769,0.179914
B_impress_1000,2167874246_1,221,0.004564,0.003767,0.179729
B_impress_1000,2167874246_1,222,0.004557,0.003761,0.179545
B_impress_1000,2167874246_1,223,0.004553,0.003759,0.179363
B_impress_1000,2167874246_1,224,0.004547,0.003756,0.179182
B_impress_1000,2167874246_1,225,0.004544,0.003754,0.179003
B_impress_1000,2167874246_1,226,0.004540,0.003752,0.178824
B_impress_1000,2167874246_1,227,0.004531,0.003744,0.178646
B_impress_1000,2167874246_1,228,0.004525,0.003740,0.178470
B_impress_1000,2167874246_1,229,0.004519,0.003736,0.178296
B_impress_1000,2167874246_1,230,0.004514,0.003733,0.178122
B_impress_1000,2167874246_1,231,0.004508,0.003729,0.177948
B_impress_1000,2167874246_1,232,0.004503,0.003725,0.177775
B_impress_1000,2167874246_1,233,0.004501,0.003725,0.177603
B_impress_1000,2167874246_1,234,0.004494,0.003719,0.177431
B_impress_1000,2167874246_1,235,0.004488,0.003716,0.177261
B_impress_1000,2167874246_1,236,0.004486,0.003716,0.177090
B_impress_1000,2167874246_1,237,0.004483,0.003714,0.176920
B_impress_1000,2167874246_1,238,0.004477,0.003710,0.176750
B_impress_1000,2167874246_1,239,0.004472,0.003706,0.176581
B_impress_1000,2167874246_1,240,0.004468,0.003704,0.176412
B_impress_1000,2167874246_1,241,0.004463,0.003700,0.176243
B_impress_1000,2167874246_1,242,0.004457,0.003696,0.176074
B_impress_1000,2167874246_1,243,0.004450,0.003691,0.175906
B_impress_1000,2167874246_1,244,0.004446,0.003689,0.175738
B_impress_1000,2167874246_1,245,0.004439,0.003683,0.175570
B_impress_1000,2167874246_1,246,0.004433,0.003679,0.175402
B_impress_1000,2167874246_1,247,0.004430,0.003677,0.175236
B_impress_1000,2167874246_1,248,0.004424,0.003674,0.175070
B_impress_1000,2167874246_1,249,0.004421,0.003672,0.174905
B_impress_1000,2167874246_1,250,0.004415,0.003668,0.174740
B_impress_1000,2167874246_1,251,0.004410,0.003664,0.174575
B_impress_1000,2167874246_1,252,0.004408,0.003664,0.174413
B_impress_1000,2167874246_1,253,0.004401,0.003658,0.174253
B_impress_1000,2167874246_1,254,0.004395,0.003654,0.174094
B_impress_1000,2167874246_1,255,0.004392,0.003653,0.173935
B_impress_1000,2167874246_1,256,0.004387,0.003649,0.173777
B_impress_1000,2167874246_1,257,0.004383,0.003647,0.173619
B_impress_1000,2167874246_1,258,0.004380,0.003645,0.173462
B_impress_1000,2167874246_1,259,0.004374,0.003641,0.173305
B_impress_1000,2167874246_1,260,0.004371,0.003639,0.173149
B_impress_1000,2167874246_1,261,0.004362,0.003632,0.172994
B_impress_1000,2167874246_1,262,0.004358,0.003630,0.172839
B_impress_1000,2167874246_1,263,0.004353,0.003626,0.172685
B_impress_1000,2167874246_1,264,0.004347,0.003622,0.172531
B_impress_1000,2167874246_1,265,0.004344,0.003620,0.172378
B_impress_1000,2167874246_1,266,0.004339,0.003616,0.172225
B_impress_1000,2167874246_1,267,0.004337,0.003616,0.172073
B_impress_1000,2167874246_1,268,0.004332,0.003613,0.171922
B_impress_1000,2167874246_1,269,0.004328,0.003611,0.171771
B_impress_1000,2167874246_1,270,0.004323,0.003607,0.171620
B_impress_1000,2167874246_1,271,0.004318,0.003603,0.171470
B_impress_1000,2167874246_1,272,0.004316,0.003603,0.171320
B_impress_1000,2167874246_1,273,0.004311,0.003599,0.171171
B_impress_1000,2167874246_1,274,0.004306,0.003595,0.171023
B_impress_1000,2167874246_1,275,0.004300,0.003592,0.170874
B_impress_1000,2167874246_1,276,0.004293,0.003586,0.170725
B_impress_1000,2167874246_1,277,0.004290,0.003584,0.170576
B_impress_1000,2167874246_1,278,0.004284,0.003580,0.170428
B_impress_1000,2167874246_1,279,0.004279,0.003576,0.170280
B_impress_1000,2167874246_1,280,0.004276,0.003574,0.170133
B_impress_1000,2167874246_1,281,0.004274,0.003574,0.169992
B_impress_1000,2167874246_1,282,0.004269,0.003571,0.169859
B_impress_1000,2167874246_1,283,0.004266,0.003569,0.169725
B_impress_1000,2167874246_1,284,0.004261,0.003565,0.169592
B_impress_1000,2167874246_1,285,0.004258,0.003563,0.169460
B_impress_1000,2167874246_1,286,0.004254,0.003561,0.169328
B_impress_1000,2167874246_1,287,0.004251,0.003559,0.169198
B_impress_1000,2167874246_1,288,0.004250,0.003559,0.169068
B_impress_1000,2167874246_1,289,0.004245,0.003555,0.168938
B_impress_1000,2167874246_1,290,0.004240,0.003551,0.168808
B_impress_1000,2167874246_1,291,0.004236,0.003550,0.168679
B_impress_1000,2167874246_1,292,0.004231,0.003546,0.168549
B_impress_1000,2167874246_1,293,0.004230,0.003546,0.168418
B_impress_1000,2167874246_1,294,0.004227,0.003544,0.168288
B_impress_1000,2167874246_1,295,0.004222,0.003540,0.168159
B_impress_1000,2167874246_1,296,0.004217,0.003536,0.168030
B_impress_1000,2167874246_1,297,0.004215,0.003536,0.167902
B_impress_1000,2167874246_1,298,0.004212,0.003534,0.167774
B_impress_1000,2167874246_1,299,0.004209,0.003532,0.167645
B_impress_1000,2167874246_1,300,0.004206,0.003531,0.167517
B_impress_1000,2167874246_1,301,0.004202,0.003529,0.167389
B_impress_1000,2167874246_1,302,0.004199,0.003527,0.167262
B_impress_1000,2167874246_1,303,0.004196,0.003525,0.167135
B_impress_1000,2167874246_1,304,0.004191,0.003521,0.167008
B_impress_1000,2167874246_1,305,0.004186,0.003517,0.166883
B_impress_1000,2167874246_1,306,0.004183,0.003515,0.166757
B_impress_1000,2167874246_1,307,0.004180,0.003513,0.166632
B_impress_1000,2167874246_1,308,0.004177,0.003511,0.166507
B_impress_1000,2167874246_1,309,0.004173,0.003510,0.166382
B_impress_1000,2167874246_1,310,0.004170,0.003508,0.166256
B_impress_1000,2167874246_1,311,0.004167,0.003506,0.166130
B_impress_1000,2167874246_1,312,0.004164,0.003504,0.166004
B_impress_1000,2167874246_1,313,0.004161,0.003502,0.165879
B_impress_1000,2167874246_1,314,0.004158,0.003500,0.165753
B_impress_1000,2167874246_1,315,0.004154,0.003498,0.165627
B_impress_1000,2167874246_1,316,0.004149,0.003494,0.165500
B_impress_1000,2167874246_1,317,0.004146,0.003492,0.165372
B_impress_1000,2167874246_1,318,0.004143,0.003490,0.165243
B_impress_1000,2167874246_1,319,0.004140,0.003489,0.165115
B_impress_1000,2167874246_1,320,0.004136,0.003487,0.164986
B_impress_1000,2167874246_1,321,0.004133,0.003485,0.164858
B_impress_1000,2167874246_1,322,0.004128,0.003481,0.164741
B_impress_1000,2167874246_1,323,0.004125,0.003479,0.164625
B_impress_1000,2167874246_1,324,0.004122,0.003477,0.164509
B_impress_1000,2167874246_1,325,0.004119,0.003475,0.164394
B_impress_1000,2167874246_1,326,0.004116,0.003473,0.164279
B_impress_1000,2167874246_1,327,0.004115,0.003473,0.164166
B_impress_1000,2167874246_1,328,0.004110,0.003469,0.164054
B_impress_1000,2167874246_1,329,0.004105,0.003466,0.163942
B_impress_1000,2167874246_1,330,0.004102,0.003464,0.163831
B_impress_1000,2167874246_1,331,0.004101,0.003464,0.163719
B_impress_1000,2167874246_1,332,0.004098,0.003462,0.163608
B_impress_1000,2167874246_1,333,0.004095,0.003460,0.163498
B_impress_1000,2167874246_1,334,0.004092,0.003458,0.163388
B_impress_1000,2167874246_1,335,0.004091,0.003458,0.163279
B_impress_1000,2167874246_1,336,0.004088,0.003456,0.163170
B_impress_1000,2167874246_1,337,0.004083,0.003452,0.163062
B_impress_1000,2167874246_1,338,0.004082,0.003452,0.162954
B_impress_1000,2167874246_1,339,0.004079,0.003450,0.162847
B_impress_1000,2167874246_1,340,0.004076,0.003448,0.162739
B_impress_1000,2167874246_1,341,0.004071,0.003445,0.162631
B_impress_1000,2167874246_1,342,0.004068,0.003443,0.162523
B_impress_1000,2167874246_1,343,0.004065,0.003441,0.162415
B_impress_1000,2167874246_1,344,0.004062,0.003439,0.162305
B_impress_1000,2167874246_1,345,0.004059,0.003437,0.162194
B_impress_1000,2167874246_1,346,0.004058,0.003437,0.162083
B_impress_1000,2167874246_1,347,0.004053,0.003433,0.161970
B_impress_1000,2167874246_1,348,0.004050,0.003431,0.161855
B_impress_1000,2167874246_1,349,0.004049,0.003431,0.161740
B_impress_1000,2167874246_1,350,0.004044,0.003428,0.161626
B_impress_1000,2167874246_1,351,0.004043,0.003428,0.161513
B_impress_1000,2167874246_1,352,0.004040,0.003426,0.161401
B_impress_1000,2167874246_1,353,0.004038,0.003426,0.161289
B_impress_1000,2167874246_1,354,0.004034,0.003422,0.161179
B_impress_1000,2167874246_1,355,0.004032,0.003422,0.161070
B_impress_1000,2167874246_1,356,0.004029,0.003420,0.160962
B_impress_1000,2167874246_1,357,0.004025,0.003416,0.160855
B_impress_1000,2167874246_1,358,0.004024,0.003416,0.160748
B_impress_1000,2167874246_1,359,0.004022,0.003416,0.160643
B_impress_1000,2167874246_1,360,0.004018,0.003412,0.160537
B_impress_1000,2167874246_1,361,0.004015,0.003410,0.160432
B_impress_1000,2167874246_1,362,0.004014,0.003410,0.160327
B_impress_1000,2167874246_1,363,0.004009,0.003407,0.160222
B_impress_1000,2167874246_1,364,0.004006,0.003405,0.160117
B_impress_1000,2167874246_1,365,0.004005,0.003405,0.160013
B_impress_1000,2167874246_1,366,0.004002,0.003403,0.159910
B_impress_1000,2167874246_1,367,0.003999,0.003401,0.159807
B_impress_1000,2167874246_1,368,0.003998,0.003401,0.159705
B_impress_1000,2167874246_1,369,0.003993,0.003397,0.159603
B_impress_1000,2167874246_1,370,0.003992,0.003397,0.159501
B_impress_1000,2167874246_1,371,0.003989,0.003395,0.159400
B_impress_1000,2167874246_1,372,0.003984,0.003391,0.159298
B_impress_1000,2167874246_1,373,0.003983,0.003391,0.159197
B_impress_1000,2167874246_1,374,0.003980,0.003389,0.159097
B_impress_1000,2167874246_1,375,0.003976,0.003386,0.158997
B_impress_1000,2167874246_1,376,0.003973,0.003384,0.158896
B_impress_1000,2167874246_1,377,0.003970,0.003382,0.158796
B_impress_1000,2167874246_1,378,0.003967,0.003380,0.158696
B_impress_1000,2167874246_1,379,0.003966,0.003380,0.158596
B_impress_1000,2167874246_1,380,0.003961,0.003376,0.158497
B_impress_1000,2167874246_1,381,0.003958,0.003374,0.158399
B_impress_1000,2167874246_1,382,0.003957,0.003374,0.158300
B_impress_1000,2167874246_1,383,0.003954,0.003372,0.158222
B_impress_1000,2167874246_1,384,0.003952,0.003370,0.158144
B_impress_1000,2167874246_1,385,0.003949,0.003368,0.158066
B_impress_1000,2167874246_1,386,0.003946,0.003366,0.157988
B_impress_1000,2167874246_1,387,0.003944,0.003365,0.157910
B_impress_1000,2167874246_1,388,0.003941,0.003363,0.157833
B_impress_1000,2167874246_1,389,0.003938,0.003361,0.157756
B_impress_1000,2167874246_1,390,0.003938,0.003361,0.157680
B_impress_1000,2167874246_1,391,0.003935,0.003359,0.157603
B_impress_1000,2167874246_1,392,0.003932,0.003357,0.157527
B_impress_1000,2167874246_1,393,0.003930,0.003355,0.157451
B_impress_1000,2167874246_1,394,0.003929,0.003355,0.157375
B_impress_1000,2167874246_1,395,0.003926,0.003353,0.157299
B_impress_1000,2167874246_1,396,0.003923,0.003351,0.157223
B_impress_1000,2167874246_1,397,0.003921,0.003349,0.157147
B_impress_1000,2167874246_1,398,0.003918,0.003347,0.157071
B_impress_1000,2167874246_1,399,0.003917,0.003347,0.156995
B_impress_1000,2167874246_1,400,0.003917,0.003347,0.156920
B_impress_1000,2167874246_1,401,0.003916,0.003347,0.156844
B_impress_1000,2167874246_1,402,0.003911,0.003344,0.156769
B_impress_1000,2167874246_1,403,0.003909,0.003342,0.156694
B_impress_1000,2167874246_1,404,0.003910,0.003344,0.156620
B_impress_1000,2167874246_1,405,0.003905,0.003340,0.156546
B_impress_1000,2167874246_1,406,0.003904,0.003340,0.156473
B_impress_1000,2167874246_1,407,0.003902,0.003338,0.156400
B_impress_1000,2167874246_1,408,0.003899,0.003336,0.156327
B_impress_1000,2167874246_1,409,0.003899,0.003336,0.156255
B_impress_1000,2167874246_1,410,0.003898,0.003336,0.156183
B_impress_1000,2167874246_1,411,0.003893,0.003332,0.156111
B_impress_1000,2167874246_1,412,0.003891,0.003330,0.156043
B_impress_1000,2167874246_1,413,0.003888,0.003328,0.155975
B_impress_1000,2167874246_1,414,0.003887,0.003328,0.155908
B_impress_1000,2167874246_1,415,0.003885,0.003326,0.155841
B_impress_1000,2167874246_1,416,0.003882,0.003325,0.155775
B_impress_1000,2167874246_1,417,0.003882,0.003325,0.155708
B_impress_1000,2167874246_1,418,0.003877,0.003321,0.155641
B_impress_1000,2167874246_1,419,0.003876,0.003321,0.155575
B_impress_1000,2167874246_1,420,0.003874,0.003319,0.155508
B_impress_1000,2167874246_1,421,0.003873,0.003319,0.155442
B_impress_1000,2167874246_1,422,0.003871,0.003317,0.155375
B_impress_1000,2167874246_1,423,0.003868,0.003315,0.155309
B_impress_1000,2167874246_1,424,0.003865,0.003313,0.155243
B_impress_1000,2167874246_1,425,0.003863,0.003311,0.155177
B_impress_1000,2167874246_1,426,0.003860,0.003309,0.155111
B_impress_1000,2167874246_1,427,0.003860,0.003309,0.155044
B_impress_1000,2167874246_1,428,0.003859,0.003309,0.154977
B_impress_1000,2167874246_1,429,0.003858,0.003309,0.154910
B_impress_1000,2167874246_1,430,0.003856,0.003307,0.154844
B_impress_1000,2167874246_1,431,0.003853,0.003305,0.154777
B_impress_1000,2167874246_1,432,0.003851,0.003304,0.154711
B_impress_1000,2167874246_1,433,0.003848,0.003302,0.154644
B_impress_1000,2167874246_1,434,0.003847,0.003302,0.154578
B_impress_1000,2167874246_1,435,0.003847,0.003302,0.154513
B_impress_1000,2167874246_1,436,0.003844,0.003300,0.154448
B_impress_1000,2167874246_1,437,0.003842,0.003298,0.154384
B_impress_1000,2167874246_1,438,0.003841,0.003298,0.154321
B_impress_1000,2167874246_1,439,0.003838,0.003296,0.154259
B_impress_1000,2167874246_1,440,0.003836,0.003294,0.154198
B_impress_1000,2167874246_1,441,0.003833,0.003292,0.154137
B_impress_1000,2167874246_1,442,0.003833,0.003292,0.154077
B_impress_1000,2167874246_1,443,0.003832,0.003292,0.154016
B_impress_1000,2167874246_1,444,0.003830,0.003290,0.153956
B_impress_1000,2167874246_1,445,0.003827,0.003288,0.153896
B_impress_1000,2167874246_1,446,0.003823,0.003284,0.153836
B_impress_1000,2167874246_1,447,0.003822,0.003284,0.153777
B_impress_1000,2167874246_1,448,0.003822,0.003284,0.153719
B_impress_1000,2167874246_1,449,0.003819,0.003283,0.153661
B_impress_1000,2167874246_1,450,0.003819,0.003283,0.153603
B_impress_1000,2167874246_1,451,0.003818,0.003283,0.153546
B_impress_1000,2167874246_1,452,0.003816,0.003281,0.153488
B_impress_1000,2167874246_1,453,0.003813,0.003279,0.153430
B_impress_1000,2167874246_1,454,0.003812,0.003279,0.153374
B_impress_1000,2167874246_1,455,0.003810,0.003277,0.153317
B_impress_1000,2167874246_1,456,0.003811,0.003279,0.153260
B_impress_1000,2167874246_1,457,0.003809,0.003277,0.153203
B_impress_1000,2167874246_1,458,0.003808,0.003277,0.153147
B_impress_1000,2167874246_1,459,0.003806,0.003275,0.153090
B_impress_1000,2167874246_1,460,0.003805,0.003275,0.153034
B_impress_1000,2167874246_1,461,0.003803,0.003273,0.152978
B_impress_1000,2167874246_1,462,0.003800,0.003271,0.152922
B_impress_1000,2167874246_1,463,0.003800,0.003271,0.152867
B_impress_1000,2167874246_1,464,0.003799,0.003271,0.152812
B_impress_1000,2167874246_1,465,0.003799,0.003271,0.152757
B_impress_1000,2167874246_1,466,0.003796,0.003269,0.152702
B_impress_1000,2167874246_1,467,0.003796,0.003269,0.152647
B_impress_1000,2167874246_1,468,0.003791,0.003265,0.152592
B_impress_1000,2167874246_1,469,0.003791,0.003265,0.152538
B_impress_1000,2167874246_1,470,0.003788,0.003263,0.152484
B_impress_1000,2167874246_1,471,0.003788,0.003263,0.152430
B_impress_1000,2167874246_1,472,0.003785,0.003262,0.152376
B_impress_1000,2167874246_1,473,0.003785,0.003262,0.152322
B_impress_1000,2167874246_1,474,0.003782,0.003260,0.152268
B_impress_1000,2167874246_1,475,0.003782,0.003260,0.152215
B_impress_1000,2167874246_1,476,0.003779,0.003258,0.152162
B_impress_1000,2167874246_1,477,0.003777,0.003256,0.152109
B_impress_1000,2167874246_1,478,0.003776,0.003256,0.152056
B_impress_1000,2167874246_1,479,0.003776,0.003256,0.152004
B_impress_1000,2167874246_1,480,0.003773,0.003254,0.151951
B_impress_1000,2167874246_1,481,0.003771,0.003252,0.151899
B_impress_1000,2167874246_1,482,0.003770,0.003252,0.151847
B_impress_1000,2167874246_1,483,0.003768,0.003250,0.151795
B_impress_1000,2167874246_1,484,0.003766,0.003248,0.151744
B_impress_1000,2167874246_1,485,0.003765,0.003248,0.151692
B_impress_1000,2167874246_1,486,0.003765,0.003248,0.151641
B_impress_1000,2167874246_1,487,0.003764,0.003248,0.151590
B_impress_1000,2167874246_1,488,0.003762,0.003246,0.151540
B_impress_1000,2167874246_1,489,0.003759,0.003244,0.151489
B_impress_1000,2167874246_1,490,0.003759,0.003244,0.151440
B_impress_1000,2167874246_1,491,0.003758,0.003244,0.151390
B_impress_1000,2167874246_1,492,0.003756,0.003242,0.151341
B_impress_1000,2167874246_1,493,0.003755,0.003242,0.151292
B_impress_1000,2167874246_1,494,0.003755,0.003242,0.151243
B_impress_1000,2167874246_1,495,0.003753,0.003241,0.151213
B_impress_1000,2167874246_1,496,0.003751,0.003239,0.151184
B_impress_1000,2167874246_1,497,0.003750,0.003239,0.151155
B_impress_1000,2167874246_1,498,0.003748,0.003237,0.151126
B_impress_1000,2167874246_1,499,0.003748,0.003237,0.151097
B_impress_1000,2167874246_1,500,0.003747,0.003237,0.151069
B_impress_1000,2167874246_1,501,0.003747,0.003237,0.151040
B_impress_1000,2167874246_1,502,0.003747,0.003237,0.151012
B_impress_1000,2167874246_1,503,0.003745,0.003235,0.150984
B_impress_1000,2167874246_1,504,0.003744,0.003235,0.150956
B_impress_1000,2167874246_1,505,0.003744,0.003235,0.150928
B_impress_1000,2167874246_1,506,0.003742,0.003233,0.150901
B_impress_1000,2167874246_1,507,0.003742,0.003233,0.150873
B_impress_1000,2167874246_1,508,0.003741,0.003233,0.150846
B_impress_1000,2167874246_1,509,0.003741,0.003233,0.150819
B_impress_1000,2167874246_1,510,0.003741,0.003233,0.150792
B_impress_1000,2167874246_1,511,0.003741,0.003233,0.150764
B_impress_1000,2167874246_1,512,0.003740,0.003233,0.150738
B_impress_1000,2167874246_1,513,0.003738,0.003231,0.150711
B_impress_1000,2167874246_1,514,0.003740,0.003233,0.150684
B_impress_1000,2167874246_1,515,0.003738,0.003231,0.150658
B_impress_1000,2167874246_1,516,0.003737,0.003231,0.150631
B_impress_1000,2167874246_1,517,0.003737,0.003231,0.150605
B_impress_1000,2167874246_1,518,0.003735,0.003229,0.150578
B_impress_1000,2167874246_1,519,0.003735,0.003229,0.150551
B_impress_1000,2167874246_1,520,0.003734,0.003229,0.150525
B_impress_1000,2167874246_1,521,0.003732,0.003227,0.150498
B_impress_1000,2167874246_1,522,0.003734,0.003229,0.150472
B_impress_1000,2167874246_1,523,0.003730,0.003225,0.150446
B_impress_1000,2167874246_1,524,0.003730,0.003225,0.150420
B_impress_1000,2167874246_1,525,0.003729,0.003225,0.150394
B_impress_1000,2167874246_1,526,0.003729,0.003225,0.150368
B_impress_1000,2167874246_1,527,0.003729,0.003225,0.150342
B_impress_1000,2167874246_1,528,0.003727,0.003223,0.150317
B_impress_1000,2167874246_1,529,0.003726,0.003223,0.150291
B_impress_1000,2167874246_1,530,0.003726,0.003223,0.150266
B_impress_1000,2167874246_1,531,0.003726,0.003223,0.150241
B_impress_1000,2167874246_1,532,0.003726,0.003223,0.150216
B_impress_1000,2167874246_1,533,0.003723,0.003222,0.150192
B_impress_1000,2167874246_1,534,0.003723,0.003222,0.150167
B_impress_1000,2167874246_1,535,0.003723,0.003222,0.150143
B_impress_1000,2167874246_1,536,0.003723,0.003222,0.150119
B_impress_1000,2167874246_1,537,0.003722,0.003222,0.150096
B_impress_1000,2167874246_1,538,0.003722,0.003222,0.150072
B_impress_1000,2167874246_1,539,0.003720,0.003220,0.150049
B_impress_1000,2167874246_1,540,0.003720,0.003220,0.150026
B_impress_1000,2167874246_1,541,0.003720,0.003220,0.150002
B_impress_1000,2167874246_1,542,0.003719,0.003220,0.149980
B_impress_1000,2167874246_1,543,0.003717,0.003218,0.149957
B_impress_1000,2167874246_1,544,0.003719,0.003220,0.149934
B_impress_1000,2167874246_1,545,0.003717,0.003218,0.149911
B_impress_1000,2167874246_1,546,0.003717,0.003218,0.149889
B_impress_1000,2167874246_1,547,0.003716,0.003218,0.149866
B_impress_1000,2167874246_1,548,0.003714,0.003216,0.149844
B_impress_1000,2167874246_1,549,0.003714,0.003216,0.149822
B_impress_1000,2167874246_1,550,0.003714,0.003216,0.149800
B_impress_1000,2167874246_1,551,0.003712,0.003214,0.149779
B_impress_1000,2167874246_1,552,0.003711,0.003214,0.149757
B_impress_1000,2167874246_1,553,0.003711,0.003214,0.149736
B_impress_1000,2167874246_1,554,0.003711,0.003214,0.149715
B_impress_1000,2167874246_1,555,0.003711,0.003214,0.149693
B_impress_1000,2167874246_1,556,0.003709,0.003212,0.149672
B_impress_1000,2167874246_1,557,0.003708,0.003212,0.149651
B_impress_1000,2167874246_1,558,0.003708,0.003212,0.149631
B_impress_1000,2167874246_1,559,0.003708,0.003212,0.149610
B_impress_1000,2167874246_1,560,0.003708,0.003212,0.149589
B_impress_1000,2167874246_1,561,0.003706,0.003210,0.149569
B_impress_1000,2167874246_1,562,0.003706,0.003210,0.149549
B_impress_1000,2167874246_1,563,0.003705,0.003210,0.149530
B_impress_1000,2167874246_1,564,0.003705,0.003210,0.149510
B_impress_1000,2167874246_1,565,0.003705,0.003210,0.149490
B_impress_1000,2167874246_1,566,0.003705,0.003210,0.149471
B_impress_1000,2167874246_1,567,0.003705,0.003210,0.149451
B_impress_1000,2167874246_1,568,0.003702,0.003208,0.149432
B_impress_1000,2167874246_1,569,0.003704,0.003210,0.149412
B_impress_1000,2167874246_1,570,0.003702,0.003208,0.149393
B_impress_1000,2167874246_1,571,0.003702,0.003208,0.149374
B_impress_1000,2167874246_1,572,0.003702,0.003208,0.149355
B_impress_1000,2167874246_1,573,0.003702,0.003208,0.149336
B_impress_1000,2167874246_1,574,0.003699,0.003206,0.149317
B_impress_1000,2167874246_1,575,0.003699,0.003206,0.149298
B_impress_1000,2167874246_1,576,0.003699,0.003206,0.149279
B_impress_1000,2167874246_1,577,0.003699,0.003206,0.149261
B_impress_1000,2167874246_1,578,0.003699,0.003206,0.149243
B_impress_1000,2167874246_1,579,0.003699,0.003206,0.149226
B_impress_1000,2167874246_1,580,0.003696,0.003204,0.149209
B_impress_1000,2167874246_1,581,0.003696,0.003204,0.149192
B_impress_1000,2167874246_1,582,0.003696,0.003204,0.149175
B_impress_1000,2167874246_1,583,0.003694,0.003202,0.149158
B_impress_1000,2167874246_1,584,0.003696,0.003204,0.149141
B_impress_1000,2167874246_1,585,0.003696,0.003204,0.149124
B_impress_1000,2167874246_1,586,0.003694,0.003202,0.149108
B_impress_1000,2167874246_1,587,0.003693,0.003202,0.149091
B_impress_1000,2167874246_1,588,0.003695,0.003204,0.149075
B_impress_1000,2167874246_1,589,0.003693,0.003202,0.149058
B_impress_1000,2167874246_1,590,0.003693,0.003202,0.149042
B_impress_1000,2167874246_1,591,0.003693,0.003202,0.149025
B_impress_1000,2167874246_1,592,0.003691,0.003201,0.149009
B_impress_1000,2167874246_1,593,0.003690,0.003201,0.148993
B_impress_1000,2167874246_1,594,0.003688,0.003199,0.148977
B_impress_1000,2167874246_1,595,0.003688,0.003199,0.148961
B_impress_1000,2167874246_1,596,0.003688,0.003199,0.148945
B_impress_1000,2167874246_1,597,0.003688,0.003199,0.148929
B_impress_1000,2167874246_1,598,0.003688,0.003199,0.148913
B_impress_1000,2167874246_1,599,0.003688,0.003199,0.148897
B_impress_1000,2167874246_1,600,0.003686,0.003197,0.148882
B_impress_1000,2167874246_1,601,0.003685,0.003197,0.148866
B_impress_1000,2167874246_1,602,0.003685,0.003197,0.148850
B_impress_1000,2167874246_1,603,0.003685,0.003197,0.148835
B_impress_1000,2167874246_1,604,0.003685,0.003197,0.148819
B_impress_1000,2167874246_1,605,0.003685,0.003197,0.148804
B_impress_1000,2167874246_1,606,0.003685,0.003197,0.148792
B_impress_1000,2167874246_1,607,0.003685,0.003197,0.148780
B_impress_1000,2167874246_1,608,0.003684,0.003197,0.148768
B_impress_1000,2167874246_1,609,0.003684,0.003197,0.148757
B_impress_1000,2167874246_1,610,0.003684,0.003197,0.148745
B_impress_1000,2167874246_1,611,0.003684,0.003197,0.148734
B_impress_1000,2167874246_1,612,0.003684,0.003197,0.148722
B_impress_1000,2167874246_1,613,0.003684,0.003197,0.148711
B_impress_1000,2167874246_1,614,0.003684,0.003197,0.148700
B_impress_1000,2167874246_1,615,0.003684,0.003197,0.148688
B_impress_1000,2167874246_1,616,0.003682,0.003195,0.148677
B_impress_1000,2167874246_1,617,0.003681,0.003195,0.148666
B_impress_1000,2167874246_1,618,0.003681,0.003195,0.148655
B_impress_1000,2167874246_1,619,0.003681,0.003195,0.148644
B_impress_1000,2167874246_1,620,0.003683,0.003197,0.148633
B_impress_1000,2167874246_1,621,0.003681,0.003195,0.148623
B_impress_1000,2167874246_1,622,0.003681,0.003195,0.148612
B_impress_1000,2167874246_1,623,0.003681,0.003195,0.148602
B_impress_1000,2167874246_1,624,0.003681,0.003195,0.148591
B_impress_1000,2167874246_1,625,0.003681,0.003195,0.148580
B_impress_1000,2167874246_1,626,0.003679,0.003193,0.148570
B_impress_1000,2167874246_1,627,0.003678,0.003193,0.148560
B_impress_1000,2167874246_1,628,0.003676,0.003191,0.148549
B_impress_1000,2167874246_1,629,0.003676,0.003191,0.148539
B_impress_1000,2167874246_1,630,0.003676,0.003191,0.148529
B_impress_1000,2167874246_1,631,0.003678,0.003193,0.148519
B_impress_1000,2167874246_1,632,0.003678,0.003193,0.148509
B_impress_1000,2167874246_1,633,0.003678,0.003193,0.148499
B_impress_1000,2167874246_1,634,0.003676,0.003191,0.148488
B_impress_1000,2167874246_1,635,0.003678,0.003193,0.148479
B_impress_1000,2167874246_1,636,0.003676,0.003191,0.148469
B_impress_1000,2167874246_1,637,0.003676,0.003191,0.148459
B_impress_1000,2167874246_1,638,0.003675,0.003191,0.148449
B_impress_1000,2167874246_1,639,0.003675,0.003191,0.148439
B_impress_1000,2167874246_1,640,0.003675,0.003191,0.148430
B_impress_1000,2167874246_1,641,0.003675,0.003191,0.148420
B_impress_1000,2167874246_1,642,0.003673,0.003189,0.148410
B_impress_1000,2167874246_1,643,0.003673,0.003189,0.148401
B_impress_1000,2167874246_1,644,0.003673,0.003189,0.148391
B_impress_1000,2167874246_1,645,0.003673,0.003189,0.148382
B_impress_1000,2167874246_1,646,0.003673,0.003189,0.148373
B_impress_1000,2167874246_1,647,0.003673,0.003189,0.148363
B_impress_1000,2167874246_1,648,0.003673,0.003189,0.148354
B_impress_1000,2167874246_1,649,0.003674,0.003191,0.148345
B_impress_1000,2167874246_1,650,0.003672,0.003189,0.148335
B_impress_1000,2167874246_1,651,0.003672,0.003189,0.148326
B_impress_1000,2167874246_1,652,0.003672,0.003189,0.148317
B_impress_1000,2167874246_1,653,0.003672,0.003189,0.148308
B_impress_1000,2167874246_1,654,0.003672,0.003189,0.148298
B_impress_1000,2167874246_1,655,0.003672,0.003189,0.148289
B_impress_1000,2167874246_1,656,0.003672,0.003189,0.148280
B_impress_1000,2167874246_1,657,0.003672,0.003189,0.148271
B_impress_1000,2167874246_1,658,0.003672,0.003189,0.148262
B_impress_1000,2167874246_1,659,0.003672,0.003189,0.148253
B_impress_1000,2167874246_1,660,0.003672,0.003189,0.148244
B_impress_1000,2167874246_1,661,0.003671,0.003189,0.148235
B_impress_1000,2167874246_1,662,0.003671,0.003189,0.148226
B_impress_1000,2167874246_1,663,0.003669,0.003187,0.148217
B_impress_1000,2167874246_1,664,0.003671,0.003189,0.148208
B_impress_1000,2167874246_1,665,0.003669,0.003187,0.148199
B_impress_1000,2167874246_1,666,0.003671,0.003189,0.148194
B_impress_1000,2167874246_1,667,0.003669,0.003187,0.148190
B_impress_1000,2167874246_1,668,0.003669,0.003187,0.148185
B_impress_1000,2167874246_1,669,0.003669,0.003187,0.148181
B_impress_1000,2167874246_1,670,0.003669,0.003187,0.148176
B_impress_1000,2167874246_1,671,0.003669,0.003187,0.148172
B_impress_1000,2167874246_1,672,0.003669,0.003187,0.148168
B_impress_1000,2167874246_1,673,0.003669,0.003187,0.148163
B_impress_1000,2167874246_1,674,0.003669,0.003187,0.148159
B_impress_1000,2167874246_1,675,0.003669,0.003187,0.148155
B_impress_1000,2167874246_1,676,0.003669,0.003187,0.148151
B_impress_1000,2167874246_1,677,0.003669,0.003187,0.148146
B_impress_1000,2167874246_1,678,0.003669,0.003187,0.148142
B_impress_1000,2167874246_1,679,0.003669,0.003187,0.148138
B_impress_1000,2167874246_1,680,0.003669,0.003187,0.148134
B_impress_1000,2167874246_1,681,0.003667,0.003185,0.148130
B_impress_1000,2167874246_1,682,0.003668,0.003187,0.148126
B_impress_1000,2167874246_1,683,0.003668,0.003187,0.148122
B_impress_1000,2167874246_1,684,0.003668,0.003187,0.148118
B_impress_1000,2167874246_1,685,0.003668,0.003187,0.148114
B_impress_1000,2167874246_1,686,0.003666,0.003185,0.148110
B_impress_1000,2167874246_1,687,0.003666,0.003185,0.148106
B_impress_1000,2167874246_1,688,0.003668,0.003187,0.148102
B_impress_1000,2167874246_1,689,0.003668,0.003187,0.148098
B_impress_1000,2167874246_1,690,0.003666,0.003185,0.148094
B_impress_1000,2167874246_1,691,0.003666,0.003185,0.148090
B_impress_1000,2167874246_1,692,0.003666,0.003185,0.148087
B_impress_1000,2167874246_1,693,0.003666,0.003185,0.148083
B_impress_1000,2167874246_1,694,0.003666,0.003185,0.148079
B_impress_1000,2167874246_1,695,0.003666,0.003185,0.148075
B_impress_1000,2167874246_1,696,0.003666,0.003185,0.148072
B_impress_1000,2167874246_1,697,0.003666,0.003185,0.148068
B_impress_1000,2167874246_1,698,0.003666,0.003185,0.148064
B_impress_1000,2167874246_1,699,0.003666,0.003185,0.148061
B_impress_1000,2167874246_1,700,0.003666,0.003185,0.148057
B_impress_1000,2167874246_1,701,0.003666,0.003185,0.148054
B_impress_1000,2167874246_1,702,0.003666,0.003185,0.148050
B_impress_1000,2167874246_1,703,0.003666,0.003185,0.148047
B_impress_1000,2167874246_1,704,0.003666,0.003185,0.148043
B_impress_1000,2167874246_1,705,0.003666,0.003185,0.148040
B_impress_1000,2167874246_1,706,0.003666,0.003185,0.148037
B_impress_1000,2167874246_1,707,0.003666,0.003185,0.148033
B_impress_1000,2167874246_1,708,0.003666,0.003185,0.148030
B_impress_1000,2167874246_1,709,0.003666,0.003185,0.148027
B_impress_1000,2167874246_1,710,0.003666,0.003185,0.148024
B_impress_1000,2167874246_1,711,0.003665,0.003185,0.148020
B_impress_1000,2167874246_1,712,0.003665,0.003185,0.148017
B_impress_1000,2167874246_1,713,0.003665,0.003185,0.148014
B_impress_1000,2167874246_1,714,0.003663,0.003183,0.148011
B_impress_1000,2167874246_1,715,0.003665,0.003185,0.148008
B_impress_1000,2167874246_1,716,0.003665,0.003185,0.148005
B_impress_1000,2167874246_1,717,0.003665,0.003185,0.148002
B_impress_1000,2167874246_1,718,0.003665,0.003185,0.147999
B_impress_1000,2167874246_1,719,0.003665,0.003185,0.147996
B_impress_1000,2167874246_1,720,0.003665,0.003185,0.147993
B_impress_1000,2167874246_1,721,0.003665,0.003185,0.147990
B_impress_1000,2167874246_1,722,0.003663,0.003183,0.147987
B_impress_1000,2167874246_1,723,0.003665,0.003185,0.147984
B_impress_1000,2167874246_1,724,0.003665,0.003185,0.147981
B_impress_1000,2167874246_1,725,0.003665,0.003185,0.147978
B_impress_1000,2167874246_1,726,0.003665,0.003185,0.147975
B_impress_1000,2167874246_1,727,0.003663,0.003183,0.147972
B_impress_1000,2167874246_1,728,0.003663,0.003183,0.147969
B_impress_1000,2167874246_1,729,0.003663,0.003183,0.147966
B_impress_1000,2167874246_1,730,0.003663,0.003183,0.147963
B_impress_1000,2167874246_1,731,0.003665,0.003185,0.147960
B_impress_1000,2167874246_1,732,0.003663,0.003183,0.147957
B_impress_1000,2167874246_1,733,0.003663,0.003183,0.147955
B_impress_1000,2167874246_1,734,0.003663,0.003183,0.147953
B_impress_1000,2167874246_1,735,0.003663,0.003183,0.147951
B_impress_1000,2167874246_1,736,0.003663,0.003183,0.147949
B_impress_1000,2167874246_1,737,0.003663,0.003183,0.147947
B_impress_1000,2167874246_1,738,0.003663,0.003183,0.147945
B_impress_1000,2167874246_1,739,0.003663,0.003183,0.147943
B_impress_1000,2167874246_1,740,0.003663,0.003183,0.147941
B_impress_1000,2167874246_1,741,0.003663,0.003183,0.147939
B_impress_1000,2167874246_1,742,0.003663,0.003183,0.147937
B_impress_1000,2167874246_1,743,0.003663,0.003183,0.147935
B_impress_1000,2167874246_1,744,0.003661,0.003181,0.147933
B_impress_1000,2167874246_1,745,0.003663,0.003183,0.147931
B_impress_1000,2167874246_1,746,0.003663,0.003183,0.147929
B_impress_1000,2167874246_1,747,0.003663,0.003183,0.147927
B_impress_1000,2167874246_1,748,0.003663,0.003183,0.147925
B_impress_1000,2167874246_1,749,0.003663,0.003183,0.147923
B_impress_1000,2167874246_1,750,0.003663,0.003183,0.147921
B_impress_1000,2167874246_1,751,0.003663,0.003183,0.147920
B_impress_1000,2167874246_1,752,0.003663,0.003183,0.147918
B_impress_1000,2167874246_1,753,0.003663,0.003183,0.147916
B_impress_1000,2167874246_1,754,0.003663,0.003183,0.147914
B_impress_1000,2167874246_1,755,0.003662,0.003183,0.147912
B_impress_1000,2167874246_1,756,0.003662,0.003183,0.147910
B_impress_1000,2167874246_1,757,0.003661,0.003181,0.147909
B_impress_1000,2167874246_1,758,0.003662,0.003183,0.147907
B_impress_1000,2167874246_1,759,0.003661,0.003181,0.147905
B_impress_1000,2167874246_1,760,0.003662,0.003183,0.147903
B_impress_1000,2167874246_1,761,0.003662,0.003183,0.147902
B_impress_1000,2167874246_1,762,0.003662,0.003183,0.147900
B_impress_1000,2167874246_1,763,0.003660,0.003181,0.147898
B_impress_1000,2167874246_1,764,0.003662,0.003183,0.147896
B_impress_1000,2167874246_1,765,0.003662,0.003183,0.147894
B_impress_1000,2167874246_1,766,0.003660,0.003181,0.147893
B_impress_1000,2167874246_1,767,0.003660,0.003181,0.147891
B_impress_1000,2167874246_1,768,0.003660,0.003181,0.147889
B_impress_1000,2167874246_1,769,0.003660,0.003181,0.147887
B_impress_1000,2167874246_1,770,0.003660,0.003181,0.147885
B_impress_1000,2167874246_1,771,0.003662,0.003183,0.147884
B_impress_1000,2167874246_1,772,0.003662,0.003183,0.147884
B_impress_1000,2167874246_1,773,0.003662,0.003183,0.147883
B_impress_1000,2167874246_1,774,0.003660,0.003181,0.147882
B_impress_1000,2167874246_1,775,0.003660,0.003181,0.147881
B_impress_1000,2167874246_1,776,0.003660,0.003181,0.147880
B_impress_1000,2167874246_1,777,0.003660,0.003181,0.147879
B_impress_1000,2167874246_1,778,0.003660,0.003181,0.147879
B_impress_1000,2167874246_1,779,0.003660,0.003181,0.147878
B_impress_1000,2167874246_1,780,0.003660,0.003181,0.147877
B_impress_1000,2167874246_1,781,0.003660,0.003181,0.147876
B_impress_1000,2167874246_1,782,0.003660,0.003181,0.147875
B_impress_1000,2167874246_1,783,0.003660,0.003181,0.147874
B_impress_1000,2167874246_1,784,0.003660,0.003181,0.147874
B_impress_1000,2167874246_1,785,0.003660,0.003181,0.147873
B_impress_1000,2167874246_1,786,0.003660,0.003181,0.147872
B_impress_1000,2167874246_1,787,0.003660,0.003181,0.147871
B_impress_1000,2167874246_1,788,0.003660,0.003181,0.147870
B_impress_1000,2167874246_1,789,0.003660,0.003181,0.147870
B_impress_1000,2167874246_1,790,0.003660,0.003181,0.147869
B_impress_1000,2167874246_1,791,0.003660,0.003181,0.147868
B_impress_1000,2167874246_1,792,0.003660,0.003181,0.147867
B_impress_1000,2167874246_1,793,0.003662,0.003183,0.147867
B_impress_1000,2167874246_1,794,0.003660,0.003181,0.147866
B_impress_1000,2167874246_1,795,0.003660,0.003181,0.147865
B_impress_1000,2167874246_1,796,0.003660,0.003181,0.147864
B_impress_1000,2167874246_1,797,0.003662,0.003183,0.147864
B_impress_1000,2167874246_1,798,0.003660,0.003181,0.147863
B_impress_1000,2167874246_1,799,0.003660,0.003181,0.147862
B_impress_1000,2167874246_1,800,0.003662,0.003183,0.147862
B_impress_1000,2167874246_1,801,0.003660,0.003181,0.147861
B_impress_1000,2167874246_1,802,0.003662,0.003183,0.147860
B_impress_1000,2167874246_1,803,0.003660,0.003181,0.147860
B_impress_1000,2167874246_1,804,0.003660,0.003181,0.147859
B_impress_1000,2167874246_1,805,0.003662,0.003183,0.147858
B_impress_1000,2167874246_1,806,0.003662,0.003183,0.147858
B_impress_1000,2167874246_1,807,0.003660,0.003181,0.147857
B_impress_1000,2167874246_1,808,0.003660,0.003181,0.147857
B_impress_1000,2167874246_1,809,0.003662,0.003183,0.147856
B_impress_1000,2167874246_1,810,0.003662,0.003183,0.147855
B_impress_1000,2167874246_1,811,0.003660,0.003181,0.147855
B_impress_1000,2167874246_1,812,0.003660,0.003181,0.147854
B_impress_1000,2167874246_1,813,0.003660,0.003181,0.147854
B_impress_1000,2167874246_1,814,0.003660,0.003181,0.147853
B_impress_1000,2167874246_1,815,0.003662,0.003183,0.147852
B_impress_1000,2167874246_1,816,0.003662,0.003183,0.147852
B_impress_1000,2167874246_1,817,0.003660,0.003181,0.147852
B_impress_1000,2167874246_1,818,0.003660,0.003181,0.147851
B_impress_1000,2167874246_1,819,0.003660,0.003181,0.147851
B_impress_1000,2167874246_1,820,0.003662,0.003183,0.147850
B_impress_1000,2167874246_1,821,0.003662,0.003183,0.147850
B_impress_1000,2167874246_1,822,0.003662,0.003183,0.147850
B_impress_1000,2167874246_1,823,0.003660,0.003181,0.147849
B_impress_1000,2167874246_1,824,0.003662,0.003183,0.147849
B_impress_1000,2167874246_1,825,0.003660,0.003181,0.147848
B_impress_1000,2167874246_1,826,0.003660,0.003181,0.147848
B_impress_1000,2167874246_1,827,0.003660,0.003181,0.147848
B_impress_1000,2167874246_1,828,0.003660,0.003181,0.147847
B_impress_1000,2167874246_1,829,0.003662,0.003183,0.147847
B_impress_1000,2167874246_1,830,0.003660,0.003181,0.147847
B_impress_1000,2167874246_1,831,0.003660,0.003181,0.147846
B_impress_1000,2167874246_1,832,0.003660,0.003181,0.147846
B_impress_1000,2167874246_1,833,0.003660,0.003181,0.147845
B_impress_1000,2167874246_1,834,0.003660,0.003181,0.147845
B_impress_1000,2167874246_1,835,0.003660,0.003181,0.147845
B_impress_1000,2167874246_1,836,0.003662,0.003183,0.147844
B_impress_1000,2167874246_1,837,0.003662,0.003183,0.147844
B_impress_1000,2167874246_1,838,0.003662,0.003183,0.147844
B_impress_1000,2167874246_1,839,0.003662,0.003183,0.147843
B_impress_1000,2167874246_1,840,0.003660,0.003181,0.147843
B_impress_1000,2167874246_1,841,0.003660,0.003181,0.147843
B_impress_1000,2167874246_1,842,0.003660,0.003181,0.147842
B_impress_1000,2167874246_1,843,0.003660,0.003181,0.147842
B_impress_1000,2167874246_1,844,0.003660,0.003181,0.147842
B_impress_1000,2167874246_1,845,0.003660,0.003181,0.147842
B_impress_1000,2167874246_1,846,0.003662,0.003183,0.147842
B_impress_1000,2167874246_1,847,0.003660,0.003181,0.147841
B_impress_1000,2167874246_1,848,0.003660,0.003181,0.147841
B_impress_1000,2167874246_1,849,0.003660,0.003181,0.147841
B_impress_1000,2167874246_1,850,0.003662,0.003183,0.147841
B_impress_1000,2167874246_1,851,0.003662,0.003183,0.147841
B_impress_1000,2167874246_1,852,0.003662,0.003183,0.147841
B_impress_1000,2167874246_1,853,0.003660,0.003181,0.147840
B_impress_1000,2167874246_1,854,0.003662,0.003183,0.147840
B_impress_1000,2167874246_1,855,0.003662,0.003183,0.147840
B_impress_1000,2167874246_1,856,0.003660,0.003181,0.147840
B_impress_1000,2167874246_1,857,0.003662,0.003183,0.147840
B_impress_1000,2167874246_1,858,0.003660,0.003181,0.147840
B_impress_1000,2167874246_1,859,0.003660,0.003181,0.147839
B_impress_1000,2167874246_1,860,0.003662,0.003183,0.147839
B_impress_1000,2167874246_1,861,0.003660,0.003181,0.147839
B_impress_1000,2167874246_1,862,0.003660,0.003181,0.147839
B_impress_1000,2167874246_1,863,0.003660,0.003181,0.147839
B_impress_1000,2167874246_1,864,0.003660,0.003181,0.147839
B_impress_1000,2167874246_1,865,0.003660,0.003181,0.147839
B_impress_1000,2167874246_1,866,0.003660,0.003181,0.147838
B_impress_1000,2167874246_1,867,0.003660,0.003181,0.147838
B_impress_1000,2167874246_1,868,0.003660,0.003181,0.147838
B_impress_1000,2167874246_1,869,0.003660,0.003181,0.147838
B_impress_1000,2167874246_1,870,0.003662,0.003183,0.147838
B_impress_1000,2167874246_1,871,0.003660,0.003181,0.147838
B_impress_1000,2167874246_1,872,0.003660,0.003181,0.147838
B_impress_1000,2167874246_1,873,0.003660,0.003181,0.147838
B_impress_1000,2167874246_1,874,0.003660,0.003181,0.147837
B_impress_1000,2167874246_1,875,0.003660,0.003181,0.147837
B_impress_1000,2167874246_1,876,0.003660,0.003181,0.147837
B_impress_1000,2167874246_1,877,0.003660,0.003181,0.147837
B_impress_1000,2167874246_1,878,0.003662,0.003183,0.147837
B_impress_1000,2167874246_1,879,0.003660,0.003181,0.147837
B_impress_1000,2167874246_1,880,0.003662,0.003183,0.147837
B_impress_1000,2167874246_1,881,0.003660,0.003181,0.147837
B_impress_1000,2167874246_1,882,0.003660,0.003181,0.147837
B_impress_1000,2167874246_1,883,0.003660,0.003181,0.147837
B_impress_1000,2167874246_1,884,0.003660,0.003181,0.147837
B_impress_1000,2167874246_1,885,0.003660,0.003181,0.147836
B_impress_1000,2167874246_1,886,0.003662,0.003183,0.147836
B_impress_1000,2167874246_1,887,0.003662,0.003183,0.147836
B_impress_1000,2167874246_1,888,0.003660,0.003181,0.147836
B_impress_1000,2167874246_1,889,0.003660,0.003181,0.147836
B_impress_1000,2167874246_1,890,0.003660,0.003181,0.147836
B_impress_1000,2167874246_1,891,0.003660,0.003181,0.147836
B_impress_1000,2167874246_1,892,0.003660,0.003181,0.147836
B_impress_1000,2167874246_1,893,0.003660,0.003181,0.147836
B_impress_1000,2167874246_1,894,0.003662,0.003183,0.147836
B_impress_1000,2167874246_1,895,0.003660,0.003181,0.147836
B_impress_1000,2167874246_1,896,0.003662,0.003183,0.147836
B_impress_1000,2167874246_1,897,0.003660,0.003181,0.147836
B_impress_1000,2167874246_1,898,0.003660,0.003181,0.147836
B_impress_1000,2167874246_1,899,0.003660,0.003181,0.147836
B_impress_1000,2167874246_1,900,0.003662,0.003183,0.147836
B_impress_1000,2167874246_1,901,0.003660,0.003181,0.147836
B_impress_1000,2167874246_1,902,0.003660,0.003181,0.147836
B_impress_1000,2167874246_1,903,0.003660,0.003181,0.147835
B_impress_1000,2167874246_1,904,0.003662,0.003183,0.147835
B_impress_1000,2167874246_1,905,0.003662,0.003183,0.147835
B_impress_1000,2167874246_1,906,0.003660,0.003181,0.147835
B_impress_1000,2167874246_1,907,0.003660,0.003181,0.147835
B_impress_1000,2167874246_1,908,0.003660,0.003181,0.147835
B_impress_1000,2167874246_1,909,0.003660,0.003181,0.147835
B_impress_1000,2167874246_1,910,0.003662,0.003183,0.147835
B_impress_1000,2167874246_1,911,0.003662,0.003183,0.147835
B_impress_1000,2167874246_1,912,0.003660,0.003181,0.147835
B_impress_1000,2167874246_1,913,0.003662,0.003183,0.147835
B_impress_1000,2167874246_1,914,0.003660,0.003181,0.147835
B_impress_1000,2167874246_1,915,0.003660,0.003181,0.147835
B_impress_1000,2167874246_1,916,0.003662,0.003183,0.147835
B_impress_1000,2167874246_1,917,0.003660,0.003181,0.147835
B_impress_1000,2167874246_1,918,0.003660,0.003181,0.147835
B_impress_1000,2167874246_1,919,0.003660,0.003181,0.147835
B_impress_1000,2167874246_1,920,0.003660,0.003181,0.147835
B_impress_1000,2167874246_1,921,0.003660,0.003181,0.147835
B_impress_1000,2167874246_1,922,0.003660,0.003181,0.147835
B_impress_1000,2167874246_1,923,0.003660,0.003181,0.147835
B_impress_1000,2167874246_1,924,0.003660,0.003181,0.147835
B_impress_1000,2167874246_1,925,0.003662,0.003183,0.147835
B_impress_1000,2167874246_1,926,0.003662,0.003183,0.147835
B_impress_1000,2167874246_1,927,0.003660,0.003181,0.147835
B_impress_1000,2167874246_1,928,0.003662,0.003183,0.147835
B_impress_1000,2167874246_1,929,0.003660,0.003181,0.147835
B_impress_1000,2167874246_1,930,0.003660,0.003181,0.147835
B_impress_1000,2167874246_1,931,0.003660,0.003181,0.147835
B_impress_1000,2167874246_1,932,0.003660,0.003181,0.147835
B_impress_1000,2167874246_1,933,0.003660,0.003181,0.147835
B_impress_1000,2167874246_1,934,0.003662,0.003183,0.147835
B_impress_1000,2167874246_1,935,0.003660,0.003181,0.147835
B_impress_1000,2167874246_1,936,0.003662,0.003183,0.147835
B_impress_1000,2167874246_1,937,0.003662,0.003183,0.147835
B_impress_1000,2167874246_1,938,0.003660,0.003181,0.147835
B_impress_1000,2167874246_1,939,0.003662,0.003183,0.147835
B_impress_1000,2167874246_1,940,0.003660,0.003181,0.147835
B_impress_1000,2167874246_1,941,0.003660,0.003181,0.147835
B_impress_1000,2167874246_1,942,0.003662,0.003183,0.147835
B_impress_1000,2167874246_1,943,0.003662,0.003183,0.147835
B_impress_1000,2167874246_1,944,0.003662,0.003183,0.147835
B_impress_1000,2167874246_1,945,0.003662,0.003183,0.147835
B_impress_1000,2167874246_1,946,0.003662,0.003183,0.147835
B_impress_1000,2167874246_1,947,0.003660,0.003181,0.147835
B_impress_1000,2167874246_1,948,0.003662,0.003183,0.147835
B_impress_1000,2167874246_1,949,0.003662,0.003183,0.147835
B_impress_1000,2167874246_1,950,0.003660,0.003181,0.147835
B_impress_1000,2167874246_1,951,0.003660,0.003181,0.147835
B_impress_1000,2167874246_1,952,0.003660,0.003181,0.147835
B_impress_1000,2167874246_1,953,0.003660,0.003181,0.147835
B_impress_1000,2167874246_1,954,0.003660,0.003181,0.147835
B_impress_1000,2167874246_1,955,0.003660,0.003181,0.147835
B_impress_1000,2167874246_1,956,0.003660,0.003181,0.147835
B_impress_1000,2167874246_1,957,0.003660,0.003181,0.147835
B_impress_1000,2167874246_1,958,0.003660,0.003181,0.147835
B_impress_1000,2167874246_1,959,0.003660,0.003181,0.147835
B_impress_1000,2167874246_1,960,0.003662,0.003183,0.147835
B_impress_1000,2167874246_1,961,0.003660,0.003181,0.147835
B_impress_1000,2167874246_1,962,0.003660,0.003181,0.147835
B_impress_1000,2167874246_1,963,0.003662,0.003183,0.147835
B_impress_1000,2167874246_1,964,0.003660,0.003181,0.147835
B_impress_1000,2167874246_1,965,0.003660,0.003181,0.147835
B_impress_1000,2167874246_1,966,0.003660,0.003181,0.147835
B_impress_1000,2167874246_1,967,0.003660,0.003181,0.147835
B_impress_1000,2167874246_1,968,0.003660,0.003181,0.147835
B_impress_1000,2167874246_1,969,0.003660,0.003181,0.147835
B_impress_1000,2167874246_1,970,0.003660,0.003181,0.147835
B_impress_1000,2167874246_1,971,0.003660,0.003181,0.147835
B_impress_1000,2167874246_1,972,0.003660,0.003181,0.147835
B_impress_1000,2167874246_1,973,0.003662,0.003183,0.147835
B_impress_1000,2167874246_1,974,0.003660,0.003181,0.147835
B_impress_1000,2167874246_1,975,0.003660,0.003181,0.147835
B_impress_1000,2167874246_1,976,0.003660,0.003181,0.147835
B_impress_1000,2167874246_1,977,0.003660,0.003181,0.147835
B_impress_1000,2167874246_1,978,0.003660,0.003181,0.147835
B_impress_1000,2167874246_1,979,0.003660,0.003181,0.147835
B_impress_1000,2167874246_1,980,0.003660,0.003181,0.147835
B_impress_1000,2167874246_1,981,0.003660,0.003181,0.147835
B_impress_1000,2167874246_1,982,0.003660,0.003181,0.147835
B_impress_1000,2167874246_1,983,0.003662,0.003183,0.147835
B_impress_1000,2167874246_1,984,0.003660,0.003181,0.147835
B_impress_1000,2167874246_1,985,0.003660,0.003181,0.147835
B_impress_1000,2167874246_1,986,0.003660,0.003181,0.147835
B_impress_1000,2167874246_1,987,0.003660,0.003181,0.147835
B_impress_1000,2167874246_1,988,0.003660,0.003181,0.147835
B_impress_1000,2167874246_1,989,0.003662,0.003183,0.147835
B_impress_1000,2167874246_1,990,0.003660,0.003181,0.147835
B_impress_1000,2167874246_1,991,0.003660,0.003181,0.147835
B_impress_1000,2167874246_1,992,0.003660,0.003181,0.147835
B_impress_1000,2167874246_1,993,0.003660,0.003181,0.147835
B_impress_1000,2167874246_1,994,0.003660,0.003181,0.147835
B_impress_1000,2167874246_1,995,0.003660,0.003181,0.147835
B_impress_1000,2167874246_1,996,0.003660,0.003181,0.147835
B_impress_1000,2167874246_1,997,0.003660,0.003181,0.147835
B_impress_1000,2167874246_1,998,0.003660,0.003181,0.147835
B_impress_1000,2167874246_1,999,0.003660,0.003181,0.147835
B_impress_1000,2167874246_1,1000,0.003662,0.003183,0.147835
B_impress_1000,221629697_1,1,0.010686,0.009796,0.189030
B_impress_1000,221629697_1,2,0.010092,0.009354,0.173872
B_impress_1000,221629697_1,3,0.009982,0.009331,0.165097
B_impress_1000,221629697_1,4,0.009890,0.009300,0.159013
B_impress_1000,221629697_1,5,0.009822,0.009285,0.153704
B_impress_1000,221629697_1,6,0.009756,0.009262,0.149421
B_impress_1000,221629697_1,7,0.009695,0.009239,0.145620
B_impress_1000,221629697_1,8,0.009645,0.009216,0.142847
B_impress_1000,221629697_1,9,0.009612,0.009209,0.140311
B_impress_1000,221629697_1,10,0.009582,0.009201,0.138109
B_impress_1000,221629697_1,11,0.009539,0.009178,0.136080
B_impress_1000,221629697_1,12,0.009505,0.009163,0.134161
B_impress_1000,221629697_1,13,0.009471,0.009148,0.132372
B_impress_1000,221629697_1,14,0.009443,0.009132,0.131028
B_impress_1000,221629697_1,15,0.009399,0.009102,0.129743
B_impress_1000,221629697_1,16,0.009379,0.009094,0.128516
B_impress_1000,221629697_1,17,0.009345,0.009071,0.127356
B_impress_1000,221629697_1,18,0.009311,0.009048,0.126242
B_impress_1000,221629697_1,19,0.009277,0.009026,0.125184
B_impress_1000,221629697_1,20,0.009253,0.009010,0.124251
B_impress_1000,221629697_1,21,0.009229,0.008995,0.123344
B_impress_1000,221629697_1,22,0.009204,0.008980,0.122456
B_impress_1000,221629697_1,23,0.009181,0.008965,0.121599
B_impress_1000,221629697_1,24,0.009149,0.008942,0.120776
B_impress_1000,221629697_1,25,0.009134,0.008934,0.119979
B_impress_1000,221629697_1,26,0.009103,0.008911,0.119194
B_impress_1000,221629697_1,27,0.009088,0.008904,0.118428
B_impress_1000,221629697_1,28,0.009057,0.008881,0.117686
B_impress_1000,221629697_1,29,0.009035,0.008865,0.116970
B_impress_1000,221629697_1,30,0.009020,0.008858,0.116274
B_impress_1000,221629697_1,31,0.008998,0.008842,0.115597
B_impress_1000,221629697_1,32,0.008977,0.008827,0.114941
B_impress_1000,221629697_1,33,0.008955,0.008812,0.114304
B_impress_1000,221629697_1,34,0.008926,0.008789,0.113681
B_impress_1000,221629697_1,35,0.008904,0.008774,0.113065
B_impress_1000,221629697_1,36,0.008893,0.008766,0.112668
B_impress_1000,221629697_1,37,0.008881,0.008759,0.112281
B_impress_1000,221629697_1,38,0.008862,0.008743,0.111901
B_impress_1000,221629697_1,39,0.008851,0.008736,0.111530
B_impress_1000,221629697_1,40,0.008832,0.008720,0.111164
B_impress_1000,221629697_1,41,0.008821,0.008713,0.110807
B_impress_1000,221629697_1,42,0.008810,0.008705,0.110459
B_impress_1000,221629697_1,43,0.008791,0.008690,0.110120
B_impress_1000,221629697_1,44,0.008780,0.008682,0.109787
B_impress_1000,221629697_1,45,0.008762,0.008667,0.109461
B_impress_1000,221629697_1,46,0.008751,0.008659,0.109142
B_impress_1000,221629697_1,47,0.008740,0.008652,0.108831
B_impress_1000,221629697_1,48,0.008722,0.008636,0.108526
B_impress_1000,221629697_1,49,0.008703,0.008621,0.108227
B_impress_1000,221629697_1,50,0.008693,0.008614,0.107935
B_impress_1000,221629697_1,51,0.008682,0.008606,0.107649
B_impress_1000,221629697_1,52,0.008664,0.008591,0.107368
B_impress_1000,221629697_1,53,0.008646,0.008575,0.107092
B_impress_1000,221629697_1,54,0.008636,0.008568,0.106822
B_impress_1000,221629697_1,55,0.008626,0.008560,0.106556
B_impress_1000,221629697_1,56,0.008615,0.008553,0.106295
B_impress_1000,221629697_1,57,0.008605,0.008545,0.106038
B_impress_1000,221629697_1,58,0.008588,0.008530,0.105785
B_impress_1000,221629697_1,59,0.008570,0.008514,0.105537
B_impress_1000,221629697_1,60,0.008560,0.008507,0.105293
B_impress_1000,221629697_1,61,0.008542,0.008492,0.105055
B_impress_1000,221629697_1,62,0.008532,0.008484,0.104821
B_impress_1000,221629697_1,63,0.008515,0.008469,0.104593
B_impress_1000,221629697_1,64,0.008505,0.008461,0.104368
B_impress_1000,221629697_1,65,0.008487,0.008446,0.104149
B_impress_1000,221629697_1,66,0.008477,0.008438,0.103932
B_impress_1000,221629697_1,67,0.008452,0.008415,0.103720
B_impress_1000,221629697_1,68,0.008443,0.008408,0.103511
B_impress_1000,221629697_1,69,0.008425,0.008392,0.103305
B_impress_1000,221629697_1,70,0.008416,0.008385,0.103103
B_impress_1000,221629697_1,71,0.008406,0.008377,0.102903
B_impress_1000,221629697_1,72,0.008389,0.008362,0.102707
B_impress_1000,221629697_1,73,0.008379,0.008354,0.102513
B_impress_1000,221629697_1,74,0.008370,0.008347,0.102321
B_impress_1000,221629697_1,75,0.008353,0.008331,0.102133
B_impress_1000,221629697_1,76,0.008336,0.008316,0.101948
B_impress_1000,221629697_1,77,0.008326,0.008308,0.101765
B_impress_1000,221629697_1,78,0.008309,0.008293,0.101585
B_impress_1000,221629697_1,79,0.008300,0.008286,0.101408
B_impress_1000,221629697_1,80,0.008283,0.008270,0.101233
B_impress_1000,221629697_1,81,0.008273,0.008263,0.101061
B_impress_1000,221629697_1,82,0.008264,0.008255,0.100891
B_impress_1000,221629697_1,83,0.008239,0.008232,0.100724
B_impress_1000,221629697_1,84,0.008230,0.008224,0.100558
B_impress_1000,221629697_1,85,0.008228,0.008224,0.100395
B_impress_1000,221629697_1,86,0.008204,0.008202,0.100235
B_impress_1000,221629697_1,87,0.008187,0.008186,0.100076
B_impress_1000,221629697_1,88,0.008179,0.008179,0.099920
B_impress_1000,221629697_1,89,0.008171,0.008171,0.099777
B_impress_1000,221629697_1,90,0.008156,0.008156,0.099675
B_impress_1000,221629697_1,91,0.008148,0.008148,0.099578
B_impress_1000,221629697_1,92,0.008141,0.008141,0.099494
B_impress_1000,221629697_1,93,0.008133,0.008133,0.099413
B_impress_1000,221629697_1,94,0.008125,0.008125,0.099337
B_impress_1000,221629697_1,95,0.008118,0.008118,0.099263
B_impress_1000,221629697_1,96,0.008102,0.008102,0.099192
B_impress_1000,221629697_1,97,0.008102,0.008102,0.099122
B_impress_1000,221629697_1,98,0.008087,0.008087,0.099053
B_impress_1000,221629697_1,99,0.008080,0.008080,0.098986
B_impress_1000,221629697_1,100,0.008064,0.008064,0.098921
B_impress_1000,221629697_1,101,0.008049,0.008049,0.098857
B_impress_1000,221629697_1,102,0.008041,0.008041,0.098794
B_impress_1000,221629697_1,103,0.008026,0.008026,0.098732
B_impress_1000,221629697_1,104,0.008018,0.008018,0.098672
B_impress_1000,221629697_1,105,0.008011,0.008011,0.098614
B_impress_1000,221629697_1,106,0.008011,0.008011,0.098557
B_impress_1000,221629697_1,107,0.007996,0.007996,0.098501
B_impress_1000,221629697_1,108,0.007988,0.007988,0.098447
B_impress_1000,221629697_1,109,0.007973,0.007973,0.098394
B_impress_1000,221629697_1,110,0.007965,0.007965,0.098342
B_impress_1000,221629697_1,111,0.007957,0.007957,0.098292
B_impress_1000,221629697_1,112,0.007942,0.007942,0.098242
B_impress_1000,221629697_1,113,0.007935,0.007935,0.098194
B_impress_1000,221629697_1,114,0.007927,0.007927,0.098148
B_impress_1000,221629697_1,115,0.007912,0.007912,0.098102
B_impress_1000,221629697_1,116,0.007904,0.007904,0.098058
B_impress_1000,221629697_1,117,0.007896,0.007896,0.098015
B_impress_1000,221629697_1,118,0.007881,0.007881,0.097973
B_impress_1000,221629697_1,119,0.007874,0.007874,0.097932
B_impress_1000,221629697_1,120,0.007866,0.007866,0.097893
B_impress_1000,221629697_1,121,0.007858,0.007858,0.097855
B_impress_1000,221629697_1,122,0.007843,0.007843,0.097818
B_impress_1000,221629697_1,123,0.007835,0.007835,0.097782
B_impress_1000,221629697_1,124,0.007820,0.007820,0.097747
B_impress_1000,221629697_1,125,0.007820,0.007820,0.097713
B_impress_1000,221629697_1,126,0.007809,0.007809,0.097680
B_impress_1000,221629697_1,127,0.007797,0.007797,0.097648
B_impress_1000,221629697_1,128,0.007786,0.007786,0.097617
B_impress_1000,221629697_1,129,0.007774,0.007774,0.097587
B_impress_1000,221629697_1,130,0.007767,0.007767,0.097558
B_impress_1000,221629697_1,131,0.007759,0.007759,0.097530
B_impress_1000,221629697_1,132,0.007755,0.007755,0.097503
B_impress_1000,221629697_1,133,0.007740,0.007740,0.097477
B_impress_1000,221629697_1,134,0.007732,0.007732,0.097452
B_impress_1000,221629697_1,135,0.007725,0.007725,0.097429
B_impress_1000,221629697_1,136,0.007717,0.007717,0.097406
B_impress_1000,221629697_1,137,0.007710,0.007710,0.097384
B_impress_1000,221629697_1,138,0.007698,0.007698,0.097363
B_impress_1000,221629697_1,139,0.007687,0.007687,0.097343
B_impress_1000,221629697_1,140,0.007679,0.007679,0.097324
B_impress_1000,221629697_1,141,0.007668,0.007668,0.097306
B_impress_1000,221629697_1,142,0.007656,0.007656,0.097289
B_impress_1000,221629697_1,143,0.007648,0.007648,0.097272
B_impress_1000,221629697_1,144,0.007641,0.007641,0.097257
B_impress_1000,221629697_1,145,0.007633,0.007633,0.097243
B_impress_1000,221629697_1,146,0.007622,0.007622,0.097229
B_impress_1000,221629697_1,147,0.007614,0.007614,0.097216
B_impress_1000,221629697_1,148,0.007607,0.007607,0.097205
B_impress_1000,221629697_1,149,0.007599,0.007599,0.097194
B_impress_1000,221629697_1,150,0.007591,0.007591,0.097184
B_impress_1000,221629697_1,151,0.007580,0.007580,0.097174
B_impress_1000,221629697_1,152,0.007568,0.007568,0.097166
B_impress_1000,221629697_1,153,0.007561,0.007561,0.097159
B_impress_1000,221629697_1,154,0.007553,0.007553,0.097152
B_impress_1000,221629697_1,155,0.007545,0.007545,0.097146
B_impress_1000,221629697_1,156,0.007534,0.007534,0.097140
B_impress_1000,221629697_1,157,0.007526,0.007526,0.097136
B_impress_1000,221629697_1,158,0.007515,0.007515,0.097132
B_impress_1000,221629697_1,159,0.007511,0.007511,0.097129
B_impress_1000,221629697_1,160,0.007500,0.007500,0.097127
B_impress_1000,221629697_1,161,0.007492,0.007492,0.097125
B_impress_1000,221629697_1,162,0.007481,0.007481,0.097124
B_impress_1000,221629697_1,163,0.007477,0.007477,0.097124
B_impress_1000,221629697_1,164,0.007469,0.007469,0.097124
B_impress_1000,221629697_1,165,0.007458,0.007458,0.097125
B_impress_1000,221629697_1,166,0.007450,0.007450,0.097126
B_impress_1000,221629697_1,167,0.007442,0.007442,0.097129
B_impress_1000,221629697_1,168,0.007435,0.007435,0.097132
B_impress_1000,221629697_1,169,0.007427,0.007427,0.097135
B_impress_1000,221629697_1,170,0.007420,0.007420,0.097139
B_impress_1000,221629697_1,171,0.007408,0.007408,0.097144
B_impress_1000,221629697_1,172,0.007397,0.007397,0.097149
B_impress_1000,221629697_1,173,0.007393,0.007393,0.097154
B_impress_1000,221629697_1,174,0.007385,0.007385,0.097160
B_impress_1000,221629697_1,175,0.007385,0.007385,0.097167
B_impress_1000,221629697_1,176,0.007370,0.007370,0.097174
B_impress_1000,221629697_1,177,0.007366,0.007366,0.097182
B_impress_1000,221629697_1,178,0.007351,0.007351,0.097190
B_impress_1000,221629697_1,179,0.007347,0.007347,0.097199
B_impress_1000,221629697_1,180,0.007336,0.007336,0.097209
B_impress_1000,221629697_1,181,0.007332,0.007332,0.097218
B_impress_1000,221629697_1,182,0.007328,0.007328,0.097229
B_impress_1000,221629697_1,183,0.007320,0.007320,0.097239
B_impress_1000,221629697_1,184,0.007317,0.007317,0.097250
B_impress_1000,221629697_1,185,0.007301,0.007301,0.097261
B_impress_1000,221629697_1,186,0.007294,0.007294,0.097273
B_impress_1000,221629697_1,187,0.007294,0.007294,0.097286
B_impress_1000,221629697_1,188,0.007278,0.007278,0.097298
B_impress_1000,221629697_1,189,0.007275,0.007275,0.097311
B_impress_1000,221629697_1,190,0.007267,0.007267,0.097325
B_impress_1000,221629697_1,191,0.007259,0.007259,0.097338
B_impress_1000,221629697_1,192,0.007252,0.007252,0.097353
B_impress_1000,221629697_1,193,0.007248,0.007248,0.097368
B_impress_1000,221629697_1,194,0.007236,0.007236,0.097383
B_impress_1000,221629697_1,195,0.007236,0.007236,0.097399
B_impress_1000,221629697_1,196,0.007225,0.007225,0.097415
B_impress_1000,221629697_1,197,0.007214,0.007214,0.097431
B_impress_1000,221629697_1,198,0.007206,0.007206,0.097448
B_impress_1000,221629697_1,199,0.007206,0.007206,0.097466
B_impress_1000,221629697_1,200,0.007195,0.007195,0.097483
B_impress_1000,221629697_1,201,0.007183,0.007183,0.097501
B_impress_1000,221629697_1,202,0.007179,0.007179,0.097519
B_impress_1000,221629697_1,203,0.007168,0.007168,0.097538
B_impress_1000,221629697_1,204,0.007164,0.007164,0.097557
B_impress_1000,221629697_1,205,0.007160,0.007160,0.097576
B_impress_1000,221629697_1,206,0.007156,0.007156,0.097596
B_impress_1000,221629697_1,207,0.007145,0.007145,0.097616
B_impress_1000,221629697_1,208,0.007141,0.007141,0.097636
B_impress_1000,221629697_1,209,0.007130,0.007130,0.097657
B_impress_1000,221629697_1,210,0.007122,0.007122,0.097678
B_impress_1000,221629697_1,211,0.007114,0.007114,0.097699
B_impress_1000,221629697_1,212,0.007111,0.007111,0.097720
B_impress_1000,221629697_1,213,0.007103,0.007103,0.097742
B_impress_1000,221629697_1,214,0.007095,0.007095,0.097764
B_impress_1000,221629697_1,215,0.007088,0.007088,0.097787
B_impress_1000,221629697_1,216,0.007084,0.007084,0.097810
B_impress_1000,221629697_1,217,0.007076,0.007076,0.097833
B_impress_1000,221629697_1,218,0.007069,0.007069,0.097857
B_impress_1000,221629697_1,219,0.007065,0.007065,0.097882
B_impress_1000,221629697_1,220,0.007061,0.007061,0.097906
B_impress_1000,221629697_1,221,0.007053,0.007053,0.097931
B_impress_1000,221629697_1,222,0.007046,0.007046,0.097956
B_impress_1000,221629697_1,223,0.007038,0.007038,0.097982
B_impress_1000,221629697_1,224,0.007034,0.007034,0.098007
B_impress_1000,221629697_1,225,0.007027,0.007027,0.098033
B_impress_1000,221629697_1,226,0.007019,0.007019,0.098059
B_impress_1000,221629697_1,227,0.007015,0.007015,0.098086
B_impress_1000,221629697_1,228,0.007008,0.007008,0.098112
B_impress_1000,221629697_1,229,0.007004,0.007004,0.098139
B_impress_1000,221629697_1,230,0.006996,0.006996,0.098166
B_impress_1000,221629697_1,231,0.006992,0.006992,0.098194
B_impress_1000,221629697_1,232,0.006985,0.006985,0.098222
B_impress_1000,221629697_1,233,0.006977,0.006977,0.098250
B_impress_1000,221629697_1,234,0.006969,0.006969,0.098279
B_impress_1000,221629697_1,235,0.006962,0.006962,0.098308
B_impress_1000,221629697_1,236,0.006962,0.006962,0.098337
B_impress_1000,221629697_1,237,0.006954,0.006954,0.098367
B_impress_1000,221629697_1,238,0.006947,0.006947,0.098398
B_impress_1000,221629697_1,239,0.006939,0.006939,0.098428
B_impress_1000,221629697_1,240,0.006935,0.006935,0.098459
B_impress_1000,221629697_1,241,0.006927,0.006927,0.098490
B_impress_1000,221629697_1,242,0.006920,0.006920,0.098521
B_impress_1000,221629697_1,243,0.006916,0.006916,0.098553
B_impress_1000,221629697_1,244,0.006908,0.006908,0.098585
B_impress_1000,221629697_1,245,0.006905,0.006905,0.098617
B_impress_1000,221629697_1,246,0.006897,0.006897,0.098649
B_impress_1000,221629697_1,247,0.006893,0.006893,0.098682
B_impress_1000,221629697_1,248,0.006886,0.006886,0.098714
B_impress_1000,221629697_1,249,0.006886,0.006886,0.098747
B_impress_1000,221629697_1,250,0.006878,0.006878,0.098781
B_impress_1000,221629697_1,251,0.006874,0.006874,0.098815
B_impress_1000,221629697_1,252,0.006866,0.006866,0.098848
B_impress_1000,221629697_1,253,0.006863,0.006863,0.098882
B_impress_1000,221629697_1,254,0.006855,0.006855,0.098916
B_impress_1000,221629697_1,255,0.006855,0.006855,0.098950
B_impress_1000,221629697_1,256,0.006847,0.006847,0.098985
B_impress_1000,221629697_1,257,0.006840,0.006840,0.099020
B_impress_1000,221629697_1,258,0.006840,0.006840,0.099055
B_impress_1000,221629697_1,259,0.006836,0.006836,0.099090
B_impress_1000,221629697_1,260,0.006824,0.006824,0.099125
B_impress_1000,221629697_1,261,0.006824,0.006824,0.099161
B_impress_1000,221629697_1,262,0.006817,0.006817,0.099196
B_impress_1000,221629697_1,263,0.006817,0.006817,0.099232
B_impress_1000,221629697_1,264,0.006809,0.006809,0.099268
B_impress_1000,221629697_1,265,0.006802,0.006802,0.099305
B_impress_1000,221629697_1,266,0.006798,0.006798,0.099341
B_impress_1000,221629697_1,267,0.006786,0.006786,0.099377
B_impress_1000,221629697_1,268,0.006786,0.006786,0.099414
B_impress_1000,221629697_1,269,0.006779,0.006779,0.099451
B_impress_1000,221629697_1,270,0.006775,0.006775,0.099488
B_impress_1000,221629697_1,271,0.006771,0.006771,0.099525
B_impress_1000,221629697_1,272,0.006767,0.006767,0.099562
B_impress_1000,221629697_1,273,0.006763,0.006763,0.099600
B_impress_1000,221629697_1,274,0.006752,0.006752,0.099637
B_impress_1000,221629697_1,275,0.006752,0.006752,0.099675
B_impress_1000,221629697_1,276,0.006748,0.006748,0.099713
B_impress_1000,221629697_1,277,0.006744,0.006744,0.099752
B_impress_1000,221629697_1,278,0.006741,0.006741,0.099790
B_impress_1000,221629697_1,279,0.006729,0.006729,0.099828
B_impress_1000,221629697_1,280,0.006729,0.006729,0.099867
B_impress_1000,221629697_1,281,0.006725,0.006725,0.099904
B_impress_1000,221629697_1,282,0.006721,0.006721,0.099938
B_impress_1000,221629697_1,283,0.006714,0.006714,0.099973
B_impress_1000,221629697_1,284,0.006710,0.006710,0.100008
B_impress_1000,221629697_1,285,0.006706,0.006706,0.099992
B_impress_1000,221629697_1,286,0.006702,0.006702,0.099979
B_impress_1000,221629697_1,287,0.006699,0.006699,0.099968
B_impress_1000,221629697_1,288,0.006695,0.006695,0.099957
B_impress_1000,221629697_1,289,0.006687,0.006687,0.099948
B_impress_1000,221629697_1,290,0.006683,0.006683,0.099939
B_impress_1000,221629697_1,291,0.006680,0.006680,0.099930
B_impress_1000,221629697_1,292,0.006676,0.006676,0.099922
B_impress_1000,221629697_1,293,0.006672,0.006672,0.099915
B_impress_1000,221629697_1,294,0.006664,0.006664,0.099907
B_impress_1000,221629697_1,295,0.006664,0.006664,0.099900
B_impress_1000,221629697_1,296,0.006657,0.006657,0.099893
B_impress_1000,221629697_1,297,0.006653,0.006653,0.099887
B_impress_1000,221629697_1,298,0.006649,0.006649,0.099881
B_impress_1000,221629697_1,299,0.006645,0.006645,0.099876
B_impress_1000,221629697_1,300,0.006645,0.006645,0.099870
B_impress_1000,221629697_1,301,0.006634,0.006634,0.099866
B_impress_1000,221629697_1,302,0.006630,0.006630,0.099862
B_impress_1000,221629697_1,303,0.006630,0.006630,0.099858
B_impress_1000,221629697_1,304,0.006622,0.006622,0.099854
B_impress_1000,221629697_1,305,0.006618,0.006618,0.099851
B_impress_1000,221629697_1,306,0.006618,0.006618,0.099848
B_impress_1000,221629697_1,307,0.006615,0.006615,0.099846
B_impress_1000,221629697_1,308,0.006611,0.006611,0.099844
B_impress_1000,221629697_1,309,0.006607,0.006607,0.099842
B_impress_1000,221629697_1,310,0.006603,0.006603,0.099841
B_impress_1000,221629697_1,311,0.006599,0.006599,0.099840
B_impress_1000,221629697_1,312,0.006592,0.006592,0.099839
B_impress_1000,221629697_1,313,0.006592,0.006592,0.099839
B_impress_1000,221629697_1,314,0.006584,0.006584,0.099840
B_impress_1000,221629697_1,315,0.006580,0.006580,0.099840
B_impress_1000,221629697_1,316,0.006580,0.006580,0.099841
B_impress_1000,221629697_1,317,0.006569,0.006569,0.099843
B_impress_1000,221629697_1,318,0.006569,0.006569,0.099845
B_impress_1000,221629697_1,319,0.006565,0.006565,0.099847
B_impress_1000,221629697_1,320,0.006565,0.006565,0.099850
B_impress_1000,221629697_1,321,0.006557,0.006557,0.099853
B_impress_1000,221629697_1,322,0.006557,0.006557,0.099857
B_impress_1000,221629697_1,323,0.006554,0.006554,0.099861
B_impress_1000,221629697_1,324,0.006550,0.006550,0.099865
B_impress_1000,221629697_1,325,0.006546,0.006546,0.099870
B_impress_1000,221629697_1,326,0.006542,0.006542,0.099875
B_impress_1000,221629697_1,327,0.006538,0.006538,0.099880
B_impress_1000,221629697_1,328,0.006535,0.006535,0.099886
B_impress_1000,221629697_1,329,0.006527,0.006527,0.099892
B_impress_1000,221629697_1,330,0.006527,0.006527,0.099898
B_impress_1000,221629697_1,331,0.006519,0.006519,0.099905
B_impress_1000,221629697_1,332,0.006519,0.006519,0.099913
B_impress_1000,221629697_1,333,0.006516,0.006516,0.099920
B_impress_1000,221629697_1,334,0.006512,0.006512,0.099928
B_impress_1000,221629697_1,335,0.006508,0.006508,0.099936
B_impress_1000,221629697_1,336,0.006508,0.006508,0.099944
B_impress_1000,221629697_1,337,0.006504,0.006504,0.099953
B_impress_1000,221629697_1,338,0.006500,0.006500,0.099962
B_impress_1000,221629697_1,339,0.006493,0.006493,0.099971
B_impress_1000,221629697_1,340,0.006489,0.006489,0.099980
B_impress_1000,221629697_1,341,0.006489,0.006489,0.099990
B_impress_1000,221629697_1,342,0.006485,0.006485,0.100000
B_impress_1000,221629697_1,343,0.006481,0.006481,0.100010
B_impress_1000,221629697_1,344,0.006477,0.006477,0.099987
B_impress_1000,221629697_1,345,0.006474,0.006474,0.099967
B_impress_1000,221629697_1,346,0.006470,0.006470,0.099949
B_impress_1000,221629697_1,347,0.006466,0.006466,0.099932
B_impress_1000,221629697_1,348,0.006462,0.006462,0.099915
B_impress_1000,221629697_1,349,0.006458,0.006458,0.099899
B_impress_1000,221629697_1,350,0.006454,0.006454,0.099884
B_impress_1000,221629697_1,351,0.006451,0.006451,0.099869
B_impress_1000,221629697_1,352,0.006447,0.006447,0.099855
B_impress_1000,221629697_1,353,0.006443,0.006443,0.099841
B_impress_1000,221629697_1,354,0.006443,0.006443,0.099828
B_impress_1000,221629697_1,355,0.006435,0.006435,0.099815
B_impress_1000,221629697_1,356,0.006432,0.006432,0.099803
B_impress_1000,221629697_1,357,0.006432,0.006432,0.099792
B_impress_1000,221629697_1,358,0.006428,0.006428,0.099781
B_impress_1000,221629697_1,359,0.006424,0.006424,0.099771
B_impress_1000,221629697_1,360,0.006420,0.006420,0.099761
B_impress_1000,221629697_1,361,0.006416,0.006416,0.099752
B_impress_1000,221629697_1,362,0.006413,0.006413,0.099744
B_impress_1000,221629697_1,363,0.006409,0.006409,0.099735
B_impress_1000,221629697_1,364,0.006409,0.006409,0.099728
B_impress_1000,221629697_1,365,0.006405,0.006405,0.099721
B_impress_1000,221629697_1,366,0.006401,0.006401,0.099714
B_impress_1000,221629697_1,367,0.006397,0.006397,0.099708
B_impress_1000,221629697_1,368,0.006397,0.006397,0.099703
B_impress_1000,221629697_1,369,0.006393,0.006393,0.099698
B_impress_1000,221629697_1,370,0.006390,0.006390,0.099694
B_impress_1000,221629697_1,371,0.006386,0.006386,0.099691
B_impress_1000,221629697_1,372,0.006382,0.006382,0.099688
B_impress_1000,221629697_1,373,0.006382,0.006382,0.099685
B_impress_1000,221629697_1,374,0.006378,0.006378,0.099683
B_impress_1000,221629697_1,375,0.006374,0.006374,0.099682
B_impress_1000,221629697_1,376,0.006371,0.006371,0.099681
B_impress_1000,221629697_1,377,0.006367,0.006367,0.099680
B_impress_1000,221629697_1,378,0.006363,0.006363,0.099680
B_impress_1000,221629697_1,379,0.006363,0.006363,0.099681
B_impress_1000,221629697_1,380,0.006363,0.006363,0.099682
B_impress_1000,221629697_1,381,0.006359,0.006359,0.099683
B_impress_1000,221629697_1,382,0.006351,0.006351,0.099685
B_impress_1000,221629697_1,383,0.006348,0.006348,0.099692
B_impress_1000,221629697_1,384,0.006348,0.006348,0.099699
B_impress_1000,221629697_1,385,0.006348,0.006348,0.099706
B_impress_1000,221629697_1,386,0.006344,0.006344,0.099714
B_impress_1000,221629697_1,387,0.006340,0.006340,0.099721
B_impress_1000,221629697_1,388,0.006340,0.006340,0.099729
B_impress_1000,221629697_1,389,0.006336,0.006336,0.099738
B_impress_1000,221629697_1,390,0.006332,0.006332,0.099746
B_impress_1000,221629697_1,391,0.006329,0.006329,0.099755
B_impress_1000,221629697_1,392,0.006325,0.006325,0.099763
B_impress_1000,221629697_1,393,0.006325,0.006325,0.099772
B_impress_1000,221629697_1,394,0.006321,0.006321,0.099781
B_impress_1000,221629697_1,395,0.006321,0.006321,0.099791
B_impress_1000,221629697_1,396,0.006317,0.006317,0.099800
B_impress_1000,221629697_1,397,0.006313,0.006313,0.099810
B_impress_1000,221629697_1,398,0.006313,0.006313,0.099820
B_impress_1000,221629697_1,399,0.006310,0.006310,0.099830
B_impress_1000,221629697_1,400,0.006313,0.006313,0.099840
B_impress_1000,221629697_1,401,0.006306,0.006306,0.099851
B_impress_1000,221629697_1,402,0.006306,0.006306,0.099861
B_impress_1000,221629697_1,403,0.006306,0.006306,0.099872
B_impress_1000,221629697_1,404,0.006298,0.006298,0.099883
B_impress_1000,221629697_1,405,0.006298,0.006298,0.099895
B_impress_1000,221629697_1,406,0.006294,0.006294,0.099906
B_impress_1000,221629697_1,407,0.006294,0.006294,0.099918
B_impress_1000,221629697_1,408,0.006290,0.006290,0.099930
B_impress_1000,221629697_1,409,0.006290,0.006290,0.099942
B_impress_1000,221629697_1,410,0.006287,0.006287,0.099954
B_impress_1000,221629697_1,411,0.006283,0.006283,0.099967
B_impress_1000,221629697_1,412,0.006279,0.006279,0.099979
B_impress_1000,221629697_1,413,0.006279,0.006279,0.099992
B_impress_1000,221629697_1,414,0.006279,0.006279,0.100004
B_impress_1000,221629697_1,415,0.006275,0.006275,0.100004
B_impress_1000,221629697_1,416,0.006271,0.006271,0.099987
B_impress_1000,221629697_1,417,0.006271,0.006271,0.099973
B_impress_1000,221629697_1,418,0.006268,0.006268,0.099963
B_impress_1000,221629697_1,419,0.006264,0.006264,0.099953
B_impress_1000,221629697_1,420,0.006264,0.006264,0.099943
B_impress_1000,221629697_1,421,0.006264,0.006264,0.099935
B_impress_1000,221629697_1,422,0.006260,0.006260,0.099926
B_impress_1000,221629697_1,423,0.006256,0.006256,0.099918
B_impress_1000,221629697_1,424,0.006252,0.006252,0.099911
B_impress_1000,221629697_1,425,0.006252,0.006252,0.099903
B_impress_1000,221629697_1,426,0.006248,0.006248,0.099896
B_impress_1000,221629697_1,427,0.006248,0.006248,0.099889
B_impress_1000,221629697_1,428,0.006248,0.006248,0.099882
B_impress_1000,221629697_1,429,0.006241,0.006241,0.099876
B_impress_1000,221629697_1,430,0.006241,0.006241,0.099870
B_impress_1000,221629697_1,431,0.006245,0.006245,0.099864
B_impress_1000,221629697_1,432,0.006237,0.006237,0.099859
B_impress_1000,221629697_1,433,0.006237,0.006237,0.099853
B_impress_1000,221629697_1,434,0.006233,0.006233,0.099849
B_impress_1000,221629697_1,435,0.006229,0.006229,0.099844
B_impress_1000,221629697_1,436,0.006233,0.006233,0.099840
B_impress_1000,221629697_1,437,0.006229,0.006229,0.099836
B_impress_1000,221629697_1,438,0.006226,0.006226,0.099832
B_impress_1000,221629697_1,439,0.006222,0.006222,0.099829
B_impress_1000,221629697_1,440,0.006222,0.006222,0.099825
B_impress_1000,221629697_1,441,0.006222,0.006222,0.099822
B_impress_1000,221629697_1,442,0.006218,0.006218,0.099820
B_impress_1000,221629697_1,443,0.006214,0.006214,0.099817
B_impress_1000,221629697_1,444,0.006214,0.006214,0.099815
B_impress_1000,221629697_1,445,0.006210,0.006210,0.099813
B_impress_1000,221629697_1,446,0.006210,0.006210,0.099811
B_impress_1000,221629697_1,447,0.006210,0.006210,0.099809
B_impress_1000,221629697_1,448,0.006207,0.006207,0.099809
B_impress_1000,221629697_1,449,0.006207,0.006207,0.099808
B_impress_1000,221629697_1,450,0.006203,0.006203,0.099808
B_impress_1000,221629697_1,451,0.006203,0.006203,0.099807
B_impress_1000,221629697_1,452,0.006199,0.006199,0.099807
B_impress_1000,221629697_1,453,0.006199,0.006199,0.099808
B_impress_1000,221629697_1,454,0.006195,0.006195,0.099808
B_impress_1000,221629697_1,455,0.006195,0.006195,0.099809
B_impress_1000,221629697_1,456,0.006191,0.006191,0.099810
B_impress_1000,221629697_1,457,0.006191,0.006191,0.099811
B_impress_1000,221629697_1,458,0.006187,0.006187,0.099812
B_impress_1000,221629697_1,459,0.006187,0.006187,0.099813
B_impress_1000,221629697_1,460,0.006187,0.006187,0.099815
B_impress_1000,221629697_1,461,0.006184,0.006184,0.099817
B_impress_1000,221629697_1,462,0.006180,0.006180,0.099819
B_impress_1000,221629697_1,463,0.006180,0.006180,0.099821
B_impress_1000,221629697_1,464,0.006176,0.006176,0.099824
B_impress_1000,221629697_1,465,0.006180,0.006180,0.099827
B_impress_1000,221629697_1,466,0.006176,0.006176,0.099830
B_impress_1000,221629697_1,467,0.006176,0.006176,0.099833
B_impress_1000,221629697_1,468,0.006172,0.006172,0.099836
B_impress_1000,221629697_1,469,0.006172,0.006172,0.099840
B_impress_1000,221629697_1,470,0.006172,0.006172,0.099844
B_impress_1000,221629697_1,471,0.006168,0.006168,0.099848
B_impress_1000,221629697_1,472,0.006165,0.006165,0.099852
B_impress_1000,221629697_1,473,0.006165,0.006165,0.099856
B_impress_1000,221629697_1,474,0.006165,0.006165,0.099861
B_impress_1000,221629697_1,475,0.006161,0.006161,0.099866
B_impress_1000,221629697_1,476,0.006161,0.006161,0.099871
B_impress_1000,221629697_1,477,0.006161,0.006161,0.099876
B_impress_1000,221629697_1,478,0.006157,0.006157,0.099881
B_impress_1000,221629697_1,479,0.006157,0.006157,0.099887
B_impress_1000,221629697_1,480,0.006157,0.006157,0.099893
B_impress_1000,221629697_1,481,0.006153,0.006153,0.099899
B_impress_1000,221629697_1,482,0.006149,0.006149,0.099905
B_impress_1000,221629697_1,483,0.006145,0.006145,0.099911
B_impress_1000,221629697_1,484,0.006145,0.006145,0.099918
B_impress_1000,221629697_1,485,0.006145,0.006145,0.099925
B_impress_1000,221629697_1,486,0.006142,0.006142,0.099932
B_impress_1000,221629697_1,487,0.006142,0.006142,0.099939
B_impress_1000,221629697_1,488,0.006142,0.006142,0.099946
B_impress_1000,221629697_1,489,0.006138,0.006138,0.099954
B_impress_1000,221629697_1,490,0.006138,0.006138,0.099961
B_impress_1000,221629697_1,491,0.006134,0.006134,0.099969
B_impress_1000,221629697_1,492,0.006134,0.006134,0.099977
B_impress_1000,221629697_1,493,0.006130,0.006130,0.099986
B_impress_1000,221629697_1,494,0.006130,0.006130,0.099994
B_impress_1000,221629697_1,495,0.006126,0.006126,0.100001
B_impress_1000,221629697_1,496,0.006126,0.006126,0.100003
B_impress_1000,221629697_1,497,0.006126,0.006126,0.099999
B_impress_1000,221629697_1,498,0.006126,0.006126,0.099996
B_impress_1000,221629697_1,499,0.006123,0.006123,0.099994
B_impress_1000,221629697_1,500,0.006119,0.006119,0.099992
B_impress_1000,221629697_1,501,0.006119,0.006119,0.099990
B_impress_1000,221629697_1,502,0.006123,0.006123,0.099988
B_impress_1000,221629697_1,503,0.006119,0.006119,0.099986
B_impress_1000,221629697_1,504,0.006119,0.006119,0.099984
B_impress_1000,221629697_1,505,0.006115,0.006115,0.099982
B_impress_1000,221629697_1,506,0.006115,0.006115,0.099981
B_impress_1000,221629697_1,507,0.006115,0.006115,0.099979
B_impress_1000,221629697_1,508,0.006115,0.006115,0.099978
B_impress_1000,221629697_1,509,0.006111,0.006111,0.099977
B_impress_1000,221629697_1,510,0.006111,0.006111,0.099975
B_impress_1000,221629697_1,511,0.006111,0.006111,0.099974
B_impress_1000,221629697_1,512,0.006107,0.006107,0.099973
B_impress_1000,221629697_1,513,0.006107,0.006107,0.099972
B_impress_1000,221629697_1,514,0.006107,0.006107,0.099972
B_impress_1000,221629697_1,515,0.006107,0.006107,0.099971
B_impress_1000,221629697_1,516,0.006104,0.006104,0.099970
B_impress_1000,221629697_1,517,0.006104,0.006104,0.099970
B_impress_1000,221629697_1,518,0.006104,0.006104,0.099969
B_impress_1000,221629697_1,519,0.006100,0.006100,0.099969
B_impress_1000,221629697_1,520,0.006096,0.006096,0.099969
B_impress_1000,221629697_1,521,0.006100,0.006100,0.099968
B_impress_1000,221629697_1,522,0.006100,0.006100,0.099968
B_impress_1000,221629697_1,523,0.006096,0.006096,0.099968
B_impress_1000,221629697_1,524,0.006096,0.006096,0.099968
B_impress_1000,221629697_1,525,0.006096,0.006096,0.099968
B_impress_1000,221629697_1,526,0.006096,0.006096,0.099969
B_impress_1000,221629697_1,527,0.006096,0.006096,0.099969
B_impress_1000,221629697_1,528,0.006092,0.006092,0.099969
B_impress_1000,221629697_1,529,0.006092,0.006092,0.099970
B_impress_1000,221629697_1,530,0.006088,0.006088,0.099970
B_impress_1000,221629697_1,531,0.006088,0.006088,0.099971
B_impress_1000,221629697_1,532,0.006084,0.006084,0.099972
B_impress_1000,221629697_1,533,0.006088,0.006088,0.099972
B_impress_1000,221629697_1,534,0.006084,0.006084,0.099973
B_impress_1000,221629697_1,535,0.006084,0.006084,0.099974
B_impress_1000,221629697_1,536,0.006084,0.006084,0.099975
B_impress_1000,221629697_1,537,0.006081,0.006081,0.099976
B_impress_1000,221629697_1,538,0.006081,0.006081,0.099978
B_impress_1000,221629697_1,539,0.006081,0.006081,0.099979
B_impress_1000,221629697_1,540,0.006084,0.006084,0.099980
B_impress_1000,221629697_1,541,0.006077,0.006077,0.099982
B_impress_1000,221629697_1,542,0.006081,0.006081,0.099983
B_impress_1000,221629697_1,543,0.006077,0.006077,0.099985
B_impress_1000,221629697_1,544,0.006077,0.006077,0.099986
B_impress_1000,221629697_1,545,0.006077,0.006077,0.099988
B_impress_1000,221629697_1,546,0.006077,0.006077,0.099990
B_impress_1000,221629697_1,547,0.006073,0.006073,0.099991
B_impress_1000,221629697_1,548,0.006073,0.006073,0.099993
B_impress_1000,221629697_1,549,0.006073,0.006073,0.099995
B_impress_1000,221629697_1,550,0.006073,0.006073,0.099997
B_impress_1000,221629697_1,551,0.006073,0.006073,0.099999
B_impress_1000,221629697_1,552,0.006069,0.006069,0.100002
B_impress_1000,221629697_1,553,0.006073,0.006073,0.100001
B_impress_1000,221629697_1,554,0.006073,0.006073,0.099999
B_impress_1000,221629697_1,555,0.006069,0.006069,0.099998
B_impress_1000,221629697_1,556,0.006065,0.006065,0.099996
B_impress_1000,221629697_1,557,0.006069,0.006069,0.099995
B_impress_1000,221629697_1,558,0.006069,0.006069,0.099994
B_impress_1000,221629697_1,559,0.006065,0.006065,0.099993
B_impress_1000,221629697_1,560,0.006065,0.006065,0.099992
B_impress_1000,221629697_1,561,0.006065,0.006065,0.099991
B_impress_1000,221629697_1,562,0.006065,0.006065,0.099990
B_impress_1000,221629697_1,563,0.006065,0.006065,0.099990
B_impress_1000,221629697_1,564,0.006065,0.006065,0.099989
B_impress_1000,221629697_1,565,0.006062,0.006062,0.099988
B_impress_1000,221629697_1,566,0.006062,0.006062,0.099988
B_impress_1000,221629697_1,567,0.006062,0.006062,0.099987
B_impress_1000,221629697_1,568,0.006058,0.006058,0.099987
B_impress_1000,221629697_1,569,0.006058,0.006058,0.099987
B_impress_1000,221629697_1,570,0.006062,0.006062,0.099986
B_impress_1000,221629697_1,571,0.006058,0.006058,0.099986
B_impress_1000,221629697_1,572,0.006058,0.006058,0.099986
B_impress_1000,221629697_1,573,0.006058,0.006058,0.099986
B_impress_1000,221629697_1,574,0.006058,0.006058,0.099986
B_impress_1000,221629697_1,575,0.006058,0.006058,0.099986
B_impress_1000,221629697_1,576,0.006054,0.006054,0.099986
B_impress_1000,221629697_1,577,0.006054,0.006054,0.099986
B_impress_1000,221629697_1,578,0.006050,0.006050,0.099987
B_impress_1000,221629697_1,579,0.006058,0.006058,0.099987
B_impress_1000,221629697_1,580,0.006054,0.006054,0.099987
B_impress_1000,221629697_1,581,0.006054,0.006054,0.099988
B_impress_1000,221629697_1,582,0.006050,0.006050,0.099988
B_impress_1000,221629697_1,583,0.006050,0.006050,0.099989
B_impress_1000,221629697_1,584,0.006054,0.006054,0.099989
B_impress_1000,221629697_1,585,0.006054,0.006054,0.099990
B_impress_1000,221629697_1,586,0.006054,0.006054,0.099991
B_impress_1000,221629697_1,587,0.006054,0.006054,0.099991
B_impress_1000,221629697_1,588,0.006054,0.006054,0.099992
B_impress_1000,221629697_1,589,0.006050,0.006050,0.099993
B_impress_1000,221629697_1,590,0.006050,0.006050,0.099994
B_impress_1000,221629697_1,591,0.006050,0.006050,0.099994
B_impress_1000,221629697_1,592,0.006046,0.006046,0.099995
B_impress_1000,221629697_1,593,0.006046,0.006046,0.099996
B_impress_1000,221629697_1,594,0.006046,0.006046,0.099997
B_impress_1000,221629697_1,595,0.006046,0.006046,0.099998
B_impress_1000,221629697_1,596,0.006046,0.006046,0.099999
B_impress_1000,221629697_1,597,0.006046,0.006046,0.100000
B_impress_1000,221629697_1,598,0.006050,0.006050,0.100000
B_impress_1000,221629697_1,599,0.006046,0.006046,0.099999
B_impress_1000,221629697_1,600,0.006046,0.006046,0.099999
B_impress_1000,221629697_1,601,0.006046,0.006046,0.099998
B_impress_1000,221629697_1,602,0.006046,0.006046,0.099998
B_impress_1000,221629697_1,603,0.006042,0.006042,0.099997
B_impress_1000,221629697_1,604,0.006042,0.006042,0.099997
B_impress_1000,221629697_1,605,0.006046,0.006046,0.099997
B_impress_1000,221629697_1,606,0.006042,0.006042,0.099997
B_impress_1000,221629697_1,607,0.006042,0.006042,0.099997
B_impress_1000,221629697_1,608,0.006042,0.006042,0.099997
B_impress_1000,221629697_1,609,0.006042,0.006042,0.099997
B_impress_1000,221629697_1,610,0.006042,0.006042,0.099997
B_impress_1000,221629697_1,611,0.006039,0.006039,0.099998
B_impress_1000,221629697_1,612,0.006039,0.006039,0.099998
B_impress_1000,221629697_1,613,0.006046,0.006046,0.099998
B_impress_1000,221629697_1,614,0.006046,0.006046,0.099998
B_impress_1000,221629697_1,615,0.006039,0.006039,0.099999
B_impress_1000,221629697_1,616,0.006039,0.006039,0.099999
B_impress_1000,221629697_1,617,0.006042,0.006042,0.099999
B_impress_1000,221629697_1,618,0.006039,0.006039,0.100000
B_impress_1000,221629697_1,619,0.006042,0.006042,0.100000
B_impress_1000,221629697_1,620,0.006039,0.006039,0.100000
B_impress_1000,221629697_1,621,0.006039,0.006039,0.100000
B_impress_1000,221629697_1,622,0.006039,0.006039,0.100000
B_impress_1000,221629697_1,623,0.006039,0.006039,0.100000
B_impress_1000,221629697_1,624,0.006039,0.006039,0.100000
B_impress_1000,221629697_1,625,0.006039,0.006039,0.100000
B_impress_1000,221629697_1,626,0.006039,0.006039,0.100000
B_impress_1000,221629697_1,627,0.006039,0.006039,0.100000
B_impress_1000,221629697_1,628,0.006039,0.006039,0.100000
B_impress_1000,221629697_1,629,0.006039,0.006039,0.100000
B_impress_1000,221629697_1,630,0.006035,0.006035,0.100000
B_impress_1000,221629697_1,631,0.006039,0.006039,0.100000
B_impress_1000,221629697_1,632,0.006035,0.006035,0.100000
B_impress_1000,221629697_1,633,0.006035,0.006035,0.100000
B_impress_1000,221629697_1,634,0.006035,0.006035,0.100000
B_impress_1000,221629697_1,635,0.006039,0.006039,0.100000
B_impress_1000,221629697_1,636,0.006035,0.006035,0.100000
B_impress_1000,221629697_1,637,0.006042,0.006042,0.100000
B_impress_1000,221629697_1,638,0.006039,0.006039,0.100000
B_impress_1000,221629697_1,639,0.006039,0.006039,0.100000
B_impress_1000,221629697_1,640,0.006035,0.006035,0.100000
B_impress_1000,221629697_1,641,0.006035,0.006035,0.099999
B_impress_1000,221629697_1,642,0.006039,0.006039,0.099999
B_impress_1000,221629697_1,643,0.006039,0.006039,0.099999
B_impress_1000,221629697_1,644,0.006035,0.006035,0.099999
B_impress_1000,221629697_1,645,0.006035,0.006035,0.099999
B_impress_1000,221629697_1,646,0.006035,0.006035,0.099999
B_impress_1000,221629697_1,647,0.006035,0.006035,0.099999
B_impress_1000,221629697_1,648,0.006035,0.006035,0.099999
B_impress_1000,221629697_1,649,0.006035,0.006035,0.099999
B_impress_1000,221629697_1,650,0.006031,0.006031,0.099999
B_impress_1000,221629697_1,651,0.006035,0.006035,0.099999
B_impress_1000,221629697_1,652,0.006035,0.006035,0.099999
B_impress_1000,221629697_1,653,0.006035,0.006035,0.099999
B_impress_1000,221629697_1,654,0.006031,0.006031,0.099999
B_impress_1000,221629697_1,655,0.006035,0.006035,0.099999
B_impress_1000,221629697_1,656,0.006031,0.006031,0.100000
B_impress_1000,221629697_1,657,0.006031,0.006031,0.100000
B_impress_1000,221629697_1,658,0.006031,0.006031,0.100000
B_impress_1000,221629697_1,659,0.006035,0.006035,0.100000
B_impress_1000,221629697_1,660,0.006031,0.006031,0.100000
B_impress_1000,221629697_1,661,0.006031,0.006031,0.100000
B_impress_1000,221629697_1,662,0.006031,0.006031,0.100000
B_impress_1000,221629697_1,663,0.006031,0.006031,0.100000
B_impress_1000,221629697_1,664,0.006031,0.006031,0.100000
B_impress_1000,221629697_1,665,0.006031,0.006031,0.100000
B_impress_1000,221629697_1,666,0.006031,0.006031,0.100000
B_impress_1000,221629697_1,667,0.006031,0.006031,0.100000
B_impress_1000,221629697_1,668,0.006027,0.006027,0.100000
B_impress_1000,221629697_1,669,0.006027,0.006027,0.100000
B_impress_1000,221629697_1,670,0.006035,0.006035,0.100000
B_impress_1000,221629697_1,671,0.006027,0.006027,0.100000
B_impress_1000,221629697_1,672,0.006027,0.006027,0.100000
B_impress_1000,221629697_1,673,0.006031,0.006031,0.100000
B_impress_1000,221629697_1,674,0.006027,0.006027,0.100000
B_impress_1000,221629697_1,675,0.006031,0.006031,0.100000
B_impress_1000,221629697_1,676,0.006027,0.006027,0.100000
B_impress_1000,221629697_1,677,0.006027,0.006027,0.100000
B_impress_1000,221629697_1,678,0.006027,0.006027,0.100000
B_impress_1000,221629697_1,679,0.006031,0.006031,0.100000
B_impress_1000,221629697_1,680,0.006027,0.006027,0.100000
B_impress_1000,221629697_1,681,0.006027,0.006027,0.100000
B_impress_1000,221629697_1,682,0.006027,0.006027,0.100000
B_impress_1000,221629697_1,683,0.006027,0.006027,0.100000
B_impress_1000,221629697_1,684,0.006027,0.006027,0.100000
B_impress_1000,221629697_1,685,0.006027,0.006027,0.100000
B_impress_1000,221629697_1,686,0.006023,0.006023,0.100000
B_impress_1000,221629697_1,687,0.006031,0.006031,0.100000
B_impress_1000,221629697_1,688,0.006027,0.006027,0.100000
B_impress_1000,221629697_1,689,0.006023,0.006023,0.100000
B_impress_1000,221629697_1,690,0.006023,0.006023,0.100000
B_impress_1000,221629697_1,691,0.006023,0.006023,0.100000
B_impress_1000,221629697_1,692,0.006023,0.006023,0.100000
B_impress_1000,221629697_1,693,0.006023,0.006023,0.100000
B_impress_1000,221629697_1,694,0.006023,0.006023,0.100000
B_impress_1000,221629697_1,695,0.006023,0.006023,0.100000
B_impress_1000,221629697_1,696,0.006023,0.006023,0.100000
B_impress_1000,221629697_1,697,0.006023,0.006023,0.100000
B_impress_1000,221629697_1,698,0.006023,0.006023,0.100000
B_impress_1000,221629697_1,699,0.006020,0.006020,0.100000
B_impress_1000,221629697_1,700,0.006023,0.006023,0.100000
B_impress_1000,221629697_1,701,0.006020,0.006020,0.100000
B_impress_1000,221629697_1,702,0.006020,0.006020,0.100000
B_impress_1000,221629697_1,703,0.006020,0.006020,0.100001
B_impress_1000,221629697_1,704,0.006020,0.006020,0.100001
B_impress_1000,221629697_1,705,0.006020,0.006020,0.100001
B_impress_1000,221629697_1,706,0.006020,0.006020,0.100000
B_impress_1000,221629697_1,707,0.006020,0.006020,0.100000
B_impress_1000,221629697_1,708,0.006020,0.006020,0.100000
B_impress_1000,221629697_1,709,0.006020,0.006020,0.100000
B_impress_1000,221629697_1,710,0.006020,0.006020,0.100000
B_impress_1000,221629697_1,711,0.006020,0.006020,0.100000
B_impress_1000,221629697_1,712,0.006020,0.006020,0.100000
B_impress_1000,221629697_1,713,0.006016,0.006016,0.100000
B_impress_1000,221629697_1,714,0.006016,0.006016,0.100000
B_impress_1000,221629697_1,715,0.006020,0.006020,0.100000
B_impress_1000,221629697_1,716,0.006020,0.006020,0.100000
B_impress_1000,221629697_1,717,0.006020,0.006020,0.100000
B_impress_1000,221629697_1,718,0.006016,0.006016,0.100000
B_impress_1000,221629697_1,719,0.006020,0.006020,0.100000
B_impress_1000,221629697_1,720,0.006016,0.006016,0.100000
B_impress_1000,221629697_1,721,0.006020,0.006020,0.100000
B_impress_1000,221629697_1,722,0.006016,0.006016,0.100000
B_impress_1000,221629697_1,723,0.006016,0.006016,0.100000
B_impress_1000,221629697_1,724,0.006016,0.006016,0.100000
B_impress_1000,221629697_1,725,0.006016,0.006016,0.100000
B_impress_1000,221629697_1,726,0.006016,0.006016,0.100000
B_impress_1000,221629697_1,727,0.006012,0.006012,0.100000
B_impress_1000,221629697_1,728,0.006016,0.006016,0.100000
B_impress_1000,221629697_1,729,0.006016,0.006016,0.100000
B_impress_1000,221629697_1,730,0.006016,0.006016,0.100000
B_impress_1000,221629697_1,731,0.006016,0.006016,0.100000
B_impress_1000,221629697_1,732,0.006016,0.006016,0.100000
B_impress_1000,221629697_1,733,0.006016,0.006016,0.100000
B_impress_1000,221629697_1,734,0.006016,0.006016,0.100000
B_impress_1000,221629697_1,735,0.006016,0.006016,0.100000
B_impress_1000,221629697_1,736,0.006012,0.006012,0.100000
B_impress_1000,221629697_1,737,0.006016,0.006016,0.100000
B_impress_1000,221629697_1,738,0.006012,0.006012,0.100000
B_impress_1000,221629697_1,739,0.006016,0.006016,0.100000
B_impress_1000,221629697_1,740,0.006016,0.006016,0.100000
B_impress_1000,221629697_1,741,0.006016,0.006016,0.100000
B_impress_1000,221629697_1,742,0.006012,0.006012,0.100000
B_impress_1000,221629697_1,743,0.006016,0.006016,0.100000
B_impress_1000,221629697_1,744,0.006016,0.006016,0.100000
B_impress_1000,221629697_1,745,0.006012,0.006012,0.100000
B_impress_1000,221629697_1,746,0.006012,0.006012,0.100000
B_impress_1000,221629697_1,747,0.006012,0.006012,0.100000
B_impress_1000,221629697_1,748,0.006012,0.006012,0.100000
B_impress_1000,221629697_1,749,0.006012,0.006012,0.100000
B_impress_1000,221629697_1,750,0.006012,0.006012,0.100000
B_impress_1000,221629697_1,751,0.006012,0.006012,0.100000
B_impress_1000,221629697_1,752,0.006012,0.006012,0.100000
B_impress_1000,221629697_1,753,0.006012,0.006012,0.100000
B_impress_1000,221629697_1,754,0.006012,0.006012,0.100000
B_impress_1000,221629697_1,755,0.006012,0.006012,0.100000
B_impress_1000,221629697_1,756,0.006012,0.006012,0.100000
B_impress_1000,221629697_1,757,0.006012,0.006012,0.100000
B_impress_1000,221629697_1,758,0.006012,0.006012,0.100000
B_impress_1000,221629697_1,759,0.006012,0.006012,0.100000
B_impress_1000,221629697_1,760,0.006012,0.006012,0.100000
B_impress_1000,221629697_1,761,0.006008,0.006008,0.100000
B_impress_1000,221629697_1,762,0.006012,0.006012,0.100000
B_impress_1000,221629697_1,763,0.006012,0.006012,0.100000
B_impress_1000,221629697_1,764,0.006008,0.006008,0.100000
B_impress_1000,221629697_1,765,0.006012,0.006012,0.100000
B_impress_1000,221629697_1,766,0.006008,0.006008,0.100000
B_impress_1000,221629697_1,767,0.006008,0.006008,0.100000
B_impress_1000,221629697_1,768,0.006012,0.006012,0.100000
B_impress_1000,221629697_1,769,0.006012,0.006012,0.100000
B_impress_1000,221629697_1,770,0.006008,0.006008,0.100000
B_impress_1000,221629697_1,771,0.006008,0.006008,0.100000
B_impress_1000,221629697_1,772,0.006012,0.006012,0.100000
B_impress_1000,221629697_1,773,0.006012,0.006012,0.100000
B_impress_1000,221629697_1,774,0.006008,0.006008,0.100000
B_impress_1000,221629697_1,775,0.006008,0.006008,0.100000
B_impress_1000,221629697_1,776,0.006012,0.006012,0.100000
B_impress_1000,221629697_1,777,0.006012,0.006012,0.100000
B_impress_1000,221629697_1,778,0.006012,0.006012,0.100000
B_impress_1000,221629697_1,779,0.006008,0.006008,0.100000
B_impress_1000,221629697_1,780,0.006008,0.006008,0.100000
B_impress_1000,221629697_1,781,0.006012,0.006012,0.100001
B_impress_1000,221629697_1,782,0.006008,0.006008,0.100001
B_impress_1000,221629697_1,783,0.006008,0.006008,0.100001
B_impress_1000,221629697_1,784,0.006008,0.006008,0.100001
B_impress_1000,221629697_1,785,0.006008,0.006008,0.100001
B_impress_1000,221629697_1,786,0.006008,0.006008,0.100001
B_impress_1000,221629697_1,787,0.006008,0.006008,0.100001
B_impress_1000,221629697_1,788,0.006012,0.006012,0.100001
B_impress_1000,221629697_1,789,0.006008,0.006008,0.100001
B_impress_1000,221629697_1,790,0.006012,0.006012,0.100001
B_impress_1000,221629697_1,791,0.006012,0.006012,0.100001
B_impress_1000,221629697_1,792,0.006012,0.006012,0.100001
B_impress_1000,221629697_1,793,0.006008,0.006008,0.100001
B_impress_1000,221629697_1,794,0.006008,0.006008,0.100001
B_impress_1000,221629697_1,795,0.006008,0.006008,0.100001
B_impress_1000,221629697_1,796,0.006008,0.006008,0.100001
B_impress_1000,221629697_1,797,0.006008,0.006008,0.100001
B_impress_1000,221629697_1,798,0.006008,0.006008,0.100001
B_impress_1000,221629697_1,799,0.006008,0.006008,0.100001
B_impress_1000,221629697_1,800,0.006008,0.006008,0.100001
B_impress_1000,221629697_1,801,0.006008,0.006008,0.100001
B_impress_1000,221629697_1,802,0.006008,0.006008,0.100001
B_impress_1000,221629697_1,803,0.006008,0.006008,0.100001
B_impress_1000,221629697_1,804,0.006008,0.006008,0.100001
B_impress_1000,221629697_1,805,0.006004,0.006004,0.100001
B_impress_1000,221629697_1,806,0.006004,0.006004,0.100002
B_impress_1000,221629697_1,807,0.006008,0.006008,0.100002
B_impress_1000,221629697_1,808,0.006008,0.006008,0.100002
B_impress_1000,221629697_1,809,0.006004,0.006004,0.100002
B_impress_1000,221629697_1,810,0.006008,0.006008,0.100002
B_impress_1000,221629697_1,811,0.006004,0.006004,0.100002
B_impress_1000,221629697_1,812,0.006008,0.006008,0.100002
B_impress_1000,221629697_1,813,0.006004,0.006004,0.100002
B_impress_1000,221629697_1,814,0.006008,0.006008,0.100002
B_impress_1000,221629697_1,815,0.006008,0.006008,0.100002
B_impress_1000,221629697_1,816,0.006004,0.006004,0.100002
B_impress_1000,221629697_1,817,0.006004,0.006004,0.100002
B_impress_1000,221629697_1,818,0.006004,0.006004,0.100002
B_impress_1000,221629697_1,819,0.006004,0.006004,0.100002
B_impress_1000,221629697_1,820,0.006004,0.006004,0.100002
B_impress_1000,221629697_1,821,0.006004,0.006004,0.100002
B_impress_1000,221629697_1,822,0.006004,0.006004,0.100002
B_impress_1000,221629697_1,823,0.006004,0.006004,0.100002
B_impress_1000,221629697_1,824,0.006008,0.006008,0.100002
B_impress_1000,221629697_1,825,0.006008,0.006008,0.100002
B_impress_1000,221629697_1,826,0.006008,0.006008,0.100002
B_impress_1000,221629697_1,827,0.006004,0.006004,0.100002
B_impress_1000,221629697_1,828,0.006004,0.006004,0.100002
B_impress_1000,221629697_1,829,0.006004,0.006004,0.100002
B_impress_1000,221629697_1,830,0.006004,0.006004,0.100002
B_impress_1000,221629697_1,831,0.006004,0.006004,0.100002
B_impress_1000,221629697_1,832,0.006004,0.006004,0.100002
B_impress_1000,221629697_1,833,0.006004,0.006004,0.100002
B_impress_1000,221629697_1,834,0.006004,0.006004,0.100002
B_impress_1000,221629697_1,835,0.006008,0.006008,0.100002
B_impress_1000,221629697_1,836,0.006004,0.006004,0.100002
B_impress_1000,221629697_1,837,0.006004,0.006004,0.100002
B_impress_1000,221629697_1,838,0.006008,0.006008,0.100002
B_impress_1000,221629697_1,839,0.006008,0.006008,0.100002
B_impress_1000,221629697_1,840,0.006004,0.006004,0.100002
B_impress_1000,221629697_1,841,0.006004,0.006004,0.100002
B_impress_1000,221629697_1,842,0.006004,0.006004,0.100002
B_impress_1000,221629697_1,843,0.006004,0.006004,0.100002
B_impress_1000,221629697_1,844,0.006004,0.006004,0.100002
B_impress_1000,221629697_1,845,0.006004,0.006004,0.100002
B_impress_1000,221629697_1,846,0.006008,0.006008,0.100002
B_impress_1000,221629697_1,847,0.006004,0.006004,0.100002
B_impress_1000,221629697_1,848,0.006004,0.006004,0.100002
B_impress_1000,221629697_1,849,0.006004,0.006004,0.100002
B_impress_1000,221629697_1,850,0.006008,0.006008,0.100002
B_impress_1000,221629697_1,851,0.006008,0.006008,0.100002
B_impress_1000,221629697_1,852,0.006004,0.006004,0.100002
B_impress_1000,221629697_1,853,0.006008,0.006008,0.100002
B_impress_1000,221629697_1,854,0.006004,0.006004,0.100002
B_impress_1000,221629697_1,855,0.006004,0.006004,0.100002
B_impress_1000,221629697_1,856,0.006004,0.006004,0.100002
B_impress_1000,221629697_1,857,0.006008,0.006008,0.100002
B_impress_1000,221629697_1,858,0.006004,0.006004,0.100002
B_impress_1000,221629697_1,859,0.006004,0.006004,0.100002
B_impress_1000,221629697_1,860,0.006004,0.006004,0.100002
B_impress_1000,221629697_1,861,0.006004,0.006004,0.100002
B_impress_1000,221629697_1,862,0.006004,0.006004,0.100002
B_impress_1000,221629697_1,863,0.006004,0.006004,0.100002
B_impress_1000,221629697_1,864,0.006004,0.006004,0.100002
B_impress_1000,221629697_1,865,0.006004,0.006004,0.100002
B_impress_1000,221629697_1,866,0.006004,0.006004,0.100002
B_impress_1000,221629697_1,867,0.006004,0.006004,0.100002
B_impress_1000,221629697_1,868,0.006004,0.006004,0.100002
B_impress_1000,221629697_1,869,0.006004,0.006004,0.100002
B_impress_1000,221629697_1,870,0.006008,0.006008,0.100002
B_impress_1000,221629697_1,871,0.006004,0.006004,0.100002
B_impress_1000,221629697_1,872,0.006004,0.006004,0.100002
B_impress_1000,221629697_1,873,0.006004,0.006004,0.100002
B_impress_1000,221629697_1,874,0.006004,0.006004,0.100002
B_impress_1000,221629697_1,875,0.006004,0.006004,0.100002
B_impress_1000,221629697_1,876,0.006004,0.006004,0.100002
B_impress_1000,221629697_1,877,0.006004,0.006004,0.100002
B_impress_1000,221629697_1,878,0.006008,0.006008,0.100002
B_impress_1000,221629697_1,879,0.006008,0.006008,0.100002
B_impress_1000,221629697_1,880,0.006004,0.006004,0.100002
B_impress_1000,221629697_1,881,0.006004,0.006004,0.100002
B_impress_1000,221629697_1,882,0.006004,0.006004,0.100002
B_impress_1000,221629697_1,883,0.006004,0.006004,0.100002
B_impress_1000,221629697_1,884,0.006004,0.006004,0.100002
B_impress_1000,221629697_1,885,0.006004,0.006004,0.100002
B_impress_1000,221629697_1,886,0.006008,0.006008,0.100002
B_impress_1000,221629697_1,887,0.006008,0.006008,0.100002
B_impress_1000,221629697_1,888,0.006004,0.006004,0.100002
B_impress_1000,221629697_1,889,0.006004,0.006004,0.100002
B_impress_1000,221629697_1,890,0.006008,0.006008,0.100002
B_impress_1000,221629697_1,891,0.006004,0.006004,0.100002
B_impress_1000,221629697_1,892,0.006004,0.006004,0.100002
B_impress_1000,221629697_1,893,0.006004,0.006004,0.100002
B_impress_1000,221629697_1,894,0.006004,0.006004,0.100002
B_impress_1000,221629697_1,895,0.006004,0.006004,0.100002
B_impress_1000,221629697_1,896,0.006004,0.006004,0.100002
B_impress_1000,221629697_1,897,0.006004,0.006004,0.100002
B_impress_1000,221629697_1,898,0.006004,0.006004,0.100002
B_impress_1000,221629697_1,899,0.006004,0.006004,0.100002
B_impress_1000,221629697_1,900,0.006004,0.006004,0.100002
B_impress_1000,221629697_1,901,0.006004,0.006004,0.100002
B_impress_1000,221629697_1,902,0.006008,0.006008,0.100002
B_impress_1000,221629697_1,903,0.006004,0.006004,0.100002
B_impress_1000,221629697_1,904,0.006004,0.006004,0.100002
B_impress_1000,221629697_1,905,0.006004,0.006004,0.100002
B_impress_1000,221629697_1,906,0.006004,0.006004,0.100002
B_impress_1000,221629697_1,907,0.006004,0.006004,0.100002
B_impress_1000,221629697_1,908,0.006004,0.006004,0.100002
B_impress_1000,221629697_1,909,0.006004,0.006004,0.100002
B_impress_1000,221629697_1,910,0.006004,0.006004,0.100002
B_impress_1000,221629697_1,911,0.006004,0.006004,0.100002
B_impress_1000,221629697_1,912,0.006004,0.006004,0.100002
B_impress_1000,221629697_1,913,0.006004,0.006004,0.100002
B_impress_1000,221629697_1,914,0.006004,0.006004,0.100002
B_impress_1000,221629697_1,915,0.006004,0.006004,0.100002
B_impress_1000,221629697_1,916,0.006008,0.006008,0.100002
B_impress_1000,221629697_1,917,0.006004,0.006004,0.100002
B_impress_1000,221629697_1,918,0.006004,0.006004,0.100002
B_impress_1000,221629697_1,919,0.006004,0.006004,0.100002
B_impress_1000,221629697_1,920,0.006004,0.006004,0.100002
B_impress_1000,221629697_1,921,0.006004,0.006004,0.100002
B_impress_1000,221629697_1,922,0.006004,0.006004,0.100002
B_impress_1000,221629697_1,923,0.006004,0.006004,0.100002
B_impress_1000,221629697_1,924,0.006004,0.006004,0.100002
B_impress_1000,221629697_1,925,0.006004,0.006004,0.100002
B_impress_1000,221629697_1,926,0.006004,0.006004,0.100002
B_impress_1000,221629697_1,927,0.006004,0.006004,0.100002
B_impress_1000,221629697_1,928,0.006004,0.006004,0.100002
B_impress_1000,221629697_1,929,0.006004,0.006004,0.100002
B_impress_1000,221629697_1,930,0.006004,0.006004,0.100002
B_impress_1000,221629697_1,931,0.006004,0.006004,0.100002
B_impress_1000,221629697_1,932,0.006008,0.006008,0.100002
B_impress_1000,221629697_1,933,0.006008,0.006008,0.100002
B_impress_1000,221629697_1,934,0.006004,0.006004,0.100002
B_impress_1000,221629697_1,935,0.006004,0.006004,0.100002
B_impress_1000,221629697_1,936,0.006004,0.006004,0.100002
B_impress_1000,221629697_1,937,0.006004,0.006004,0.100002
B_impress_1000,221629697_1,938,0.006004,0.006004,0.100002
B_impress_1000,221629697_1,939,0.006004,0.006004,0.100002
B_impress_1000,221629697_1,940,0.006004,0.006004,0.100002
B_impress_1000,221629697_1,941,0.006004,0.006004,0.100002
B_impress_1000,221629697_1,942,0.006004,0.006004,0.100002
B_impress_1000,221629697_1,943,0.006008,0.006008,0.100002
B_impress_1000,221629697_1,944,0.006008,0.006008,0.100002
B_impress_1000,221629697_1,945,0.006004,0.006004,0.100002
B_impress_1000,221629697_1,946,0.006008,0.006008,0.100002
B_impress_1000,221629697_1,947,0.006004,0.006004,0.100002
B_impress_1000,221629697_1,948,0.006004,0.006004,0.100002
B_impress_1000,221629697_1,949,0.006008,0.006008,0.100002
B_impress_1000,221629697_1,950,0.006004,0.006004,0.100002
B_impress_1000,221629697_1,951,0.006004,0.006004,0.100002
B_impress_1000,221629697_1,952,0.006008,0.006008,0.100002
B_impress_1000,221629697_1,953,0.006008,0.006008,0.100002
B_impress_1000,221629697_1,954,0.006008,0.006008,0.100002
B_impress_1000,221629697_1,955,0.006004,0.006004,0.100002
B_impress_1000,221629697_1,956,0.006004,0.006004,0.100002
B_impress_1000,221629697_1,957,0.006004,0.006004,0.100002
B_impress_1000,221629697_1,958,0.006004,0.006004,0.100002
B_impress_1000,221629697_1,959,0.006004,0.006004,0.100002
B_impress_1000,221629697_1,960,0.006004,0.006004,0.100002
B_impress_1000,221629697_1,961,0.006008,0.006008,0.100002
B_impress_1000,221629697_1,962,0.006004,0.006004,0.100002
B_impress_1000,221629697_1,963,0.006008,0.006008,0.100002
B_impress_1000,221629697_1,964,0.006004,0.006004,0.100002
B_impress_1000,221629697_1,965,0.006004,0.006004,0.100002
B_impress_1000,221629697_1,966,0.006004,0.006004,0.100002
B_impress_1000,221629697_1,967,0.006004,0.006004,0.100002
B_impress_1000,221629697_1,968,0.006004,0.006004,0.100002
B_impress_1000,221629697_1,969,0.006004,0.006004,0.100002
B_impress_1000,221629697_1,970,0.006004,0.006004,0.100002
B_impress_1000,221629697_1,971,0.006004,0.006004,0.100002
B_impress_1000,221629697_1,972,0.006004,0.006004,0.100002
B_impress_1000,221629697_1,973,0.006004,0.006004,0.100002
B_impress_1000,221629697_1,974,0.006004,0.006004,0.100002
B_impress_1000,221629697_1,975,0.006004,0.006004,0.100002
B_impress_1000,221629697_1,976,0.006004,0.006004,0.100002
B_impress_1000,221629697_1,977,0.006004,0.006004,0.100002
B_impress_1000,221629697_1,978,0.006004,0.006004,0.100002
B_impress_1000,221629697_1,979,0.006004,0.006004,0.100002
B_impress_1000,221629697_1,980,0.006004,0.006004,0.100002
B_impress_1000,221629697_1,981,0.006004,0.006004,0.100002
B_impress_1000,221629697_1,982,0.006008,0.006008,0.100002
B_impress_1000,221629697_1,983,0.006004,0.006004,0.100002
B_impress_1000,221629697_1,984,0.006004,0.006004,0.100002
B_impress_1000,221629697_1,985,0.006004,0.006004,0.100002
B_impress_1000,221629697_1,986,0.006004,0.006004,0.100002
B_impress_1000,221629697_1,987,0.006004,0.006004,0.100002
B_impress_1000,221629697_1,988,0.006004,0.006004,0.100002
B_impress_1000,221629697_1,989,0.006004,0.006004,0.100002
B_impress_1000,221629697_1,990,0.006008,0.006008,0.100002
B_impress_1000,221629697_1,991,0.006004,0.006004,0.100002
B_impress_1000,221629697_1,992,0.006004,0.006004,0.100002
B_impress_1000,221629697_1,993,0.006004,0.006004,0.100002
B_impress_1000,221629697_1,994,0.006004,0.006004,0.100002
B_impress_1000,221629697_1,995,0.006004,0.006004,0.100002
B_impress_1000,221629697_1,996,0.006004,0.006004,0.100002
B_impress_1000,221629697_1,997,0.006008,0.006008,0.100002
B_impress_1000,221629697_1,998,0.006004,0.006004,0.100002
B_impress_1000,221629697_1,999,0.006004,0.006004,0.100002
B_impress_1000,221629697_1,1000,0.006004,0.006004,0.100002
